MFR URL,Ref URL 1,Ref URL 2,Ref URL 3,Ref URL 4,Ref URL 5,PART_NUMBER,Dept,Class,Fine,SKU - MY_PART_NUMBER,Mfg_Part_Num,Part_Desc,E1_Brand,Unilog_Brand,DIB_Brand,Part_Manuf,MANUFACTURER_NAME,BRAND_NAME,TRADE_NAME,MANUFACTURER_PART_NUMBER,ALTERNATE_PART_NUMBER,Classpath,MOBILE_DESC,INVOICE_DESC,SHORT_DESC,LONG_DESC1,RETAIL_DESC,MARKETING_DESCRIPTION,ITEM_FEATURES_1,ITEM_FEATURES_2,ITEM_FEATURES_3,ITEM_FEATURES_4,ITEM_FEATURES_5,ITEM_FEATURES_6,ITEM_FEATURES_7,ITEM_FEATURES_8,ITEM_FEATURES_9,ITEM_FEATURES_10,ITEM_FEATURES_11,ITEM_FEATURES_12,ITEM_FEATURES_13,ITEM_FEATURES_14,ITEM_FEATURES_15,ITEM_FEATURES_16,ITEM_FEATURES_17,ITEM_FEATURES_18,ITEM_FEATURES_19,ITEM_FEATURES_20,With,Standard/Approvals,Prop 65,Application,Includes,Product Name,ATTRIBUTE_LABEL 1,ATTRIBUTE_VALUE 1,ATTRIBUTE_UOM 1,ATTRIBUTE_LABEL 2,ATTRIBUTE_VALUE 2,ATTRIBUTE_UOM 2,ATTRIBUTE_LABEL 3,ATTRIBUTE_VALUE 3,ATTRIBUTE_UOM 3,ATTRIBUTE_LABEL 4,ATTRIBUTE_VALUE 4,ATTRIBUTE_UOM 4,ATTRIBUTE_LABEL 5,ATTRIBUTE_VALUE 5,ATTRIBUTE_UOM 5,ATTRIBUTE_LABEL 6,ATTRIBUTE_VALUE 6,ATTRIBUTE_UOM 6,ATTRIBUTE_LABEL 7,ATTRIBUTE_VALUE 7,ATTRIBUTE_UOM 7,ATTRIBUTE_LABEL 8,ATTRIBUTE_VALUE 8,ATTRIBUTE_UOM 8,ATTRIBUTE_LABEL 9,ATTRIBUTE_VALUE 9,ATTRIBUTE_UOM 9,ATTRIBUTE_LABEL 10,ATTRIBUTE_VALUE 10,ATTRIBUTE_UOM 10,ATTRIBUTE_LABEL 11,ATTRIBUTE_VALUE 11,ATTRIBUTE_UOM 11,ATTRIBUTE_LABEL 12,ATTRIBUTE_VALUE 12,ATTRIBUTE_UOM 12,ATTRIBUTE_LABEL 13,ATTRIBUTE_VALUE 13,ATTRIBUTE_UOM 13,ATTRIBUTE_LABEL 14,ATTRIBUTE_VALUE 14,ATTRIBUTE_UOM 14,ATTRIBUTE_LABEL 15,ATTRIBUTE_VALUE 15,ATTRIBUTE_UOM 15,ATTRIBUTE_LABEL 16,ATTRIBUTE_VALUE 16,ATTRIBUTE_UOM 16,ATTRIBUTE_LABEL 17,ATTRIBUTE_VALUE 17,ATTRIBUTE_UOM 17,ATTRIBUTE_LABEL 18,ATTRIBUTE_VALUE 18,ATTRIBUTE_UOM 18,ATTRIBUTE_LABEL 19,ATTRIBUTE_VALUE 19,ATTRIBUTE_UOM 19,ATTRIBUTE_LABEL 20,ATTRIBUTE_VALUE 20,ATTRIBUTE_UOM 20,ATTRIBUTE_LABEL 21,ATTRIBUTE_VALUE 21,ATTRIBUTE_UOM 21,ATTRIBUTE_LABEL 22,ATTRIBUTE_VALUE 22,ATTRIBUTE_UOM 22,ATTRIBUTE_LABEL 23,ATTRIBUTE_VALUE 23,ATTRIBUTE_UOM 23,ATTRIBUTE_LABEL 24,ATTRIBUTE_VALUE 24,ATTRIBUTE_UOM 24,ATTRIBUTE_LABEL 25,ATTRIBUTE_VALUE 25,ATTRIBUTE_UOM 25,ATTRIBUTE_LABEL 26,ATTRIBUTE_VALUE 26,ATTRIBUTE_UOM 26,ATTRIBUTE_LABEL 27,ATTRIBUTE_VALUE 27,ATTRIBUTE_UOM 27,ATTRIBUTE_LABEL 28,ATTRIBUTE_VALUE 28,ATTRIBUTE_UOM 28,ATTRIBUTE_LABEL 29,ATTRIBUTE_VALUE 29,ATTRIBUTE_UOM 29,ATTRIBUTE_LABEL 30,ATTRIBUTE_VALUE 30,ATTRIBUTE_UOM 30,ATTRIBUTE_LABEL 31,ATTRIBUTE_VALUE 31,ATTRIBUTE_UOM 31,ATTRIBUTE_LABEL 32,ATTRIBUTE_VALUE 32,ATTRIBUTE_UOM 32,ATTRIBUTE_LABEL 33,ATTRIBUTE_VALUE 33,ATTRIBUTE_UOM 33,ATTRIBUTE_LABEL 34,ATTRIBUTE_VALUE 34,ATTRIBUTE_UOM 34,ATTRIBUTE_LABEL 35,ATTRIBUTE_VALUE 35,ATTRIBUTE_UOM 35,ATTRIBUTE_LABEL 36,ATTRIBUTE_VALUE 36,ATTRIBUTE_UOM 36,ATTRIBUTE_LABEL 37,ATTRIBUTE_VALUE 37,ATTRIBUTE_UOM 37,ATTRIBUTE_LABEL 38,ATTRIBUTE_VALUE 38,ATTRIBUTE_UOM 38,ATTRIBUTE_LABEL 39,ATTRIBUTE_VALUE 39,ATTRIBUTE_UOM 39,ATTRIBUTE_LABEL 40,ATTRIBUTE_VALUE 40,ATTRIBUTE_UOM 40,ATTRIBUTE_LABEL 41,ATTRIBUTE_VALUE 41,ATTRIBUTE_UOM 41,ATTRIBUTE_LABEL 42,ATTRIBUTE_VALUE 42,ATTRIBUTE_UOM 42,ATTRIBUTE_LABEL 43,ATTRIBUTE_VALUE 43,ATTRIBUTE_UOM 43,ATTRIBUTE_LABEL 44,ATTRIBUTE_VALUE 44,ATTRIBUTE_UOM 44,ATTRIBUTE_LABEL 45,ATTRIBUTE_VALUE 45,ATTRIBUTE_UOM 45,ATTRIBUTE_LABEL 46,ATTRIBUTE_VALUE 46,ATTRIBUTE_UOM 46,ATTRIBUTE_LABEL 47,ATTRIBUTE_VALUE 47,ATTRIBUTE_UOM 47,ATTRIBUTE_LABEL 48,ATTRIBUTE_VALUE 48,ATTRIBUTE_UOM 48,ATTRIBUTE_LABEL 49,ATTRIBUTE_VALUE 49,ATTRIBUTE_UOM 49,ATTRIBUTE_LABEL 50,ATTRIBUTE_VALUE 50,ATTRIBUTE_UOM 50,UPC,EAN,GTIN,UNSPSC,Warranty,List Price,Selling Qty,Selling UOM,Standard Packaging Information,LENGTH,LENGTH_UOM,HEIGHT,HEIGHT_UOM,WIDTH,WIDTH_UOM,WEIGHT,WEIGHT_UOM,VOLUME,VOLUME_UOM,Product Image,Alternate Image 1,Alternate Image 2,Alternate Image 3,Alternate Image 4,SDS,SDS_1,Warranty Information,Catalog,Specification Sheet,Instruction/Installation Manual,Service Manual,Owners/User Manual,Line Drawing,MTR,RoHS,Full Engineering Drawing,Energy Star Guide,Technical Bulletin,Submittal,Compatibility Chart,Size Chart,Product Label/Insert,Video Link,Video Link 1,Country Of Origin,Discontinued,Actual Image (Yes/No)
,,,,,,,Tools,Power Tool Accessories,Abrasives,,DCB518ASTS06G,"DCB518ASTS06G Diablo 1/2""x18"" - Sanding Belt 6pc",-- Unbranded --,-- No Unilog Brand --,-- No DIB Brand --,Freud Inc (2435),Freud Inc,Diablo,,DCB518ASTS06G,,Tools & Hardware>Power Tool Accessories>Abrasives,"Freud Inc Diablo, Abrasive, DCB518ASTS06G, Sanding Belt, 6 per Package",ABRASIVE SND BELT,"Diablo DCB518ASTS06G Abrasive, Sanding Belt, 6-per Package","Diablo Abrasive, Sanding Belt, 6 per Package","Abrasive, Sanding Belt, 6-per Package",,,,,,,,,,,,,,,,,,,,,,,,,,,Abrasive,Abrasive Type,Sanding Belt,,Grit,,,Size,,,Quantity per Package,6,,Additional Information,,,,,,,,,,,,,,,,,,,,,,,,,,,,,,,,,,,,,,,,,,,,,,,,,,,,,,,,,,,,,,,,,,,,,,,,,,,,,,,,,,,,,,,,,,,,,,,,,,,,,,,,,,,,,,,,,,,,,,,,,,,,,,,,,,,,,,,,,,,,,31191500,,,,,,,,,,,,,,,,,,,,,,,,,,,,,,,,,,,,,,,,,,,
,,,,,,,Tools,Power Tool Accessories,Abrasives,,3MABR-7100075678,3M 775L Stikit Film P150 - Cubitron II 50 Disc/Box,-- Unbranded --,-- No Unilog Brand --,-- No DIB Brand --,Jam Industrial Supply LLC (JAMIN),3 M Co,3M,,3MABR-7100075678,,Tools & Hardware>Power Tool Accessories>Abrasives,"3 M Co 3M, Abrasive, 3MABR-7100075678, Sanding Disc, 150 Grit, 50 per Package",ABRASIVE SND DISC 150,"3M 3MABR-7100075678 Abrasive, Sanding Disc, 150-Grit, 50-per Package","3M Abrasive, Sanding Disc, 150 Grit, 50 per Package","Abrasive, Sanding Disc, 150-Grit, 50-per Package",,,,,,,,,,,,,,,,,,,,,,,,,,,Abrasive,Abrasive Type,Sanding Disc,,Grit,150,,Size,,,Quantity per Package,50,,Additional Information,,,,,,,,,,,,,,,,,,,,,,,,,,,,,,,,,,,,,,,,,,,,,,,,,,,,,,,,,,,,,,,,,,,,,,,,,,,,,,,,,,,,,,,,,,,,,,,,,,,,,,,,,,,,,,,,,,,,,,,,,,,,,,,,,,,,,,,,,,,,,31191500,,,,,,,,,,,,,,,,,,,,,,,,,,,,,,,,,,,,,,,,,,,
,,,,,,,Tools,Power Tool Accessories,Abrasives,,3MABR-7100045865,3M 775L Stikit Film P120 - Cubitron II 50 Disc/Box,-- Unbranded --,-- No Unilog Brand --,-- No DIB Brand --,Jam Industrial Supply LLC (JAMIN),3 M Co,3M,,3MABR-7100045865,,Tools & Hardware>Power Tool Accessories>Abrasives,"3 M Co 3M, Abrasive, 3MABR-7100045865, Sanding Disc, 120 Grit, 50 per Package",ABRASIVE SND DISC 120,"3M 3MABR-7100045865 Abrasive, Sanding Disc, 120-Grit, 50-per Package","3M Abrasive, Sanding Disc, 120 Grit, 50 per Package","Abrasive, Sanding Disc, 120-Grit, 50-per Package",,,,,,,,,,,,,,,,,,,,,,,,,,,Abrasive,Abrasive Type,Sanding Disc,,Grit,120,,Size,,,Quantity per Package,50,,Additional Information,,,,,,,,,,,,,,,,,,,,,,,,,,,,,,,,,,,,,,,,,,,,,,,,,,,,,,,,,,,,,,,,,,,,,,,,,,,,,,,,,,,,,,,,,,,,,,,,,,,,,,,,,,,,,,,,,,,,,,,,,,,,,,,,,,,,,,,,,,,,,31191500,,,,,,,,,,,,,,,,,,,,,,,,,,,,,,,,,,,,,,,,,,,
,,,,,,,Tools,Power Tool Accessories,Abrasives,,3MABR-7100048736,3M 775L Stikit Film P80 - Cubitron II 50 Disc/Box,-- Unbranded --,-- No Unilog Brand --,-- No DIB Brand --,Jam Industrial Supply LLC (JAMIN),3 M Co,3M,,3MABR-7100048736,,Tools & Hardware>Power Tool Accessories>Abrasives,"3 M Co 3M, Abrasive, 3MABR-7100048736, Sanding Disc, 80 Grit, 50 per Package",ABRASIVE SND DISC 80,"3M 3MABR-7100048736 Abrasive, Sanding Disc, 80-Grit, 50-per Package","3M Abrasive, Sanding Disc, 80 Grit, 50 per Package","Abrasive, Sanding Disc, 80-Grit, 50-per Package",,,,,,,,,,,,,,,,,,,,,,,,,,,Abrasive,Abrasive Type,Sanding Disc,,Grit,80,,Size,,,Quantity per Package,50,,Additional Information,,,,,,,,,,,,,,,,,,,,,,,,,,,,,,,,,,,,,,,,,,,,,,,,,,,,,,,,,,,,,,,,,,,,,,,,,,,,,,,,,,,,,,,,,,,,,,,,,,,,,,,,,,,,,,,,,,,,,,,,,,,,,,,,,,,,,,,,,,,,,31191500,,,,,,,,,,,,,,,,,,,,,,,,,,,,,,,,,,,,,,,,,,,
,,,,,,,Tools,Power Tool Accessories,Abrasives,,3MABR-7100075690,3M 775L Stikit Film P180 - Cubitron II 50 Disc/Box,-- Unbranded --,-- No Unilog Brand --,-- No DIB Brand --,Jam Industrial Supply LLC (JAMIN),3 M Co,3M,,3MABR-7100075690,,Tools & Hardware>Power Tool Accessories>Abrasives,"3 M Co 3M, Abrasive, 3MABR-7100075690, Sanding Disc, 180 Grit, 50 per Package",ABRASIVE SND DISC 180,"3M 3MABR-7100075690 Abrasive, Sanding Disc, 180-Grit, 50-per Package","3M Abrasive, Sanding Disc, 180 Grit, 50 per Package","Abrasive, Sanding Disc, 180-Grit, 50-per Package",,,,,,,,,,,,,,,,,,,,,,,,,,,Abrasive,Abrasive Type,Sanding Disc,,Grit,180,,Size,,,Quantity per Package,50,,Additional Information,,,,,,,,,,,,,,,,,,,,,,,,,,,,,,,,,,,,,,,,,,,,,,,,,,,,,,,,,,,,,,,,,,,,,,,,,,,,,,,,,,,,,,,,,,,,,,,,,,,,,,,,,,,,,,,,,,,,,,,,,,,,,,,,,,,,,,,,,,,,,31191500,,,,,,,,,,,,,,,,,,,,,,,,,,,,,,,,,,,,,,,,,,,
,,,,,,,Tools,Power Tool Accessories,Abrasives,,3MABR-7100075692,3M 775L Stikit Film P220 - Cubitron II 50 Disc/Box,-- Unbranded --,-- No Unilog Brand --,-- No DIB Brand --,Jam Industrial Supply LLC (JAMIN),3 M Co,3M,,3MABR-7100075692,,Tools & Hardware>Power Tool Accessories>Abrasives,"3 M Co 3M, Abrasive, 3MABR-7100075692, Sanding Disc, 220 Grit, 50 per Package",ABRASIVE SND DISC 220,"3M 3MABR-7100075692 Abrasive, Sanding Disc, 220-Grit, 50-per Package","3M Abrasive, Sanding Disc, 220 Grit, 50 per Package","Abrasive, Sanding Disc, 220-Grit, 50-per Package",,,,,,,,,,,,,,,,,,,,,,,,,,,Abrasive,Abrasive Type,Sanding Disc,,Grit,220,,Size,,,Quantity per Package,50,,Additional Information,,,,,,,,,,,,,,,,,,,,,,,,,,,,,,,,,,,,,,,,,,,,,,,,,,,,,,,,,,,,,,,,,,,,,,,,,,,,,,,,,,,,,,,,,,,,,,,,,,,,,,,,,,,,,,,,,,,,,,,,,,,,,,,,,,,,,,,,,,,,,31191500,,,,,,,,,,,,,,,,,,,,,,,,,,,,,,,,,,,,,,,,,,,
,,,,,,,Tools,Power Tool Accessories,Abrasives,,3MABR-7100145365,3M 775L Stikit Film P320 - Cubitron II 50 Disc/Box,-- Unbranded --,-- No Unilog Brand --,-- No DIB Brand --,Jam Industrial Supply LLC (JAMIN),3 M Co,3M,,3MABR-7100145365,,Tools & Hardware>Power Tool Accessories>Abrasives,"3 M Co 3M, Abrasive, 3MABR-7100145365, Sanding Disc, 320 Grit, 50 per Package",ABRASIVE SND DISC 320,"3M 3MABR-7100145365 Abrasive, Sanding Disc, 320-Grit, 50-per Package","3M Abrasive, Sanding Disc, 320 Grit, 50 per Package","Abrasive, Sanding Disc, 320-Grit, 50-per Package",,,,,,,,,,,,,,,,,,,,,,,,,,,Abrasive,Abrasive Type,Sanding Disc,,Grit,320,,Size,,,Quantity per Package,50,,Additional Information,,,,,,,,,,,,,,,,,,,,,,,,,,,,,,,,,,,,,,,,,,,,,,,,,,,,,,,,,,,,,,,,,,,,,,,,,,,,,,,,,,,,,,,,,,,,,,,,,,,,,,,,,,,,,,,,,,,,,,,,,,,,,,,,,,,,,,,,,,,,,31191500,,,,,,,,,,,,,,,,,,,,,,,,,,,,,,,,,,,,,,,,,,,
,,,,,,,Tools,Power Tool Accessories,Abrasives,,5B-332-080,"5B-332-080 HIOLIT 5"" P80",-- Unbranded --,-- No Unilog Brand --,-- No DIB Brand --,Mirka Abrasives Inc (MIRUS),Mirka Abrasives Inc,Mirka,,5B-332-080,,Tools & Hardware>Power Tool Accessories>Abrasives,"Mirka, Abrasive, 5B-332-080, 80 Grit",ABRASIVE 80,"Mirka 5B-332-080 Abrasive, 80-Grit","Mirka Abrasive, 80 Grit","Abrasive, 80-Grit",,,,,,,,,,,,,,,,,,,,,,,,,,,Abrasive,Abrasive Type,,,Grit,80,,Size,,,Quantity per Package,,,Additional Information,,,,,,,,,,,,,,,,,,,,,,,,,,,,,,,,,,,,,,,,,,,,,,,,,,,,,,,,,,,,,,,,,,,,,,,,,,,,,,,,,,,,,,,,,,,,,,,,,,,,,,,,,,,,,,,,,,,,,,,,,,,,,,,,,,,,,,,,,,,,,31191500,,,,,,,,,,,,,,,,,,,,,,,,,,,,,,,,,,,,,,,,,,,
,,,,,,,Tools,Power Tool Accessories,Abrasives,,5B-332-120,"5B-332-120 HIOLIT 5"" P120",-- Unbranded --,-- No Unilog Brand --,-- No DIB Brand --,Mirka Abrasives Inc (MIRUS),Mirka Abrasives Inc,Mirka,,5B-332-120,,Tools & Hardware>Power Tool Accessories>Abrasives,"Mirka, Abrasive, 5B-332-120, 120 Grit",ABRASIVE 120,"Mirka 5B-332-120 Abrasive, 120-Grit","Mirka Abrasive, 120 Grit","Abrasive, 120-Grit",,,,,,,,,,,,,,,,,,,,,,,,,,,Abrasive,Abrasive Type,,,Grit,120,,Size,,,Quantity per Package,,,Additional Information,,,,,,,,,,,,,,,,,,,,,,,,,,,,,,,,,,,,,,,,,,,,,,,,,,,,,,,,,,,,,,,,,,,,,,,,,,,,,,,,,,,,,,,,,,,,,,,,,,,,,,,,,,,,,,,,,,,,,,,,,,,,,,,,,,,,,,,,,,,,,31191500,,,,,,,,,,,,,,,,,,,,,,,,,,,,,,,,,,,,,,,,,,,
,,,,,,,Tools,Power Tool Accessories,Abrasives,,9A-570-240,9A-570-240 Abranet 2.75x30,-- Unbranded --,-- No Unilog Brand --,-- No DIB Brand --,Mirka Abrasives Inc (MIRUS),Mirka Abrasives Inc,Mirka,,9A-570-240,,Tools & Hardware>Power Tool Accessories>Abrasives,"Mirka, Abrasive, 9A-570-240, Abrasive Net",ABRASIVE ABR NET,"Mirka 9A-570-240 Abrasive, Abrasive Net","Mirka Abrasive, Abrasive Net","Abrasive, Abrasive Net",,,,,,,,,,,,,,,,,,,,,,,,,,,Abrasive,Abrasive Type,Abrasive Net,,Grit,,,Size,,,Quantity per Package,,,Additional Information,,,,,,,,,,,,,,,,,,,,,,,,,,,,,,,,,,,,,,,,,,,,,,,,,,,,,,,,,,,,,,,,,,,,,,,,,,,,,,,,,,,,,,,,,,,,,,,,,,,,,,,,,,,,,,,,,,,,,,,,,,,,,,,,,,,,,,,,,,,,,31191500,,,,,,,,,,,,,,,,,,,,,,,,,,,,,,,,,,,,,,,,,,,
,,,,,,,Tools,Power Tool Accessories,Abrasives,,9A-570-320,9A-570-320 Abranet 2.75x30,-- Unbranded --,-- No Unilog Brand --,-- No DIB Brand --,Mirka Abrasives Inc (MIRUS),Mirka Abrasives Inc,Mirka,,9A-570-320,,Tools & Hardware>Power Tool Accessories>Abrasives,"Mirka, Abrasive, 9A-570-320, Abrasive Net",ABRASIVE ABR NET,"Mirka 9A-570-320 Abrasive, Abrasive Net","Mirka Abrasive, Abrasive Net","Abrasive, Abrasive Net",,,,,,,,,,,,,,,,,,,,,,,,,,,Abrasive,Abrasive Type,Abrasive Net,,Grit,,,Size,,,Quantity per Package,,,Additional Information,,,,,,,,,,,,,,,,,,,,,,,,,,,,,,,,,,,,,,,,,,,,,,,,,,,,,,,,,,,,,,,,,,,,,,,,,,,,,,,,,,,,,,,,,,,,,,,,,,,,,,,,,,,,,,,,,,,,,,,,,,,,,,,,,,,,,,,,,,,,,31191500,,,,,,,,,,,,,,,,,,,,,,,,,,,,,,,,,,,,,,,,,,,
,,,,,,,Tools,Power Tool Accessories,Cutting & Grinding Wheels,,DBD090094101F,"DBD090094101F Diablo 9"" - Metal Cut-Off Disc",-- Unbranded --,-- No Unilog Brand --,-- No DIB Brand --,Freud Inc (2435),Freud Inc,Diablo,,DBD090094101F,,Tools & Hardware>Power Tool Accessories>Cutting & Grinding Wheels,"Freud Inc Diablo, Cut-Off Wheel, DBD090094101F, 9 in Diameter, 9 in Thickness",CUTOFF WHL 9IN 9IN 9IN,"Diablo DBD090094101F Cut-Off Wheel, 9 in Diameter, 9 in Thickness, 9 in Arbor Size, For Metal","Diablo Cut-Off Wheel, 9 in Diameter, 9 in Thickness, 9 in Arbor Size, For Metal","Cut-Off Wheel, 9 in Diameter, 9 in Thickness, 9 in Arbor Size, For Metal",,,,,,,,,,,,,,,,,,,,,,,,,,,Cut-Off Wheel,Wheel Type,Cut-Off Wheel,,Diameter,9,in,Thickness,9,in,Arbor Size,9,in,Application,Metal,,Quantity per Package,,,Additional Information,,,,,,,,,,,,,,,,,,,,,,,,,,,,,,,,,,,,,,,,,,,,,,,,,,,,,,,,,,,,,,,,,,,,,,,,,,,,,,,,,,,,,,,,,,,,,,,,,,,,,,,,,,,,,,,,,,,,,,,,,,,,,,,,,,,,,,,23241600,,,,,,,,,,,,,,,,,,,,,,,,,,,,,,,,,,,,,,,,,,,
,,,,,,,Tools,Power Tool Accessories,Cutting & Grinding Wheels,,DBDS12125A01F,"DBDS12125A01F Diablo 12"" - Steel Demon Metal Cut-Off Disc",-- Unbranded --,-- No Unilog Brand --,-- No DIB Brand --,Freud Inc (2435),Freud Inc,Diablo,,DBDS12125A01F,,Tools & Hardware>Power Tool Accessories>Cutting & Grinding Wheels,"Freud Inc Diablo, Cut-Off Wheel, DBDS12125A01F, 12 in Diameter, 12 in Thickness",CUTOFF WHL 12IN 12IN 12IN,"Diablo DBDS12125A01F Cut-Off Wheel, 12 in Diameter, 12 in Thickness, 12 in Arbor Size, For Metal","Diablo Cut-Off Wheel, 12 in Diameter, 12 in Thickness, 12 in Arbor Size, For Metal","Cut-Off Wheel, 12 in Diameter, 12 in Thickness, 12 in Arbor Size, For Metal",,,,,,,,,,,,,,,,,,,,,,,,,,,Cut-Off Wheel,Wheel Type,Cut-Off Wheel,,Diameter,12,in,Thickness,12,in,Arbor Size,12,in,Application,Metal,,Quantity per Package,,,Additional Information,,,,,,,,,,,,,,,,,,,,,,,,,,,,,,,,,,,,,,,,,,,,,,,,,,,,,,,,,,,,,,,,,,,,,,,,,,,,,,,,,,,,,,,,,,,,,,,,,,,,,,,,,,,,,,,,,,,,,,,,,,,,,,,,,,,,,,,23241600,,,,,,,,,,,,,,,,,,,,,,,,,,,,,,,,,,,,,,,,,,,
,,,,,,,Tools,Power Tool Accessories,Cutting & Grinding Wheels,,DBDS12125G01F,"DBDS12125G01F Diablo 12""x20mm - Speed Demon Metal Cut-Off Disc",-- Unbranded --,-- No Unilog Brand --,-- No DIB Brand --,Freud Inc (2435),Freud Inc,Diablo,,DBDS12125G01F,,Tools & Hardware>Power Tool Accessories>Cutting & Grinding Wheels,"Freud Inc Diablo, Cut-Off Wheel, DBDS12125G01F, 12 in Diameter, 20 in Thickness",CUTOFF WHL 12IN 20IN,"Diablo DBDS12125G01F Cut-Off Wheel, 12 in Diameter, 20 in Thickness, For Metal","Diablo Cut-Off Wheel, 12 in Diameter, 20 in Thickness, For Metal","Cut-Off Wheel, 12 in Diameter, 20 in Thickness, For Metal",,,,,,,,,,,,,,,,,,,,,,,,,,,Cut-Off Wheel,Wheel Type,Cut-Off Wheel,,Diameter,12,in,Thickness,20,in,Arbor Size,,,Application,Metal,,Quantity per Package,,,Additional Information,,,,,,,,,,,,,,,,,,,,,,,,,,,,,,,,,,,,,,,,,,,,,,,,,,,,,,,,,,,,,,,,,,,,,,,,,,,,,,,,,,,,,,,,,,,,,,,,,,,,,,,,,,,,,,,,,,,,,,,,,,,,,,,,,,,,,,,23241600,,,,,,,,,,,,,,,,,,,,,,,,,,,,,,,,,,,,,,,,,,,
,,,,,,,Tools,Power Tool Accessories,Cutting & Grinding Wheels,,DBDS14125A01F,"DBDS14125A01F Diablo 14""x1"" - Steel Demon Metal Cut-Off Disc",-- Unbranded --,-- No Unilog Brand --,-- No DIB Brand --,Freud Inc (2435),Freud Inc,Diablo,,DBDS14125A01F,,Tools & Hardware>Power Tool Accessories>Cutting & Grinding Wheels,"Freud Inc Diablo, Cut-Off Wheel, DBDS14125A01F, 14 in Diameter, 1 in Thickness",CUTOFF WHL 14IN 1IN,"Diablo DBDS14125A01F Cut-Off Wheel, 14 in Diameter, 1 in Thickness, For Metal","Diablo Cut-Off Wheel, 14 in Diameter, 1 in Thickness, For Metal","Cut-Off Wheel, 14 in Diameter, 1 in Thickness, For Metal",,,,,,,,,,,,,,,,,,,,,,,,,,,Cut-Off Wheel,Wheel Type,Cut-Off Wheel,,Diameter,14,in,Thickness,1,in,Arbor Size,,,Application,Metal,,Quantity per Package,,,Additional Information,,,,,,,,,,,,,,,,,,,,,,,,,,,,,,,,,,,,,,,,,,,,,,,,,,,,,,,,,,,,,,,,,,,,,,,,,,,,,,,,,,,,,,,,,,,,,,,,,,,,,,,,,,,,,,,,,,,,,,,,,,,,,,,,,,,,,,,23241600,,,,,,,,,,,,,,,,,,,,,,,,,,,,,,,,,,,,,,,,,,,
,,,,,,,Tools,Power Tool Accessories,Cutting & Grinding Wheels,,DBDS14125G01F,"DBDS14125G01F Diablo 14""x20mm - Steel Demon Metal Cut-Off Disc",-- Unbranded --,-- No Unilog Brand --,-- No DIB Brand --,Freud Inc (2435),Freud Inc,Diablo,,DBDS14125G01F,,Tools & Hardware>Power Tool Accessories>Cutting & Grinding Wheels,"Freud Inc Diablo, Cut-Off Wheel, DBDS14125G01F, 14 in Diameter, 20 in Thickness",CUTOFF WHL 14IN 20IN,"Diablo DBDS14125G01F Cut-Off Wheel, 14 in Diameter, 20 in Thickness, For Metal","Diablo Cut-Off Wheel, 14 in Diameter, 20 in Thickness, For Metal","Cut-Off Wheel, 14 in Diameter, 20 in Thickness, For Metal",,,,,,,,,,,,,,,,,,,,,,,,,,,Cut-Off Wheel,Wheel Type,Cut-Off Wheel,,Diameter,14,in,Thickness,20,in,Arbor Size,,,Application,Metal,,Quantity per Package,,,Additional Information,,,,,,,,,,,,,,,,,,,,,,,,,,,,,,,,,,,,,,,,,,,,,,,,,,,,,,,,,,,,,,,,,,,,,,,,,,,,,,,,,,,,,,,,,,,,,,,,,,,,,,,,,,,,,,,,,,,,,,,,,,,,,,,,,,,,,,,23241600,,,,,,,,,,,,,,,,,,,,,,,,,,,,,,,,,,,,,,,,,,,
,,,,,,,Tools,Power Tool Accessories,Cutting & Grinding Wheels,,49-94-0013,"49-94-0013 Milw 5""x.045""x7/8"" Metal Cut Off Disc",-- Unbranded --,-- No Unilog Brand --,-- No DIB Brand --,Milwaukee Accessory (4031),Milwaukee Accessory,Milwaukee,,49-94-0013,,Tools & Hardware>Power Tool Accessories>Cutting & Grinding Wheels,"Milwaukee, Cut-Off Wheel, 49-94-0013, 5 in Diameter, 0.045 in Thickness",CUTOFF WHL 5IN 0.045IN 7/8IN,"Milwaukee 49-94-0013 Cut-Off Wheel, 5 in Diameter, 0.045 in Thickness, 7/8 in Arbor Size, For Metal","Milwaukee Cut-Off Wheel, 5 in Diameter, 0.045 in Thickness, 7/8 in Arbor Size, For Metal","Cut-Off Wheel, 5 in Diameter, 0.045 in Thickness, 7/8 in Arbor Size, For Metal",,,,,,,,,,,,,,,,,,,,,,,,,,,Cut-Off Wheel,Wheel Type,Cut-Off Wheel,,Diameter,5,in,Thickness,0.045,in,Arbor Size,7/8,in,Application,Metal,,Quantity per Package,,,Additional Information,,,,,,,,,,,,,,,,,,,,,,,,,,,,,,,,,,,,,,,,,,,,,,,,,,,,,,,,,,,,,,,,,,,,,,,,,,,,,,,,,,,,,,,,,,,,,,,,,,,,,,,,,,,,,,,,,,,,,,,,,,,,,,,,,,,,,,,23241600,,,,,,,,,,,,,,,,,,,,,,,,,,,,,,,,,,,,,,,,,,,
,,,,,,,Tools,Power Tool Accessories,Cutting & Grinding Wheels,,49-94-0029,"49-94-0029 Milw 6-1/2""x1/8""x5/8"" DKO Metal Cut Off Disc",-- Unbranded --,-- No Unilog Brand --,-- No DIB Brand --,Milwaukee Accessory (4031),Milwaukee Accessory,Milwaukee,,49-94-0029,,Tools & Hardware>Power Tool Accessories>Cutting & Grinding Wheels,"Milwaukee, Cut-Off Wheel, 49-94-0029, 6-1/2 in Diameter, 1/8 in Thickness",CUTOFF WHL 6-1/2IN 1/8IN 5/8IN,"Milwaukee 49-94-0029 Cut-Off Wheel, 6-1/2 in Diameter, 1/8 in Thickness, 5/8 in Arbor Size, For Metal","Milwaukee Cut-Off Wheel, 6-1/2 in Diameter, 1/8 in Thickness, 5/8 in Arbor Size, For Metal","Cut-Off Wheel, 6-1/2 in Diameter, 1/8 in Thickness, 5/8 in Arbor Size, For Metal",,,,,,,,,,,,,,,,,,,,,,,,,,,Cut-Off Wheel,Wheel Type,Cut-Off Wheel,,Diameter,6-1/2,in,Thickness,1/8,in,Arbor Size,5/8,in,Application,Metal,,Quantity per Package,,,Additional Information,,,,,,,,,,,,,,,,,,,,,,,,,,,,,,,,,,,,,,,,,,,,,,,,,,,,,,,,,,,,,,,,,,,,,,,,,,,,,,,,,,,,,,,,,,,,,,,,,,,,,,,,,,,,,,,,,,,,,,,,,,,,,,,,,,,,,,,23241600,,,,,,,,,,,,,,,,,,,,,,,,,,,,,,,,,,,,,,,,,,,
,,,,,,,Tools,Power Tool Accessories,Cutting & Grinding Wheels,,49-94-0033,"49-94-0033 Milw 7""x1/16""x7/8"" Metal Cut Off Disc",-- Unbranded --,-- No Unilog Brand --,-- No DIB Brand --,Milwaukee Accessory (4031),Milwaukee Accessory,Milwaukee,,49-94-0033,,Tools & Hardware>Power Tool Accessories>Cutting & Grinding Wheels,"Milwaukee, Cut-Off Wheel, 49-94-0033, 7 in Diameter, 1/16 in Thickness",CUTOFF WHL 7IN 1/16IN 7/8IN,"Milwaukee 49-94-0033 Cut-Off Wheel, 7 in Diameter, 1/16 in Thickness, 7/8 in Arbor Size, For Metal","Milwaukee Cut-Off Wheel, 7 in Diameter, 1/16 in Thickness, 7/8 in Arbor Size, For Metal","Cut-Off Wheel, 7 in Diameter, 1/16 in Thickness, 7/8 in Arbor Size, For Metal",,,,,,,,,,,,,,,,,,,,,,,,,,,Cut-Off Wheel,Wheel Type,Cut-Off Wheel,,Diameter,7,in,Thickness,1/16,in,Arbor Size,7/8,in,Application,Metal,,Quantity per Package,,,Additional Information,,,,,,,,,,,,,,,,,,,,,,,,,,,,,,,,,,,,,,,,,,,,,,,,,,,,,,,,,,,,,,,,,,,,,,,,,,,,,,,,,,,,,,,,,,,,,,,,,,,,,,,,,,,,,,,,,,,,,,,,,,,,,,,,,,,,,,,23241600,,,,,,,,,,,,,,,,,,,,,,,,,,,,,,,,,,,,,,,,,,,
,,,,,,,Tools,Power Tool Accessories,Cutting & Grinding Wheels,,49-94-0001,"49-94-0001 Milw 4""x.040""x5/8"" Metal Cut Off Disc",-- Unbranded --,-- No Unilog Brand --,-- No DIB Brand --,Milwaukee Accessory (4031),Milwaukee Accessory,Milwaukee,,49-94-0001,,Tools & Hardware>Power Tool Accessories>Cutting & Grinding Wheels,"Milwaukee, Cut-Off Wheel, 49-94-0001, 4 in Diameter, 0.040 in Thickness",CUTOFF WHL 4IN 0.040IN 5/8IN,"Milwaukee 49-94-0001 Cut-Off Wheel, 4 in Diameter, 0.040 in Thickness, 5/8 in Arbor Size, For Metal","Milwaukee Cut-Off Wheel, 4 in Diameter, 0.040 in Thickness, 5/8 in Arbor Size, For Metal","Cut-Off Wheel, 4 in Diameter, 0.040 in Thickness, 5/8 in Arbor Size, For Metal",,,,,,,,,,,,,,,,,,,,,,,,,,,Cut-Off Wheel,Wheel Type,Cut-Off Wheel,,Diameter,4,in,Thickness,0.040,in,Arbor Size,5/8,in,Application,Metal,,Quantity per Package,,,Additional Information,,,,,,,,,,,,,,,,,,,,,,,,,,,,,,,,,,,,,,,,,,,,,,,,,,,,,,,,,,,,,,,,,,,,,,,,,,,,,,,,,,,,,,,,,,,,,,,,,,,,,,,,,,,,,,,,,,,,,,,,,,,,,,,,,,,,,,,23241600,,,,,,,,,,,,,,,,,,,,,,,,,,,,,,,,,,,,,,,,,,,
,,,,,,,Tools,Power Tool Accessories,Cutting & Grinding Wheels,,49-94-0039,"49-94-0039 Milw 7""x1/8""x5/8"" DKO Metal Cut Off Disc",-- Unbranded --,-- No Unilog Brand --,-- No DIB Brand --,Milwaukee Accessory (4031),Milwaukee Accessory,Milwaukee,,49-94-0039,,Tools & Hardware>Power Tool Accessories>Cutting & Grinding Wheels,"Milwaukee, Cut-Off Wheel, 49-94-0039, 7 in Diameter, 1/8 in Thickness",CUTOFF WHL 7IN 1/8IN 5/8IN,"Milwaukee 49-94-0039 Cut-Off Wheel, 7 in Diameter, 1/8 in Thickness, 5/8 in Arbor Size, For Metal","Milwaukee Cut-Off Wheel, 7 in Diameter, 1/8 in Thickness, 5/8 in Arbor Size, For Metal","Cut-Off Wheel, 7 in Diameter, 1/8 in Thickness, 5/8 in Arbor Size, For Metal",,,,,,,,,,,,,,,,,,,,,,,,,,,Cut-Off Wheel,Wheel Type,Cut-Off Wheel,,Diameter,7,in,Thickness,1/8,in,Arbor Size,5/8,in,Application,Metal,,Quantity per Package,,,Additional Information,,,,,,,,,,,,,,,,,,,,,,,,,,,,,,,,,,,,,,,,,,,,,,,,,,,,,,,,,,,,,,,,,,,,,,,,,,,,,,,,,,,,,,,,,,,,,,,,,,,,,,,,,,,,,,,,,,,,,,,,,,,,,,,,,,,,,,,23241600,,,,,,,,,,,,,,,,,,,,,,,,,,,,,,,,,,,,,,,,,,,
,,,,,,,Tools,Power Tool Accessories,Cutting & Grinding Wheels,,49-94-0043,"49-94-0043 Milw 9""x3/32""x7/8"" Metal Cut Off Disc",-- Unbranded --,-- No Unilog Brand --,-- No DIB Brand --,Milwaukee Accessory (4031),Milwaukee Accessory,Milwaukee,,49-94-0043,,Tools & Hardware>Power Tool Accessories>Cutting & Grinding Wheels,"Milwaukee, Cut-Off Wheel, 49-94-0043, 9 in Diameter, 3/32 in Thickness",CUTOFF WHL 9IN 3/32IN 7/8IN,"Milwaukee 49-94-0043 Cut-Off Wheel, 9 in Diameter, 3/32 in Thickness, 7/8 in Arbor Size, For Metal","Milwaukee Cut-Off Wheel, 9 in Diameter, 3/32 in Thickness, 7/8 in Arbor Size, For Metal","Cut-Off Wheel, 9 in Diameter, 3/32 in Thickness, 7/8 in Arbor Size, For Metal",,,,,,,,,,,,,,,,,,,,,,,,,,,Cut-Off Wheel,Wheel Type,Cut-Off Wheel,,Diameter,9,in,Thickness,3/32,in,Arbor Size,7/8,in,Application,Metal,,Quantity per Package,,,Additional Information,,,,,,,,,,,,,,,,,,,,,,,,,,,,,,,,,,,,,,,,,,,,,,,,,,,,,,,,,,,,,,,,,,,,,,,,,,,,,,,,,,,,,,,,,,,,,,,,,,,,,,,,,,,,,,,,,,,,,,,,,,,,,,,,,,,,,,,23241600,,,,,,,,,,,,,,,,,,,,,,,,,,,,,,,,,,,,,,,,,,,
,,,,,,,Tools,Power Tool Accessories,Cutting & Grinding Wheels,,49-94-0048,"49-94-0048 Milw 12""x7/64""x1"" Metal Cut Off Disc General Purpose",-- Unbranded --,-- No Unilog Brand --,-- No DIB Brand --,Milwaukee Accessory (4031),Milwaukee Accessory,Milwaukee,,49-94-0048,,Tools & Hardware>Power Tool Accessories>Cutting & Grinding Wheels,"Milwaukee, Cut-Off Wheel, 49-94-0048, 12 in Diameter, 7/64 in Thickness",CUTOFF WHL 12IN 7/64IN 1IN,"Milwaukee 49-94-0048 Cut-Off Wheel, 12 in Diameter, 7/64 in Thickness, 1 in Arbor Size, For Metal","Milwaukee Cut-Off Wheel, 12 in Diameter, 7/64 in Thickness, 1 in Arbor Size, For Metal","Cut-Off Wheel, 12 in Diameter, 7/64 in Thickness, 1 in Arbor Size, For Metal",,,,,,,,,,,,,,,,,,,,,,,,,,,Cut-Off Wheel,Wheel Type,Cut-Off Wheel,,Diameter,12,in,Thickness,7/64,in,Arbor Size,1,in,Application,Metal,,Quantity per Package,,,Additional Information,,,,,,,,,,,,,,,,,,,,,,,,,,,,,,,,,,,,,,,,,,,,,,,,,,,,,,,,,,,,,,,,,,,,,,,,,,,,,,,,,,,,,,,,,,,,,,,,,,,,,,,,,,,,,,,,,,,,,,,,,,,,,,,,,,,,,,,23241600,,,,,,,,,,,,,,,,,,,,,,,,,,,,,,,,,,,,,,,,,,,
,,,,,,,Tools,Power Tool Accessories,Cutting & Grinding Wheels,,49-94-0053,"49-94-0053 Milw 12""x1/8""x1"" Metal Cut Off Disc",-- Unbranded --,-- No Unilog Brand --,-- No DIB Brand --,Milwaukee Accessory (4031),Milwaukee Accessory,Milwaukee,,49-94-0053,,Tools & Hardware>Power Tool Accessories>Cutting & Grinding Wheels,"Milwaukee, Cut-Off Wheel, 49-94-0053, 12 in Diameter, 1/8 in Thickness",CUTOFF WHL 12IN 1/8IN 1IN,"Milwaukee 49-94-0053 Cut-Off Wheel, 12 in Diameter, 1/8 in Thickness, 1 in Arbor Size, For Metal","Milwaukee Cut-Off Wheel, 12 in Diameter, 1/8 in Thickness, 1 in Arbor Size, For Metal","Cut-Off Wheel, 12 in Diameter, 1/8 in Thickness, 1 in Arbor Size, For Metal",,,,,,,,,,,,,,,,,,,,,,,,,,,Cut-Off Wheel,Wheel Type,Cut-Off Wheel,,Diameter,12,in,Thickness,1/8,in,Arbor Size,1,in,Application,Metal,,Quantity per Package,,,Additional Information,,,,,,,,,,,,,,,,,,,,,,,,,,,,,,,,,,,,,,,,,,,,,,,,,,,,,,,,,,,,,,,,,,,,,,,,,,,,,,,,,,,,,,,,,,,,,,,,,,,,,,,,,,,,,,,,,,,,,,,,,,,,,,,,,,,,,,,23241600,,,,,,,,,,,,,,,,,,,,,,,,,,,,,,,,,,,,,,,,,,,
,,,,,,,Tools,Power Tool Accessories,Cutting & Grinding Wheels,,49-94-0058,"49-94-0058 Milw 12""x1/8""x20mm Metal Cut Off Disc",-- Unbranded --,-- No Unilog Brand --,-- No DIB Brand --,Milwaukee Accessory (4031),Milwaukee Accessory,Milwaukee,,49-94-0058,,Tools & Hardware>Power Tool Accessories>Cutting & Grinding Wheels,"Milwaukee, Cut-Off Wheel, 49-94-0058, 12 in Diameter, 1/8 in Thickness",CUTOFF WHL 12IN 1/8IN 20IN,"Milwaukee 49-94-0058 Cut-Off Wheel, 12 in Diameter, 1/8 in Thickness, 20 in Arbor Size, For Metal","Milwaukee Cut-Off Wheel, 12 in Diameter, 1/8 in Thickness, 20 in Arbor Size, For Metal","Cut-Off Wheel, 12 in Diameter, 1/8 in Thickness, 20 in Arbor Size, For Metal",,,,,,,,,,,,,,,,,,,,,,,,,,,Cut-Off Wheel,Wheel Type,Cut-Off Wheel,,Diameter,12,in,Thickness,1/8,in,Arbor Size,20,in,Application,Metal,,Quantity per Package,,,Additional Information,,,,,,,,,,,,,,,,,,,,,,,,,,,,,,,,,,,,,,,,,,,,,,,,,,,,,,,,,,,,,,,,,,,,,,,,,,,,,,,,,,,,,,,,,,,,,,,,,,,,,,,,,,,,,,,,,,,,,,,,,,,,,,,,,,,,,,,23241600,,,,,,,,,,,,,,,,,,,,,,,,,,,,,,,,,,,,,,,,,,,
,,,,,,,Tools,Power Tool Accessories,Cutting & Grinding Wheels,,49-94-0063,"49-94-0063 Milw 14""x7/64""x1"" Metal Cut Off Disc General Purpose",-- Unbranded --,-- No Unilog Brand --,-- No DIB Brand --,Milwaukee Accessory (4031),Milwaukee Accessory,Milwaukee,,49-94-0063,,Tools & Hardware>Power Tool Accessories>Cutting & Grinding Wheels,"Milwaukee, Cut-Off Wheel, 49-94-0063, 14 in Diameter, 7/64 in Thickness",CUTOFF WHL 14IN 7/64IN 1IN,"Milwaukee 49-94-0063 Cut-Off Wheel, 14 in Diameter, 7/64 in Thickness, 1 in Arbor Size, For Metal","Milwaukee Cut-Off Wheel, 14 in Diameter, 7/64 in Thickness, 1 in Arbor Size, For Metal","Cut-Off Wheel, 14 in Diameter, 7/64 in Thickness, 1 in Arbor Size, For Metal",,,,,,,,,,,,,,,,,,,,,,,,,,,Cut-Off Wheel,Wheel Type,Cut-Off Wheel,,Diameter,14,in,Thickness,7/64,in,Arbor Size,1,in,Application,Metal,,Quantity per Package,,,Additional Information,,,,,,,,,,,,,,,,,,,,,,,,,,,,,,,,,,,,,,,,,,,,,,,,,,,,,,,,,,,,,,,,,,,,,,,,,,,,,,,,,,,,,,,,,,,,,,,,,,,,,,,,,,,,,,,,,,,,,,,,,,,,,,,,,,,,,,,23241600,,,,,,,,,,,,,,,,,,,,,,,,,,,,,,,,,,,,,,,,,,,
,,,,,,,Tools,Power Tool Accessories,Cutting & Grinding Wheels,,49-94-0068,"49-94-0068 Milw 14""x1/8""x20mm Metal Cut Off Disc",-- Unbranded --,-- No Unilog Brand --,-- No DIB Brand --,Milwaukee Accessory (4031),Milwaukee Accessory,Milwaukee,,49-94-0068,,Tools & Hardware>Power Tool Accessories>Cutting & Grinding Wheels,"Milwaukee, Cut-Off Wheel, 49-94-0068, 14 in Diameter, 1/8 in Thickness",CUTOFF WHL 14IN 1/8IN 20IN,"Milwaukee 49-94-0068 Cut-Off Wheel, 14 in Diameter, 1/8 in Thickness, 20 in Arbor Size, For Metal","Milwaukee Cut-Off Wheel, 14 in Diameter, 1/8 in Thickness, 20 in Arbor Size, For Metal","Cut-Off Wheel, 14 in Diameter, 1/8 in Thickness, 20 in Arbor Size, For Metal",,,,,,,,,,,,,,,,,,,,,,,,,,,Cut-Off Wheel,Wheel Type,Cut-Off Wheel,,Diameter,14,in,Thickness,1/8,in,Arbor Size,20,in,Application,Metal,,Quantity per Package,,,Additional Information,,,,,,,,,,,,,,,,,,,,,,,,,,,,,,,,,,,,,,,,,,,,,,,,,,,,,,,,,,,,,,,,,,,,,,,,,,,,,,,,,,,,,,,,,,,,,,,,,,,,,,,,,,,,,,,,,,,,,,,,,,,,,,,,,,,,,,,23241600,,,,,,,,,,,,,,,,,,,,,,,,,,,,,,,,,,,,,,,,,,,
,,,,,,,Tools,Power Tool Accessories,Cutting & Grinding Wheels,,49-94-0073,"49-94-0073 Milw 14""x1/8""x1"" Metal Cut Off Disc",-- Unbranded --,-- No Unilog Brand --,-- No DIB Brand --,Milwaukee Accessory (4031),Milwaukee Accessory,Milwaukee,,49-94-0073,,Tools & Hardware>Power Tool Accessories>Cutting & Grinding Wheels,"Milwaukee, Cut-Off Wheel, 49-94-0073, 14 in Diameter, 1/8 in Thickness",CUTOFF WHL 14IN 1/8IN 1IN,"Milwaukee 49-94-0073 Cut-Off Wheel, 14 in Diameter, 1/8 in Thickness, 1 in Arbor Size, For Metal","Milwaukee Cut-Off Wheel, 14 in Diameter, 1/8 in Thickness, 1 in Arbor Size, For Metal","Cut-Off Wheel, 14 in Diameter, 1/8 in Thickness, 1 in Arbor Size, For Metal",,,,,,,,,,,,,,,,,,,,,,,,,,,Cut-Off Wheel,Wheel Type,Cut-Off Wheel,,Diameter,14,in,Thickness,1/8,in,Arbor Size,1,in,Application,Metal,,Quantity per Package,,,Additional Information,,,,,,,,,,,,,,,,,,,,,,,,,,,,,,,,,,,,,,,,,,,,,,,,,,,,,,,,,,,,,,,,,,,,,,,,,,,,,,,,,,,,,,,,,,,,,,,,,,,,,,,,,,,,,,,,,,,,,,,,,,,,,,,,,,,,,,,23241600,,,,,,,,,,,,,,,,,,,,,,,,,,,,,,,,,,,,,,,,,,,
,,,,,,,Tools,Power Tool Accessories,Cutting & Grinding Wheels,,49-94-0101,"49-94-0101 Milw 4-1/2""x.045""x7/8"" Perform+ Metal Cut Off Disc 10pc",-- Unbranded --,-- No Unilog Brand --,-- No DIB Brand --,Milwaukee Accessory (4031),Milwaukee Accessory,Milwaukee,,49-94-0101,,Tools & Hardware>Power Tool Accessories>Cutting & Grinding Wheels,"Milwaukee, Cut-Off Wheel, 49-94-0101, 4-1/2 in Diameter, 0.045 in Thickness",CUTOFF WHL 4-1/2IN 0.045IN 7/8IN,"Milwaukee 49-94-0101 Cut-Off Wheel, 4-1/2 in Diameter, 0.045 in Thickness, 7/8 in Arbor Size, For Metal","Milwaukee Cut-Off Wheel, 4-1/2 in Diameter, 0.045 in Thickness, 7/8 in Arbor Size, For Metal, 10 per Package","Cut-Off Wheel, 4-1/2 in Diameter, 0.045 in Thickness, 7/8 in Arbor Size, For Metal",,,,,,,,,,,,,,,,,,,,,,,,,,,Cut-Off Wheel,Wheel Type,Cut-Off Wheel,,Diameter,4-1/2,in,Thickness,0.045,in,Arbor Size,7/8,in,Application,Metal,,Quantity per Package,10,,Additional Information,,,,,,,,,,,,,,,,,,,,,,,,,,,,,,,,,,,,,,,,,,,,,,,,,,,,,,,,,,,,,,,,,,,,,,,,,,,,,,,,,,,,,,,,,,,,,,,,,,,,,,,,,,,,,,,,,,,,,,,,,,,,,,,,,,,,,,,23241600,,,,,,,,,,,,,,,,,,,,,,,,,,,,,,,,,,,,,,,,,,,
,,,,,,,Tools,Power Tool Accessories,Cutting & Grinding Wheels,,49-94-0107,"49-94-0107 Milw 4-1/2""x.045""x7/8"" Performance+ Metal Cut Off Disc",-- Unbranded --,-- No Unilog Brand --,-- No DIB Brand --,Milwaukee Accessory (4031),Milwaukee Accessory,Milwaukee,,49-94-0107,,Tools & Hardware>Power Tool Accessories>Cutting & Grinding Wheels,"Milwaukee, Cut-Off Wheel, 49-94-0107, 4-1/2 in Diameter, 0.045 in Thickness",CUTOFF WHL 4-1/2IN 0.045IN 7/8IN,"Milwaukee 49-94-0107 Cut-Off Wheel, 4-1/2 in Diameter, 0.045 in Thickness, 7/8 in Arbor Size, For Metal","Milwaukee Cut-Off Wheel, 4-1/2 in Diameter, 0.045 in Thickness, 7/8 in Arbor Size, For Metal","Cut-Off Wheel, 4-1/2 in Diameter, 0.045 in Thickness, 7/8 in Arbor Size, For Metal",,,,,,,,,,,,,,,,,,,,,,,,,,,Cut-Off Wheel,Wheel Type,Cut-Off Wheel,,Diameter,4-1/2,in,Thickness,0.045,in,Arbor Size,7/8,in,Application,Metal,,Quantity per Package,,,Additional Information,,,,,,,,,,,,,,,,,,,,,,,,,,,,,,,,,,,,,,,,,,,,,,,,,,,,,,,,,,,,,,,,,,,,,,,,,,,,,,,,,,,,,,,,,,,,,,,,,,,,,,,,,,,,,,,,,,,,,,,,,,,,,,,,,,,,,,,23241600,,,,,,,,,,,,,,,,,,,,,,,,,,,,,,,,,,,,,,,,,,,
,,,,,,,Tools,Power Tool Accessories,Cutting & Grinding Wheels,,49-94-0117,"49-94-0117 Milw 5""x.045""x7/8"" Performance+ Metal Cut Off Disc",-- Unbranded --,-- No Unilog Brand --,-- No DIB Brand --,Milwaukee Accessory (4031),Milwaukee Accessory,Milwaukee,,49-94-0117,,Tools & Hardware>Power Tool Accessories>Cutting & Grinding Wheels,"Milwaukee, Cut-Off Wheel, 49-94-0117, 5 in Diameter, 0.045 in Thickness",CUTOFF WHL 5IN 0.045IN 7/8IN,"Milwaukee 49-94-0117 Cut-Off Wheel, 5 in Diameter, 0.045 in Thickness, 7/8 in Arbor Size, For Metal","Milwaukee Cut-Off Wheel, 5 in Diameter, 0.045 in Thickness, 7/8 in Arbor Size, For Metal","Cut-Off Wheel, 5 in Diameter, 0.045 in Thickness, 7/8 in Arbor Size, For Metal",,,,,,,,,,,,,,,,,,,,,,,,,,,Cut-Off Wheel,Wheel Type,Cut-Off Wheel,,Diameter,5,in,Thickness,0.045,in,Arbor Size,7/8,in,Application,Metal,,Quantity per Package,,,Additional Information,,,,,,,,,,,,,,,,,,,,,,,,,,,,,,,,,,,,,,,,,,,,,,,,,,,,,,,,,,,,,,,,,,,,,,,,,,,,,,,,,,,,,,,,,,,,,,,,,,,,,,,,,,,,,,,,,,,,,,,,,,,,,,,,,,,,,,,23241600,,,,,,,,,,,,,,,,,,,,,,,,,,,,,,,,,,,,,,,,,,,
,,,,,,,Tools,Power Tool Accessories,Cutting & Grinding Wheels,,49-94-0123,"49-94-0123 Milw 6""x.045""x7/8"" Performance+ Metal Cut Off Disc",-- Unbranded --,-- No Unilog Brand --,-- No DIB Brand --,Milwaukee Accessory (4031),Milwaukee Accessory,Milwaukee,,49-94-0123,,Tools & Hardware>Power Tool Accessories>Cutting & Grinding Wheels,"Milwaukee, Cut-Off Wheel, 49-94-0123, 6 in Diameter, 0.045 in Thickness",CUTOFF WHL 6IN 0.045IN 7/8IN,"Milwaukee 49-94-0123 Cut-Off Wheel, 6 in Diameter, 0.045 in Thickness, 7/8 in Arbor Size, For Metal","Milwaukee Cut-Off Wheel, 6 in Diameter, 0.045 in Thickness, 7/8 in Arbor Size, For Metal","Cut-Off Wheel, 6 in Diameter, 0.045 in Thickness, 7/8 in Arbor Size, For Metal",,,,,,,,,,,,,,,,,,,,,,,,,,,Cut-Off Wheel,Wheel Type,Cut-Off Wheel,,Diameter,6,in,Thickness,0.045,in,Arbor Size,7/8,in,Application,Metal,,Quantity per Package,,,Additional Information,,,,,,,,,,,,,,,,,,,,,,,,,,,,,,,,,,,,,,,,,,,,,,,,,,,,,,,,,,,,,,,,,,,,,,,,,,,,,,,,,,,,,,,,,,,,,,,,,,,,,,,,,,,,,,,,,,,,,,,,,,,,,,,,,,,,,,,23241600,,,,,,,,,,,,,,,,,,,,,,,,,,,,,,,,,,,,,,,,,,,
,,,,,,,Tools,Power Tool Accessories,Cutting & Grinding Wheels,,49-94-0023,"49-94-0023 Milw 6""x.045""x7/8"" Metal Cut Off Disc",-- Unbranded --,-- No Unilog Brand --,-- No DIB Brand --,Milwaukee Accessory (4031),Milwaukee Accessory,Milwaukee,,49-94-0023,,Tools & Hardware>Power Tool Accessories>Cutting & Grinding Wheels,"Milwaukee, Cut-Off Wheel, 49-94-0023, 6 in Diameter, 0.045 in Thickness",CUTOFF WHL 6IN 0.045IN 7/8IN,"Milwaukee 49-94-0023 Cut-Off Wheel, 6 in Diameter, 0.045 in Thickness, 7/8 in Arbor Size, For Metal","Milwaukee Cut-Off Wheel, 6 in Diameter, 0.045 in Thickness, 7/8 in Arbor Size, For Metal","Cut-Off Wheel, 6 in Diameter, 0.045 in Thickness, 7/8 in Arbor Size, For Metal",,,,,,,,,,,,,,,,,,,,,,,,,,,Cut-Off Wheel,Wheel Type,Cut-Off Wheel,,Diameter,6,in,Thickness,0.045,in,Arbor Size,7/8,in,Application,Metal,,Quantity per Package,,,Additional Information,,,,,,,,,,,,,,,,,,,,,,,,,,,,,,,,,,,,,,,,,,,,,,,,,,,,,,,,,,,,,,,,,,,,,,,,,,,,,,,,,,,,,,,,,,,,,,,,,,,,,,,,,,,,,,,,,,,,,,,,,,,,,,,,,,,,,,,23241600,,,,,,,,,,,,,,,,,,,,,,,,,,,,,,,,,,,,,,,,,,,
,,,,,,,Tools,Power Tool Accessories,Cutting & Grinding Wheels,,49-94-0121,"49-94-0121 Milw 6""x.045""x7/8"" Performance+ Metal Cut Off Disc 10pc",-- Unbranded --,-- No Unilog Brand --,-- No DIB Brand --,Milwaukee Accessory (4031),Milwaukee Accessory,Milwaukee,,49-94-0121,,Tools & Hardware>Power Tool Accessories>Cutting & Grinding Wheels,"Milwaukee, Cut-Off Wheel, 49-94-0121, 6 in Diameter, 0.045 in Thickness",CUTOFF WHL 6IN 0.045IN 7/8IN,"Milwaukee 49-94-0121 Cut-Off Wheel, 6 in Diameter, 0.045 in Thickness, 7/8 in Arbor Size, For Metal","Milwaukee Cut-Off Wheel, 6 in Diameter, 0.045 in Thickness, 7/8 in Arbor Size, For Metal, 10 per Package","Cut-Off Wheel, 6 in Diameter, 0.045 in Thickness, 7/8 in Arbor Size, For Metal",,,,,,,,,,,,,,,,,,,,,,,,,,,Cut-Off Wheel,Wheel Type,Cut-Off Wheel,,Diameter,6,in,Thickness,0.045,in,Arbor Size,7/8,in,Application,Metal,,Quantity per Package,10,,Additional Information,,,,,,,,,,,,,,,,,,,,,,,,,,,,,,,,,,,,,,,,,,,,,,,,,,,,,,,,,,,,,,,,,,,,,,,,,,,,,,,,,,,,,,,,,,,,,,,,,,,,,,,,,,,,,,,,,,,,,,,,,,,,,,,,,,,,,,,23241600,,,,,,,,,,,,,,,,,,,,,,,,,,,,,,,,,,,,,,,,,,,
,,,,,,,Tools,Power Tool Accessories,Cutting & Grinding Wheels,,49-94-0127,"49-94-0127 Milw 6""x.045""x7/8"" Performance+Metal Cut Off Disc",-- Unbranded --,-- No Unilog Brand --,-- No DIB Brand --,Milwaukee Accessory (4031),Milwaukee Accessory,Milwaukee,,49-94-0127,,Tools & Hardware>Power Tool Accessories>Cutting & Grinding Wheels,"Milwaukee, Cut-Off Wheel, 49-94-0127, 6 in Diameter, 0.045 in Thickness",CUTOFF WHL 6IN 0.045IN 7/8IN,"Milwaukee 49-94-0127 Cut-Off Wheel, 6 in Diameter, 0.045 in Thickness, 7/8 in Arbor Size, For Metal","Milwaukee Cut-Off Wheel, 6 in Diameter, 0.045 in Thickness, 7/8 in Arbor Size, For Metal","Cut-Off Wheel, 6 in Diameter, 0.045 in Thickness, 7/8 in Arbor Size, For Metal",,,,,,,,,,,,,,,,,,,,,,,,,,,Cut-Off Wheel,Wheel Type,Cut-Off Wheel,,Diameter,6,in,Thickness,0.045,in,Arbor Size,7/8,in,Application,Metal,,Quantity per Package,,,Additional Information,,,,,,,,,,,,,,,,,,,,,,,,,,,,,,,,,,,,,,,,,,,,,,,,,,,,,,,,,,,,,,,,,,,,,,,,,,,,,,,,,,,,,,,,,,,,,,,,,,,,,,,,,,,,,,,,,,,,,,,,,,,,,,,,,,,,,,,23241600,,,,,,,,,,,,,,,,,,,,,,,,,,,,,,,,,,,,,,,,,,,
,,,,,,,Tools,Power Tool Accessories,Cutting & Grinding Wheels,,49-94-0137,"49-94-0137 Milw 7""x3/32""x7/8"" Performance+ Metal Cut Off Disc",-- Unbranded --,-- No Unilog Brand --,-- No DIB Brand --,Milwaukee Accessory (4031),Milwaukee Accessory,Milwaukee,,49-94-0137,,Tools & Hardware>Power Tool Accessories>Cutting & Grinding Wheels,"Milwaukee, Cut-Off Wheel, 49-94-0137, 7 in Diameter, 3/32 in Thickness",CUTOFF WHL 7IN 3/32IN 7/8IN,"Milwaukee 49-94-0137 Cut-Off Wheel, 7 in Diameter, 3/32 in Thickness, 7/8 in Arbor Size, For Metal","Milwaukee Cut-Off Wheel, 7 in Diameter, 3/32 in Thickness, 7/8 in Arbor Size, For Metal","Cut-Off Wheel, 7 in Diameter, 3/32 in Thickness, 7/8 in Arbor Size, For Metal",,,,,,,,,,,,,,,,,,,,,,,,,,,Cut-Off Wheel,Wheel Type,Cut-Off Wheel,,Diameter,7,in,Thickness,3/32,in,Arbor Size,7/8,in,Application,Metal,,Quantity per Package,,,Additional Information,,,,,,,,,,,,,,,,,,,,,,,,,,,,,,,,,,,,,,,,,,,,,,,,,,,,,,,,,,,,,,,,,,,,,,,,,,,,,,,,,,,,,,,,,,,,,,,,,,,,,,,,,,,,,,,,,,,,,,,,,,,,,,,,,,,,,,,23241600,,,,,,,,,,,,,,,,,,,,,,,,,,,,,,,,,,,,,,,,,,,
,,,,,,,Tools,Power Tool Accessories,Cutting & Grinding Wheels,,49-94-0160,"49-94-0160 Milw 14""x7/64""x1"" Performance+ Metal Cut Off Disc",-- Unbranded --,-- No Unilog Brand --,-- No DIB Brand --,Milwaukee Accessory (4031),Milwaukee Accessory,Milwaukee,,49-94-0160,,Tools & Hardware>Power Tool Accessories>Cutting & Grinding Wheels,"Milwaukee, Cut-Off Wheel, 49-94-0160, 14 in Diameter, 7/64 in Thickness",CUTOFF WHL 14IN 7/64IN 1IN,"Milwaukee 49-94-0160 Cut-Off Wheel, 14 in Diameter, 7/64 in Thickness, 1 in Arbor Size, For Metal","Milwaukee Cut-Off Wheel, 14 in Diameter, 7/64 in Thickness, 1 in Arbor Size, For Metal","Cut-Off Wheel, 14 in Diameter, 7/64 in Thickness, 1 in Arbor Size, For Metal",,,,,,,,,,,,,,,,,,,,,,,,,,,Cut-Off Wheel,Wheel Type,Cut-Off Wheel,,Diameter,14,in,Thickness,7/64,in,Arbor Size,1,in,Application,Metal,,Quantity per Package,,,Additional Information,,,,,,,,,,,,,,,,,,,,,,,,,,,,,,,,,,,,,,,,,,,,,,,,,,,,,,,,,,,,,,,,,,,,,,,,,,,,,,,,,,,,,,,,,,,,,,,,,,,,,,,,,,,,,,,,,,,,,,,,,,,,,,,,,,,,,,,23241600,,,,,,,,,,,,,,,,,,,,,,,,,,,,,,,,,,,,,,,,,,,
,,,,,,,Tools,Power Tool Accessories,Cutting & Grinding Wheels,,49-94-0223,"49-94-0223 Milw 6""x.045""x7/8"" Ceramic+ Metal Cut Off Disc",-- Unbranded --,-- No Unilog Brand --,-- No DIB Brand --,Milwaukee Accessory (4031),Milwaukee Accessory,Milwaukee,,49-94-0223,,Tools & Hardware>Power Tool Accessories>Cutting & Grinding Wheels,"Milwaukee, Cut-Off Wheel, 49-94-0223, 6 in Diameter, 0.045 in Thickness",CUTOFF WHL 6IN 0.045IN 7/8IN,"Milwaukee 49-94-0223 Cut-Off Wheel, 6 in Diameter, 0.045 in Thickness, 7/8 in Arbor Size, For Metal","Milwaukee Cut-Off Wheel, 6 in Diameter, 0.045 in Thickness, 7/8 in Arbor Size, For Metal","Cut-Off Wheel, 6 in Diameter, 0.045 in Thickness, 7/8 in Arbor Size, For Metal",,,,,,,,,,,,,,,,,,,,,,,,,,,Cut-Off Wheel,Wheel Type,Cut-Off Wheel,,Diameter,6,in,Thickness,0.045,in,Arbor Size,7/8,in,Application,Metal,,Quantity per Package,,,Additional Information,,,,,,,,,,,,,,,,,,,,,,,,,,,,,,,,,,,,,,,,,,,,,,,,,,,,,,,,,,,,,,,,,,,,,,,,,,,,,,,,,,,,,,,,,,,,,,,,,,,,,,,,,,,,,,,,,,,,,,,,,,,,,,,,,,,,,,,23241600,,,,,,,,,,,,,,,,,,,,,,,,,,,,,,,,,,,,,,,,,,,
,,,,,,,Tools,Power Tool Accessories,Cutting & Grinding Wheels,,49-94-0445,"49-94-0445 Milw 10""x3/32""x5/8"" Performance+ Metal Cut Off Disc",-- Unbranded --,-- No Unilog Brand --,-- No DIB Brand --,Milwaukee Accessory (4031),Milwaukee Accessory,Milwaukee,,49-94-0445,,Tools & Hardware>Power Tool Accessories>Cutting & Grinding Wheels,"Milwaukee, Cut-Off Wheel, 49-94-0445, 10 in Diameter, 3/32 in Thickness",CUTOFF WHL 10IN 3/32IN 5/8IN,"Milwaukee 49-94-0445 Cut-Off Wheel, 10 in Diameter, 3/32 in Thickness, 5/8 in Arbor Size, For Metal","Milwaukee Cut-Off Wheel, 10 in Diameter, 3/32 in Thickness, 5/8 in Arbor Size, For Metal","Cut-Off Wheel, 10 in Diameter, 3/32 in Thickness, 5/8 in Arbor Size, For Metal",,,,,,,,,,,,,,,,,,,,,,,,,,,Cut-Off Wheel,Wheel Type,Cut-Off Wheel,,Diameter,10,in,Thickness,3/32,in,Arbor Size,5/8,in,Application,Metal,,Quantity per Package,,,Additional Information,,,,,,,,,,,,,,,,,,,,,,,,,,,,,,,,,,,,,,,,,,,,,,,,,,,,,,,,,,,,,,,,,,,,,,,,,,,,,,,,,,,,,,,,,,,,,,,,,,,,,,,,,,,,,,,,,,,,,,,,,,,,,,,,,,,,,,,23241600,,,,,,,,,,,,,,,,,,,,,,,,,,,,,,,,,,,,,,,,,,,
,,,,,,,Tools,Power Tool Accessories,Cutting & Grinding Wheels,,49-94-0803,"49-94-0803 Milw 4-1/2""x1/8""x7/8"" Dual Metal Cut and Grind Disc",-- Unbranded --,-- No Unilog Brand --,-- No DIB Brand --,Milwaukee Accessory (4031),Milwaukee Accessory,Milwaukee,,49-94-0803,,Tools & Hardware>Power Tool Accessories>Cutting & Grinding Wheels,"Milwaukee, Cut-Off Wheel, 49-94-0803, Cut & Grind Wheel, 4-1/2 in Diameter",CUTOFF WHL CUT/GRND WHL 4-1/2IN 1/8IN,"Milwaukee 49-94-0803 Cut-Off Wheel, Cut & Grind Wheel, 4-1/2 in Diameter, 1/8 in Thickness, 7/8 in Arbor Size, For Metal","Milwaukee Cut-Off Wheel, Cut & Grind Wheel, 4-1/2 in Diameter, 1/8 in Thickness, 7/8 in Arbor Size, For Metal","Cut-Off Wheel, Cut & Grind Wheel, 4-1/2 in Diameter, 1/8 in Thickness, 7/8 in Arbor Size, For Metal",,,,,,,,,,,,,,,,,,,,,,,,,,,Cut-Off Wheel,Wheel Type,Cut & Grind Wheel,,Diameter,4-1/2,in,Thickness,1/8,in,Arbor Size,7/8,in,Application,Metal,,Quantity per Package,,,Additional Information,,,,,,,,,,,,,,,,,,,,,,,,,,,,,,,,,,,,,,,,,,,,,,,,,,,,,,,,,,,,,,,,,,,,,,,,,,,,,,,,,,,,,,,,,,,,,,,,,,,,,,,,,,,,,,,,,,,,,,,,,,,,,,,,,,,,,,,23241600,,,,,,,,,,,,,,,,,,,,,,,,,,,,,,,,,,,,,,,,,,,
,,,,,,,Tools,Power Tool Accessories,Cutting & Grinding Wheels,,49-94-0903,"49-94-0903 Milw 4-1/2""x1/8""x7/8""Perform+Dual Metal Cut and Grind Disc",-- Unbranded --,-- No Unilog Brand --,-- No DIB Brand --,Milwaukee Accessory (4031),Milwaukee Accessory,Milwaukee,,49-94-0903,,Tools & Hardware>Power Tool Accessories>Cutting & Grinding Wheels,"Milwaukee, Cut-Off Wheel, 49-94-0903, Cut & Grind Wheel, 4-1/2 in Diameter",CUTOFF WHL CUT/GRND WHL 4-1/2IN 1/8IN,"Milwaukee 49-94-0903 Cut-Off Wheel, Cut & Grind Wheel, 4-1/2 in Diameter, 1/8 in Thickness, 7/8 in Arbor Size, For Metal","Milwaukee Cut-Off Wheel, Cut & Grind Wheel, 4-1/2 in Diameter, 1/8 in Thickness, 7/8 in Arbor Size, For Metal","Cut-Off Wheel, Cut & Grind Wheel, 4-1/2 in Diameter, 1/8 in Thickness, 7/8 in Arbor Size, For Metal",,,,,,,,,,,,,,,,,,,,,,,,,,,Cut-Off Wheel,Wheel Type,Cut & Grind Wheel,,Diameter,4-1/2,in,Thickness,1/8,in,Arbor Size,7/8,in,Application,Metal,,Quantity per Package,,,Additional Information,,,,,,,,,,,,,,,,,,,,,,,,,,,,,,,,,,,,,,,,,,,,,,,,,,,,,,,,,,,,,,,,,,,,,,,,,,,,,,,,,,,,,,,,,,,,,,,,,,,,,,,,,,,,,,,,,,,,,,,,,,,,,,,,,,,,,,,23241600,,,,,,,,,,,,,,,,,,,,,,,,,,,,,,,,,,,,,,,,,,,
,,,,,,,Tools,Power Tool Accessories,Cutting & Grinding Wheels,,49-94-0907,"49-94-0907 Milw 4-1/2""x1/8""x5/8-11""Perform+Dual Metal Cut n Grind Disc",-- Unbranded --,-- No Unilog Brand --,-- No DIB Brand --,Milwaukee Accessory (4031),Milwaukee Accessory,Milwaukee,,49-94-0907,,Tools & Hardware>Power Tool Accessories>Cutting & Grinding Wheels,"Milwaukee, Cut-Off Wheel, 49-94-0907, Cut & Grind Wheel, 4-1/2 in Diameter",CUTOFF WHL CUT/GRND WHL 4-1/2IN 1/8IN,"Milwaukee 49-94-0907 Cut-Off Wheel, Cut & Grind Wheel, 4-1/2 in Diameter, 1/8 in Thickness, 5/8 in Arbor Size, For Metal","Milwaukee Cut-Off Wheel, Cut & Grind Wheel, 4-1/2 in Diameter, 1/8 in Thickness, 5/8 in Arbor Size, For Metal","Cut-Off Wheel, Cut & Grind Wheel, 4-1/2 in Diameter, 1/8 in Thickness, 5/8 in Arbor Size, For Metal",,,,,,,,,,,,,,,,,,,,,,,,,,,Cut-Off Wheel,Wheel Type,Cut & Grind Wheel,,Diameter,4-1/2,in,Thickness,1/8,in,Arbor Size,5/8,in,Application,Metal,,Quantity per Package,,,Additional Information,,,,,,,,,,,,,,,,,,,,,,,,,,,,,,,,,,,,,,,,,,,,,,,,,,,,,,,,,,,,,,,,,,,,,,,,,,,,,,,,,,,,,,,,,,,,,,,,,,,,,,,,,,,,,,,,,,,,,,,,,,,,,,,,,,,,,,,23241600,,,,,,,,,,,,,,,,,,,,,,,,,,,,,,,,,,,,,,,,,,,
,,,,,,,Tools,Power Tool Accessories,Cutting & Grinding Wheels,,49-94-0923,"49-94-0923 Milw 6""x1/8""x7/8"" Perform+Dual Metal Cut and Grind Disc",-- Unbranded --,-- No Unilog Brand --,-- No DIB Brand --,Milwaukee Accessory (4031),Milwaukee Accessory,Milwaukee,,49-94-0923,,Tools & Hardware>Power Tool Accessories>Cutting & Grinding Wheels,"Milwaukee, Cut-Off Wheel, 49-94-0923, Cut & Grind Wheel, 6 in Diameter",CUTOFF WHL CUT/GRND WHL 6IN 1/8IN 7/8IN,"Milwaukee 49-94-0923 Cut-Off Wheel, Cut & Grind Wheel, 6 in Diameter, 1/8 in Thickness, 7/8 in Arbor Size, For Metal","Milwaukee Cut-Off Wheel, Cut & Grind Wheel, 6 in Diameter, 1/8 in Thickness, 7/8 in Arbor Size, For Metal","Cut-Off Wheel, Cut & Grind Wheel, 6 in Diameter, 1/8 in Thickness, 7/8 in Arbor Size, For Metal",,,,,,,,,,,,,,,,,,,,,,,,,,,Cut-Off Wheel,Wheel Type,Cut & Grind Wheel,,Diameter,6,in,Thickness,1/8,in,Arbor Size,7/8,in,Application,Metal,,Quantity per Package,,,Additional Information,,,,,,,,,,,,,,,,,,,,,,,,,,,,,,,,,,,,,,,,,,,,,,,,,,,,,,,,,,,,,,,,,,,,,,,,,,,,,,,,,,,,,,,,,,,,,,,,,,,,,,,,,,,,,,,,,,,,,,,,,,,,,,,,,,,,,,,23241600,,,,,,,,,,,,,,,,,,,,,,,,,,,,,,,,,,,,,,,,,,,
,,,,,,,Tools,Power Tool Accessories,Cutting & Grinding Wheels,,49-94-1900,"49-94-1900 Milw 4""x1/8""x5/8"" Masonry Cut Off Disc",-- Unbranded --,-- No Unilog Brand --,-- No DIB Brand --,Milwaukee Accessory (4031),Milwaukee Accessory,Milwaukee,,49-94-1900,,Tools & Hardware>Power Tool Accessories>Cutting & Grinding Wheels,"Milwaukee, Cut-Off Wheel, 49-94-1900, 4 in Diameter, 1/8 in Thickness",CUTOFF WHL 4IN 1/8IN 5/8IN,"Milwaukee 49-94-1900 Cut-Off Wheel, 4 in Diameter, 1/8 in Thickness, 5/8 in Arbor Size, For Masonry","Milwaukee Cut-Off Wheel, 4 in Diameter, 1/8 in Thickness, 5/8 in Arbor Size, For Masonry","Cut-Off Wheel, 4 in Diameter, 1/8 in Thickness, 5/8 in Arbor Size, For Masonry",,,,,,,,,,,,,,,,,,,,,,,,,,,Cut-Off Wheel,Wheel Type,Cut-Off Wheel,,Diameter,4,in,Thickness,1/8,in,Arbor Size,5/8,in,Application,Masonry,,Quantity per Package,,,Additional Information,,,,,,,,,,,,,,,,,,,,,,,,,,,,,,,,,,,,,,,,,,,,,,,,,,,,,,,,,,,,,,,,,,,,,,,,,,,,,,,,,,,,,,,,,,,,,,,,,,,,,,,,,,,,,,,,,,,,,,,,,,,,,,,,,,,,,,,23241600,,,,,,,,,,,,,,,,,,,,,,,,,,,,,,,,,,,,,,,,,,,
,,,,,,,Tools,Power Tool Accessories,Cutting & Grinding Wheels,,49-94-1905,"49-94-1905 Milw 4-1/2""x1/8""x7/8"" Masonry Cut Off Disc",-- Unbranded --,-- No Unilog Brand --,-- No DIB Brand --,Milwaukee Accessory (4031),Milwaukee Accessory,Milwaukee,,49-94-1905,,Tools & Hardware>Power Tool Accessories>Cutting & Grinding Wheels,"Milwaukee, Cut-Off Wheel, 49-94-1905, 4-1/2 in Diameter, 1/8 in Thickness",CUTOFF WHL 4-1/2IN 1/8IN 7/8IN,"Milwaukee 49-94-1905 Cut-Off Wheel, 4-1/2 in Diameter, 1/8 in Thickness, 7/8 in Arbor Size, For Masonry","Milwaukee Cut-Off Wheel, 4-1/2 in Diameter, 1/8 in Thickness, 7/8 in Arbor Size, For Masonry","Cut-Off Wheel, 4-1/2 in Diameter, 1/8 in Thickness, 7/8 in Arbor Size, For Masonry",,,,,,,,,,,,,,,,,,,,,,,,,,,Cut-Off Wheel,Wheel Type,Cut-Off Wheel,,Diameter,4-1/2,in,Thickness,1/8,in,Arbor Size,7/8,in,Application,Masonry,,Quantity per Package,,,Additional Information,,,,,,,,,,,,,,,,,,,,,,,,,,,,,,,,,,,,,,,,,,,,,,,,,,,,,,,,,,,,,,,,,,,,,,,,,,,,,,,,,,,,,,,,,,,,,,,,,,,,,,,,,,,,,,,,,,,,,,,,,,,,,,,,,,,,,,,23241600,,,,,,,,,,,,,,,,,,,,,,,,,,,,,,,,,,,,,,,,,,,
,,,,,,,Tools,Power Tool Accessories,Cutting & Grinding Wheels,,49-94-1915,"49-94-1915 Milw 6-1/2""x1/8""x5/8"" DKO Masonry Cut Off Disc",-- Unbranded --,-- No Unilog Brand --,-- No DIB Brand --,Milwaukee Accessory (4031),Milwaukee Accessory,Milwaukee,,49-94-1915,,Tools & Hardware>Power Tool Accessories>Cutting & Grinding Wheels,"Milwaukee, Cut-Off Wheel, 49-94-1915, 6-1/2 in Diameter, 1/8 in Thickness",CUTOFF WHL 6-1/2IN 1/8IN 5/8IN,"Milwaukee 49-94-1915 Cut-Off Wheel, 6-1/2 in Diameter, 1/8 in Thickness, 5/8 in Arbor Size, For Masonry","Milwaukee Cut-Off Wheel, 6-1/2 in Diameter, 1/8 in Thickness, 5/8 in Arbor Size, For Masonry","Cut-Off Wheel, 6-1/2 in Diameter, 1/8 in Thickness, 5/8 in Arbor Size, For Masonry",,,,,,,,,,,,,,,,,,,,,,,,,,,Cut-Off Wheel,Wheel Type,Cut-Off Wheel,,Diameter,6-1/2,in,Thickness,1/8,in,Arbor Size,5/8,in,Application,Masonry,,Quantity per Package,,,Additional Information,,,,,,,,,,,,,,,,,,,,,,,,,,,,,,,,,,,,,,,,,,,,,,,,,,,,,,,,,,,,,,,,,,,,,,,,,,,,,,,,,,,,,,,,,,,,,,,,,,,,,,,,,,,,,,,,,,,,,,,,,,,,,,,,,,,,,,,23241600,,,,,,,,,,,,,,,,,,,,,,,,,,,,,,,,,,,,,,,,,,,
,,,,,,,Tools,Power Tool Accessories,Cutting & Grinding Wheels,,49-94-1920,"49-94-1920 Milw 7""x1/8""x5/8"" DKO Masonry Cut Off Disc",-- Unbranded --,-- No Unilog Brand --,-- No DIB Brand --,Milwaukee Accessory (4031),Milwaukee Accessory,Milwaukee,,49-94-1920,,Tools & Hardware>Power Tool Accessories>Cutting & Grinding Wheels,"Milwaukee, Cut-Off Wheel, 49-94-1920, 7 in Diameter, 1/8 in Thickness",CUTOFF WHL 7IN 1/8IN 5/8IN,"Milwaukee 49-94-1920 Cut-Off Wheel, 7 in Diameter, 1/8 in Thickness, 5/8 in Arbor Size, For Masonry","Milwaukee Cut-Off Wheel, 7 in Diameter, 1/8 in Thickness, 5/8 in Arbor Size, For Masonry","Cut-Off Wheel, 7 in Diameter, 1/8 in Thickness, 5/8 in Arbor Size, For Masonry",,,,,,,,,,,,,,,,,,,,,,,,,,,Cut-Off Wheel,Wheel Type,Cut-Off Wheel,,Diameter,7,in,Thickness,1/8,in,Arbor Size,5/8,in,Application,Masonry,,Quantity per Package,,,Additional Information,,,,,,,,,,,,,,,,,,,,,,,,,,,,,,,,,,,,,,,,,,,,,,,,,,,,,,,,,,,,,,,,,,,,,,,,,,,,,,,,,,,,,,,,,,,,,,,,,,,,,,,,,,,,,,,,,,,,,,,,,,,,,,,,,,,,,,,23241600,,,,,,,,,,,,,,,,,,,,,,,,,,,,,,,,,,,,,,,,,,,
,,,,,,,Tools,Power Tool Accessories,Cutting & Grinding Wheels,,49-94-1925,"49-94-1925 Milw 10""x1/8""x5/8"" Masonry Cut Off Disc",-- Unbranded --,-- No Unilog Brand --,-- No DIB Brand --,Milwaukee Accessory (4031),Milwaukee Accessory,Milwaukee,,49-94-1925,,Tools & Hardware>Power Tool Accessories>Cutting & Grinding Wheels,"Milwaukee, Cut-Off Wheel, 49-94-1925, 10 in Diameter, 1/8 in Thickness",CUTOFF WHL 10IN 1/8IN 5/8IN,"Milwaukee 49-94-1925 Cut-Off Wheel, 10 in Diameter, 1/8 in Thickness, 5/8 in Arbor Size, For Masonry","Milwaukee Cut-Off Wheel, 10 in Diameter, 1/8 in Thickness, 5/8 in Arbor Size, For Masonry","Cut-Off Wheel, 10 in Diameter, 1/8 in Thickness, 5/8 in Arbor Size, For Masonry",,,,,,,,,,,,,,,,,,,,,,,,,,,Cut-Off Wheel,Wheel Type,Cut-Off Wheel,,Diameter,10,in,Thickness,1/8,in,Arbor Size,5/8,in,Application,Masonry,,Quantity per Package,,,Additional Information,,,,,,,,,,,,,,,,,,,,,,,,,,,,,,,,,,,,,,,,,,,,,,,,,,,,,,,,,,,,,,,,,,,,,,,,,,,,,,,,,,,,,,,,,,,,,,,,,,,,,,,,,,,,,,,,,,,,,,,,,,,,,,,,,,,,,,,23241600,,,,,,,,,,,,,,,,,,,,,,,,,,,,,,,,,,,,,,,,,,,
,,,,,,,Tools,Power Tool Accessories,Cutting & Grinding Wheels,,49-94-1935,"49-94-1935 Milw 12""x1/8""x1"" Masonry Cut Off Disc",-- Unbranded --,-- No Unilog Brand --,-- No DIB Brand --,Milwaukee Accessory (4031),Milwaukee Accessory,Milwaukee,,49-94-1935,,Tools & Hardware>Power Tool Accessories>Cutting & Grinding Wheels,"Milwaukee, Cut-Off Wheel, 49-94-1935, 12 in Diameter, 1/8 in Thickness",CUTOFF WHL 12IN 1/8IN 1IN,"Milwaukee 49-94-1935 Cut-Off Wheel, 12 in Diameter, 1/8 in Thickness, 1 in Arbor Size, For Masonry","Milwaukee Cut-Off Wheel, 12 in Diameter, 1/8 in Thickness, 1 in Arbor Size, For Masonry","Cut-Off Wheel, 12 in Diameter, 1/8 in Thickness, 1 in Arbor Size, For Masonry",,,,,,,,,,,,,,,,,,,,,,,,,,,Cut-Off Wheel,Wheel Type,Cut-Off Wheel,,Diameter,12,in,Thickness,1/8,in,Arbor Size,1,in,Application,Masonry,,Quantity per Package,,,Additional Information,,,,,,,,,,,,,,,,,,,,,,,,,,,,,,,,,,,,,,,,,,,,,,,,,,,,,,,,,,,,,,,,,,,,,,,,,,,,,,,,,,,,,,,,,,,,,,,,,,,,,,,,,,,,,,,,,,,,,,,,,,,,,,,,,,,,,,,23241600,,,,,,,,,,,,,,,,,,,,,,,,,,,,,,,,,,,,,,,,,,,
,,,,,,,Tools,Power Tool Accessories,Cutting & Grinding Wheels,,49-94-1940,"49-94-1940 Milw 14""x1/8""x1"" Masonry Cut Off Disc",-- Unbranded --,-- No Unilog Brand --,-- No DIB Brand --,Milwaukee Accessory (4031),Milwaukee Accessory,Milwaukee,,49-94-1940,,Tools & Hardware>Power Tool Accessories>Cutting & Grinding Wheels,"Milwaukee, Cut-Off Wheel, 49-94-1940, 14 in Diameter, 1/8 in Thickness",CUTOFF WHL 14IN 1/8IN 1IN,"Milwaukee 49-94-1940 Cut-Off Wheel, 14 in Diameter, 1/8 in Thickness, 1 in Arbor Size, For Masonry","Milwaukee Cut-Off Wheel, 14 in Diameter, 1/8 in Thickness, 1 in Arbor Size, For Masonry","Cut-Off Wheel, 14 in Diameter, 1/8 in Thickness, 1 in Arbor Size, For Masonry",,,,,,,,,,,,,,,,,,,,,,,,,,,Cut-Off Wheel,Wheel Type,Cut-Off Wheel,,Diameter,14,in,Thickness,1/8,in,Arbor Size,1,in,Application,Masonry,,Quantity per Package,,,Additional Information,,,,,,,,,,,,,,,,,,,,,,,,,,,,,,,,,,,,,,,,,,,,,,,,,,,,,,,,,,,,,,,,,,,,,,,,,,,,,,,,,,,,,,,,,,,,,,,,,,,,,,,,,,,,,,,,,,,,,,,,,,,,,,,,,,,,,,,23241600,,,,,,,,,,,,,,,,,,,,,,,,,,,,,,,,,,,,,,,,,,,
,,,,,,,Tools,Power Tool Accessories,Cutting & Grinding Wheels,,49-94-0501,"49-94-0501 Milw 4""x1/4""x5/8"" Metal Grinding Wheel",-- Unbranded --,-- No Unilog Brand --,-- No DIB Brand --,Milwaukee Accessory (4031),Milwaukee Accessory,Milwaukee,,49-94-0501,,Tools & Hardware>Power Tool Accessories>Cutting & Grinding Wheels,"Milwaukee, Cut-Off Wheel, 49-94-0501, Grinding Wheel, 4 in Diameter",CUTOFF WHL GRND WHL 4IN 1/4IN 5/8IN,"Milwaukee 49-94-0501 Cut-Off Wheel, Grinding Wheel, 4 in Diameter, 1/4 in Thickness, 5/8 in Arbor Size, For Metal","Milwaukee Cut-Off Wheel, Grinding Wheel, 4 in Diameter, 1/4 in Thickness, 5/8 in Arbor Size, For Metal","Cut-Off Wheel, Grinding Wheel, 4 in Diameter, 1/4 in Thickness, 5/8 in Arbor Size, For Metal",,,,,,,,,,,,,,,,,,,,,,,,,,,Cut-Off Wheel,Wheel Type,Grinding Wheel,,Diameter,4,in,Thickness,1/4,in,Arbor Size,5/8,in,Application,Metal,,Quantity per Package,,,Additional Information,,,,,,,,,,,,,,,,,,,,,,,,,,,,,,,,,,,,,,,,,,,,,,,,,,,,,,,,,,,,,,,,,,,,,,,,,,,,,,,,,,,,,,,,,,,,,,,,,,,,,,,,,,,,,,,,,,,,,,,,,,,,,,,,,,,,,,,23241600,,,,,,,,,,,,,,,,,,,,,,,,,,,,,,,,,,,,,,,,,,,
,,,,,,,Tools,Power Tool Accessories,Cutting & Grinding Wheels,,49-94-0503,"49-94-0503 Milw 4-1/2""x1/4""x7/8"" Metal Grinding Wheel",-- Unbranded --,-- No Unilog Brand --,-- No DIB Brand --,Milwaukee Accessory (4031),Milwaukee Accessory,Milwaukee,,49-94-0503,,Tools & Hardware>Power Tool Accessories>Cutting & Grinding Wheels,"Milwaukee, Cut-Off Wheel, 49-94-0503, Grinding Wheel, 4-1/2 in Diameter",CUTOFF WHL GRND WHL 4-1/2IN 1/4IN 7/8IN,"Milwaukee 49-94-0503 Cut-Off Wheel, Grinding Wheel, 4-1/2 in Diameter, 1/4 in Thickness, 7/8 in Arbor Size, For Metal","Milwaukee Cut-Off Wheel, Grinding Wheel, 4-1/2 in Diameter, 1/4 in Thickness, 7/8 in Arbor Size, For Metal","Cut-Off Wheel, Grinding Wheel, 4-1/2 in Diameter, 1/4 in Thickness, 7/8 in Arbor Size, For Metal",,,,,,,,,,,,,,,,,,,,,,,,,,,Cut-Off Wheel,Wheel Type,Grinding Wheel,,Diameter,4-1/2,in,Thickness,1/4,in,Arbor Size,7/8,in,Application,Metal,,Quantity per Package,,,Additional Information,,,,,,,,,,,,,,,,,,,,,,,,,,,,,,,,,,,,,,,,,,,,,,,,,,,,,,,,,,,,,,,,,,,,,,,,,,,,,,,,,,,,,,,,,,,,,,,,,,,,,,,,,,,,,,,,,,,,,,,,,,,,,,,,,,,,,,,23241600,,,,,,,,,,,,,,,,,,,,,,,,,,,,,,,,,,,,,,,,,,,
,,,,,,,Tools,Power Tool Accessories,Cutting & Grinding Wheels,,49-94-0523,"49-94-0523 Milw 6""x1/4""x7/8"" Metal Grinding Wheel",-- Unbranded --,-- No Unilog Brand --,-- No DIB Brand --,Milwaukee Accessory (4031),Milwaukee Accessory,Milwaukee,,49-94-0523,,Tools & Hardware>Power Tool Accessories>Cutting & Grinding Wheels,"Milwaukee, Cut-Off Wheel, 49-94-0523, Grinding Wheel, 6 in Diameter",CUTOFF WHL GRND WHL 6IN 1/4IN 7/8IN,"Milwaukee 49-94-0523 Cut-Off Wheel, Grinding Wheel, 6 in Diameter, 1/4 in Thickness, 7/8 in Arbor Size, For Metal","Milwaukee Cut-Off Wheel, Grinding Wheel, 6 in Diameter, 1/4 in Thickness, 7/8 in Arbor Size, For Metal","Cut-Off Wheel, Grinding Wheel, 6 in Diameter, 1/4 in Thickness, 7/8 in Arbor Size, For Metal",,,,,,,,,,,,,,,,,,,,,,,,,,,Cut-Off Wheel,Wheel Type,Grinding Wheel,,Diameter,6,in,Thickness,1/4,in,Arbor Size,7/8,in,Application,Metal,,Quantity per Package,,,Additional Information,,,,,,,,,,,,,,,,,,,,,,,,,,,,,,,,,,,,,,,,,,,,,,,,,,,,,,,,,,,,,,,,,,,,,,,,,,,,,,,,,,,,,,,,,,,,,,,,,,,,,,,,,,,,,,,,,,,,,,,,,,,,,,,,,,,,,,,23241600,,,,,,,,,,,,,,,,,,,,,,,,,,,,,,,,,,,,,,,,,,,
,,,,,,,Tools,Power Tool Accessories,Cutting & Grinding Wheels,,49-94-1955,"49-94-1955 Milw 4-1/2""x1/4""x7/8"" Masonry Grinding Wheel",-- Unbranded --,-- No Unilog Brand --,-- No DIB Brand --,Milwaukee Accessory (4031),Milwaukee Accessory,Milwaukee,,49-94-1955,,Tools & Hardware>Power Tool Accessories>Cutting & Grinding Wheels,"Milwaukee, Cut-Off Wheel, 49-94-1955, Grinding Wheel, 4-1/2 in Diameter",CUTOFF WHL GRND WHL 4-1/2IN 1/4IN 7/8IN,"Milwaukee 49-94-1955 Cut-Off Wheel, Grinding Wheel, 4-1/2 in Diameter, 1/4 in Thickness, 7/8 in Arbor Size, For Masonry","Milwaukee Cut-Off Wheel, Grinding Wheel, 4-1/2 in Diameter, 1/4 in Thickness, 7/8 in Arbor Size, For Masonry","Cut-Off Wheel, Grinding Wheel, 4-1/2 in Diameter, 1/4 in Thickness, 7/8 in Arbor Size, For Masonry",,,,,,,,,,,,,,,,,,,,,,,,,,,Cut-Off Wheel,Wheel Type,Grinding Wheel,,Diameter,4-1/2,in,Thickness,1/4,in,Arbor Size,7/8,in,Application,Masonry,,Quantity per Package,,,Additional Information,,,,,,,,,,,,,,,,,,,,,,,,,,,,,,,,,,,,,,,,,,,,,,,,,,,,,,,,,,,,,,,,,,,,,,,,,,,,,,,,,,,,,,,,,,,,,,,,,,,,,,,,,,,,,,,,,,,,,,,,,,,,,,,,,,,,,,,23241600,,,,,,,,,,,,,,,,,,,,,,,,,,,,,,,,,,,,,,,,,,,
,,,,,,,Tools,Power Tool Accessories,Cutting & Grinding Wheels,,49-94-1965,"49-94-1965 Milw 7""x1/4""x7/8"" Masonry Grinding Wheel",-- Unbranded --,-- No Unilog Brand --,-- No DIB Brand --,Milwaukee Accessory (4031),Milwaukee Accessory,Milwaukee,,49-94-1965,,Tools & Hardware>Power Tool Accessories>Cutting & Grinding Wheels,"Milwaukee, Cut-Off Wheel, 49-94-1965, Grinding Wheel, 7 in Diameter",CUTOFF WHL GRND WHL 7IN 1/4IN 7/8IN,"Milwaukee 49-94-1965 Cut-Off Wheel, Grinding Wheel, 7 in Diameter, 1/4 in Thickness, 7/8 in Arbor Size, For Masonry","Milwaukee Cut-Off Wheel, Grinding Wheel, 7 in Diameter, 1/4 in Thickness, 7/8 in Arbor Size, For Masonry","Cut-Off Wheel, Grinding Wheel, 7 in Diameter, 1/4 in Thickness, 7/8 in Arbor Size, For Masonry",,,,,,,,,,,,,,,,,,,,,,,,,,,Cut-Off Wheel,Wheel Type,Grinding Wheel,,Diameter,7,in,Thickness,1/4,in,Arbor Size,7/8,in,Application,Masonry,,Quantity per Package,,,Additional Information,,,,,,,,,,,,,,,,,,,,,,,,,,,,,,,,,,,,,,,,,,,,,,,,,,,,,,,,,,,,,,,,,,,,,,,,,,,,,,,,,,,,,,,,,,,,,,,,,,,,,,,,,,,,,,,,,,,,,,,,,,,,,,,,,,,,,,,23241600,,,,,,,,,,,,,,,,,,,,,,,,,,,,,,,,,,,,,,,,,,,
,,,,,,,Tools,Power Tool Accessories,Cutting & Grinding Wheels,,49-94-0513,"49-94-0513 Milw 5""x1/4""x7/8"" Metal Grinding Wheel",-- Unbranded --,-- No Unilog Brand --,-- No DIB Brand --,Milwaukee Accessory (4031),Milwaukee Accessory,Milwaukee,,49-94-0513,,Tools & Hardware>Power Tool Accessories>Cutting & Grinding Wheels,"Milwaukee, Cut-Off Wheel, 49-94-0513, Grinding Wheel, 5 in Diameter",CUTOFF WHL GRND WHL 5IN 1/4IN 7/8IN,"Milwaukee 49-94-0513 Cut-Off Wheel, Grinding Wheel, 5 in Diameter, 1/4 in Thickness, 7/8 in Arbor Size, For Metal","Milwaukee Cut-Off Wheel, Grinding Wheel, 5 in Diameter, 1/4 in Thickness, 7/8 in Arbor Size, For Metal","Cut-Off Wheel, Grinding Wheel, 5 in Diameter, 1/4 in Thickness, 7/8 in Arbor Size, For Metal",,,,,,,,,,,,,,,,,,,,,,,,,,,Cut-Off Wheel,Wheel Type,Grinding Wheel,,Diameter,5,in,Thickness,1/4,in,Arbor Size,7/8,in,Application,Metal,,Quantity per Package,,,Additional Information,,,,,,,,,,,,,,,,,,,,,,,,,,,,,,,,,,,,,,,,,,,,,,,,,,,,,,,,,,,,,,,,,,,,,,,,,,,,,,,,,,,,,,,,,,,,,,,,,,,,,,,,,,,,,,,,,,,,,,,,,,,,,,,,,,,,,,,23241600,,,,,,,,,,,,,,,,,,,,,,,,,,,,,,,,,,,,,,,,,,,
,,,,,,,Tools,Power Tool Accessories,Cutting & Grinding Wheels,,49-94-0533,"49-94-0533 Milw 7""x1/4""x7/8"" Metal Grinding Wheel",-- Unbranded --,-- No Unilog Brand --,-- No DIB Brand --,Milwaukee Accessory (4031),Milwaukee Accessory,Milwaukee,,49-94-0533,,Tools & Hardware>Power Tool Accessories>Cutting & Grinding Wheels,"Milwaukee, Cut-Off Wheel, 49-94-0533, Grinding Wheel, 7 in Diameter",CUTOFF WHL GRND WHL 7IN 1/4IN 7/8IN,"Milwaukee 49-94-0533 Cut-Off Wheel, Grinding Wheel, 7 in Diameter, 1/4 in Thickness, 7/8 in Arbor Size, For Metal","Milwaukee Cut-Off Wheel, Grinding Wheel, 7 in Diameter, 1/4 in Thickness, 7/8 in Arbor Size, For Metal","Cut-Off Wheel, Grinding Wheel, 7 in Diameter, 1/4 in Thickness, 7/8 in Arbor Size, For Metal",,,,,,,,,,,,,,,,,,,,,,,,,,,Cut-Off Wheel,Wheel Type,Grinding Wheel,,Diameter,7,in,Thickness,1/4,in,Arbor Size,7/8,in,Application,Metal,,Quantity per Package,,,Additional Information,,,,,,,,,,,,,,,,,,,,,,,,,,,,,,,,,,,,,,,,,,,,,,,,,,,,,,,,,,,,,,,,,,,,,,,,,,,,,,,,,,,,,,,,,,,,,,,,,,,,,,,,,,,,,,,,,,,,,,,,,,,,,,,,,,,,,,,23241600,,,,,,,,,,,,,,,,,,,,,,,,,,,,,,,,,,,,,,,,,,,
,,,,,,,Tools,Power Tool Accessories,Abrasives,,DFBLBLOMFN01G,DFBLBLOMFN01G Diablo 220 Grit - Flat Edge Sanding Sponge,-- Unbranded --,-- No Unilog Brand --,-- No DIB Brand --,Freud Inc (2435),Freud Inc,Diablo,,DFBLBLOMFN01G,,Tools & Hardware>Power Tool Accessories>Abrasives,"Freud Inc Diablo, Abrasive, DFBLBLOMFN01G, Sanding Sponge, 220 Grit",ABRASIVE SND SPNG 220,"Diablo DFBLBLOMFN01G Abrasive, Sanding Sponge, 220-Grit","Diablo Abrasive, Sanding Sponge, 220 Grit","Abrasive, Sanding Sponge, 220-Grit",,,,,,,,,,,,,,,,,,,,,,,,,,,Abrasive,Abrasive Type,Sanding Sponge,,Grit,220,,Size,,,Quantity per Package,,,Additional Information,,,,,,,,,,,,,,,,,,,,,,,,,,,,,,,,,,,,,,,,,,,,,,,,,,,,,,,,,,,,,,,,,,,,,,,,,,,,,,,,,,,,,,,,,,,,,,,,,,,,,,,,,,,,,,,,,,,,,,,,,,,,,,,,,,,,,,,,,,,,,31191500,,,,,,,,,,,,,,,,,,,,,,,,,,,,,,,,,,,,,,,,,,,
,,,,,,,Building Materials,Adhesives & Sealants,Tapes,,1700-1PK-BB40,3/4x60' Vinyl Elect Tape,-- Unbranded --,-- No Unilog Brand --,3M,3 M Co (5293),3 M Co,3M,,1700-1PK-BB40,,"Building Materials>Adhesives, Sealants & Tape>Tape","3 M Co 3M, Tape, 1700-1PK-BB40, Electrical Tape",TAPE ELEC TAPE,"3M 1700-1PK-BB40 Tape, Electrical Tape","3M Tape, Electrical Tape","Tape, Electrical Tape",,,,,,,,,,,,,,,,,,,,,,,,,,,Tape,Tape Type,Electrical Tape,,Width,,,Length,,,Color,,,Additional Information,,,,,,,,,,,,,,,,,,,,,,,,,,,,,,,,,,,,,,,,,,,,,,,,,,,,,,,,,,,,,,,,,,,,,,,,,,,,,,,,,,,,,,,,,,,,,,,,,,,,,,,,,,,,,,,,,,,,,,,,,,,,,,,,,,,,,,,,,,,,,31201500,,,,,,,,,,,,,,,,,,,,,,,,,,,,,,,,,,,,,,,,,,,
,,,,,,,Building Materials,Adhesives & Sealants,Tapes,,ASH-40-40-04,1.5x1.5x13' Legacy Emseal Tape,-- Unbranded --,-- No Unilog Brand --,-- No DIB Brand --,Emseal Joint Systems Ltd (EMSJO),Emseal Joint Systems Ltd,Emseal,,ASH-40-40-04,,"Building Materials>Adhesives, Sealants & Tape>Tape","Emseal, Tape, ASH-40-40-04, Expansion Joint",TAPE EXP JNT,"Emseal ASH-40-40-04 Tape, Expansion Joint","Emseal Tape, Expansion Joint","Tape, Expansion Joint",,,,,,,,,,,,,,,,,,,,,,,,,,,Tape,Tape Type,Expansion Joint,,Width,,,Length,,,Color,,,Additional Information,,,,,,,,,,,,,,,,,,,,,,,,,,,,,,,,,,,,,,,,,,,,,,,,,,,,,,,,,,,,,,,,,,,,,,,,,,,,,,,,,,,,,,,,,,,,,,,,,,,,,,,,,,,,,,,,,,,,,,,,,,,,,,,,,,,,,,,,,,,,,31201500,,,,,,,,,,,,,,,,,,,,,,,,,,,,,,,,,,,,,,,,,,,
,,,,,,,Appliances,Large Appliances,Dishwashers,,KDFM404KPS,KDFM404KPS Dishwasher SS,-- Unbranded --,-- No Unilog Brand --,-- No DIB Brand --,Appliance Dealers Cooperative (APPDE),,,,KDFM404KPS,,Appliances & Consumer Electronics>Kitchen Appliances>Built-In Dishwashers,"Dishwasher, KDFM404KPS, Stainless Steel",DISHWASHER SST SST,"KDFM404KPS Dishwasher, Stainless Steel, Stainless Steel","Dishwasher, Stainless Steel, Stainless Steel","Dishwasher, Stainless Steel, Stainless Steel",,,,,,,,,,,,,,,,,,,,,,,,,,,Dishwasher,Series,,,Model,KDFM404KPS,,Number of Wash Cycles,,,Voltage Rating,,,Amperage Rating,,,Mounting Type,,,Plug Type,,,Size,,,Depth With Door Open,,,Minimum Height,,,Maximum Height,,,Sound Level,,,Material,Stainless Steel,,Color,Stainless Steel,,Additional Information,,,,,,,,,,,,,,,,,,,,,,,,,,,,,,,,,,,,,,,,,,,,,,,,,,,,,,,,,,,,,,,,,,,,,,,,,,,,,,,,,,,,,,,,,,,,,,,,,,,,,,,,,,,,,,,52141505,,,,,,,,,,,,,,,,,,,,,,,,,,,,,,,,,,,,,,,,,,,
,,,,,,,Appliances,Large Appliances,Dishwashers,,PDSH4816AF,PDSH4816AF Dishwasher SS - Display Only,-- Unbranded --,-- No Unilog Brand --,-- No DIB Brand --,Appliance Dealers Cooperative (APPDE),,,,PDSH4816AF,,Appliances & Consumer Electronics>Kitchen Appliances>Built-In Dishwashers,"Dishwasher, PDSH4816AF, Stainless Steel",DISHWASHER SST SST,"PDSH4816AF Dishwasher, Stainless Steel, Stainless Steel","Dishwasher, Stainless Steel, Stainless Steel","Dishwasher, Stainless Steel, Stainless Steel",,,,,,,,,,,,,,,,,,,,,,,,,,,Dishwasher,Series,,,Model,PDSH4816AF,,Number of Wash Cycles,,,Voltage Rating,,,Amperage Rating,,,Mounting Type,,,Plug Type,,,Size,,,Depth With Door Open,,,Minimum Height,,,Maximum Height,,,Sound Level,,,Material,Stainless Steel,,Color,Stainless Steel,,Additional Information,,,,,,,,,,,,,,,,,,,,,,,,,,,,,,,,,,,,,,,,,,,,,,,,,,,,,,,,,,,,,,,,,,,,,,,,,,,,,,,,,,,,,,,,,,,,,,,,,,,,,,,,,,,,,,,52141505,,,,,,,,,,,,,,,,,,,,,,,,,,,,,,,,,,,,,,,,,,,
,,,,,,,Appliances,Large Appliances,Dishwashers,,PDT715SYVFS,PDT715SYVFS Ge Dishwasher SS,-- Unbranded --,-- No Unilog Brand --,-- No DIB Brand --,Appliance Dealers Cooperative (APPDE),,GE,,PDT715SYVFS,,Appliances & Consumer Electronics>Kitchen Appliances>Built-In Dishwashers,"GE, Dishwasher, PDT715SYVFS, Stainless Steel",DISHWASHER SST SST,"GE PDT715SYVFS Dishwasher, Stainless Steel, Stainless Steel","GE Dishwasher, Stainless Steel, Stainless Steel","Dishwasher, Stainless Steel, Stainless Steel",,,,,,,,,,,,,,,,,,,,,,,,,,,Dishwasher,Series,,,Model,PDT715SYVFS,,Number of Wash Cycles,,,Voltage Rating,,,Amperage Rating,,,Mounting Type,,,Plug Type,,,Size,,,Depth With Door Open,,,Minimum Height,,,Maximum Height,,,Sound Level,,,Material,Stainless Steel,,Color,Stainless Steel,,Additional Information,,,,,,,,,,,,,,,,,,,,,,,,,,,,,,,,,,,,,,,,,,,,,,,,,,,,,,,,,,,,,,,,,,,,,,,,,,,,,,,,,,,,,,,,,,,,,,,,,,,,,,,,,,,,,,,52141505,,,,,,,,,,,,,,,,,,,,,,,,,,,,,,,,,,,,,,,,,,,
,,,,,,,Appliances,Large Appliances,Dishwashers,,LDPH5554D,LDPH5554D LG Dishwasher BSS,-- Unbranded --,-- No Unilog Brand --,-- No DIB Brand --,Appliance Dealers Cooperative (APPDE),,LG,,LDPH5554D,,Appliances & Consumer Electronics>Kitchen Appliances>Built-In Dishwashers,"LG, Dishwasher, LDPH5554D, Black Stainless Steel",DISHWASHER BSST,"LG LDPH5554D Dishwasher, Black Stainless Steel","LG Dishwasher, Black Stainless Steel","Dishwasher, Black Stainless Steel",,,,,,,,,,,,,,,,,,,,,,,,,,,Dishwasher,Series,,,Model,LDPH5554D,,Number of Wash Cycles,,,Voltage Rating,,,Amperage Rating,,,Mounting Type,,,Plug Type,,,Size,,,Depth With Door Open,,,Minimum Height,,,Maximum Height,,,Sound Level,,,Material,,,Color,Black Stainless Steel,,Additional Information,,,,,,,,,,,,,,,,,,,,,,,,,,,,,,,,,,,,,,,,,,,,,,,,,,,,,,,,,,,,,,,,,,,,,,,,,,,,,,,,,,,,,,,,,,,,,,,,,,,,,,,,,,,,,,,52141505,,,,,,,,,,,,,,,,,,,,,,,,,,,,,,,,,,,,,,,,,,,
,,,,,,,Appliances,Large Appliances,Dishwashers,,WDTS7024RZ,WDTS7024RZ Dishwasher SS - Display Only,-- Unbranded --,-- No Unilog Brand --,-- No DIB Brand --,Appliance Dealers Cooperative (APPDE),,,,WDTS7024RZ,,Appliances & Consumer Electronics>Kitchen Appliances>Built-In Dishwashers,"Dishwasher, WDTS7024RZ, Stainless Steel",DISHWASHER SST SST,"WDTS7024RZ Dishwasher, Stainless Steel, Stainless Steel","Dishwasher, Stainless Steel, Stainless Steel","Dishwasher, Stainless Steel, Stainless Steel",,,,,,,,,,,,,,,,,,,,,,,,,,,Dishwasher,Series,,,Model,WDTS7024RZ,,Number of Wash Cycles,,,Voltage Rating,,,Amperage Rating,,,Mounting Type,,,Plug Type,,,Size,,,Depth With Door Open,,,Minimum Height,,,Maximum Height,,,Sound Level,,,Material,Stainless Steel,,Color,Stainless Steel,,Additional Information,,,,,,,,,,,,,,,,,,,,,,,,,,,,,,,,,,,,,,,,,,,,,,,,,,,,,,,,,,,,,,,,,,,,,,,,,,,,,,,,,,,,,,,,,,,,,,,,,,,,,,,,,,,,,,,52141505,,,,,,,,,,,,,,,,,,,,,,,,,,,,,,,,,,,,,,,,,,,
,,,,,,,Appliances,Large Appliances,Dishwashers,,PDD415PYYFS,PDD415PYYFS GE Dishwasher SS,-- Unbranded --,-- No Unilog Brand --,-- No DIB Brand --,Appliance Dealers Cooperative (APPDE),,GE,,PDD415PYYFS,,Appliances & Consumer Electronics>Kitchen Appliances>Built-In Dishwashers,"GE, Dishwasher, PDD415PYYFS, Stainless Steel",DISHWASHER SST SST,"GE PDD415PYYFS Dishwasher, Stainless Steel, Stainless Steel","GE Dishwasher, Stainless Steel, Stainless Steel","Dishwasher, Stainless Steel, Stainless Steel",,,,,,,,,,,,,,,,,,,,,,,,,,,Dishwasher,Series,,,Model,PDD415PYYFS,,Number of Wash Cycles,,,Voltage Rating,,,Amperage Rating,,,Mounting Type,,,Plug Type,,,Size,,,Depth With Door Open,,,Minimum Height,,,Maximum Height,,,Sound Level,,,Material,Stainless Steel,,Color,Stainless Steel,,Additional Information,,,,,,,,,,,,,,,,,,,,,,,,,,,,,,,,,,,,,,,,,,,,,,,,,,,,,,,,,,,,,,,,,,,,,,,,,,,,,,,,,,,,,,,,,,,,,,,,,,,,,,,,,,,,,,,52141505,,,,,,,,,,,,,,,,,,,,,,,,,,,,,,,,,,,,,,,,,,,
,,,,,,,Appliances,Large Appliances,Dishwashers,,KDTS424SBE,KDTS424SBE Kitchen Aid Dishwasher Bk,-- Unbranded --,-- No Unilog Brand --,-- No DIB Brand --,Appliance Dealers Cooperative (APPDE),,KitchenAid,,KDTS424SBE,,Appliances & Consumer Electronics>Kitchen Appliances>Built-In Dishwashers,"KitchenAid, Dishwasher, KDTS424SBE, Black",DISHWASHER BK,"KitchenAid KDTS424SBE Dishwasher, Black","KitchenAid Dishwasher, Black","Dishwasher, Black",,,,,,,,,,,,,,,,,,,,,,,,,,,Dishwasher,Series,,,Model,KDTS424SBE,,Number of Wash Cycles,,,Voltage Rating,,,Amperage Rating,,,Mounting Type,,,Plug Type,,,Size,,,Depth With Door Open,,,Minimum Height,,,Maximum Height,,,Sound Level,,,Material,,,Color,Black,,Additional Information,,,,,,,,,,,,,,,,,,,,,,,,,,,,,,,,,,,,,,,,,,,,,,,,,,,,,,,,,,,,,,,,,,,,,,,,,,,,,,,,,,,,,,,,,,,,,,,,,,,,,,,,,,,,,,,52141505,,,,,,,,,,,,,,,,,,,,,,,,,,,,,,,,,,,,,,,,,,,
,,,,,,,Appliances,Large Appliances,Dishwashers,,KDTS324SPS,KDTS324SPS Kitchen Aid Dishwasher SS,-- Unbranded --,-- No Unilog Brand --,-- No DIB Brand --,Appliance Dealers Cooperative (APPDE),,KitchenAid,,KDTS324SPS,,Appliances & Consumer Electronics>Kitchen Appliances>Built-In Dishwashers,"KitchenAid, Dishwasher, KDTS324SPS, Stainless Steel",DISHWASHER SST SST,"KitchenAid KDTS324SPS Dishwasher, Stainless Steel, Stainless Steel","KitchenAid Dishwasher, Stainless Steel, Stainless Steel","Dishwasher, Stainless Steel, Stainless Steel",,,,,,,,,,,,,,,,,,,,,,,,,,,Dishwasher,Series,,,Model,KDTS324SPS,,Number of Wash Cycles,,,Voltage Rating,,,Amperage Rating,,,Mounting Type,,,Plug Type,,,Size,,,Depth With Door Open,,,Minimum Height,,,Maximum Height,,,Sound Level,,,Material,Stainless Steel,,Color,Stainless Steel,,Additional Information,,,,,,,,,,,,,,,,,,,,,,,,,,,,,,,,,,,,,,,,,,,,,,,,,,,,,,,,,,,,,,,,,,,,,,,,,,,,,,,,,,,,,,,,,,,,,,,,,,,,,,,,,,,,,,,52141505,,,,,,,,,,,,,,,,,,,,,,,,,,,,,,,,,,,,,,,,,,,
,,,,,,,Appliances,Large Appliances,Dishwashers,,KDPS624SJP,KDPS624SJP Dishwasher Juniper - Display Only,-- Unbranded --,-- No Unilog Brand --,-- No DIB Brand --,Appliance Dealers Cooperative (APPDE),,,,KDPS624SJP,,Appliances & Consumer Electronics>Kitchen Appliances>Built-In Dishwashers,"Dishwasher, KDPS624SJP, Juniper",DISHWASHER JNPR,"KDPS624SJP Dishwasher, Juniper","Dishwasher, Juniper","Dishwasher, Juniper",,,,,,,,,,,,,,,,,,,,,,,,,,,Dishwasher,Series,,,Model,KDPS624SJP,,Number of Wash Cycles,,,Voltage Rating,,,Amperage Rating,,,Mounting Type,,,Plug Type,,,Size,,,Depth With Door Open,,,Minimum Height,,,Maximum Height,,,Sound Level,,,Material,,,Color,Juniper,,Additional Information,,,,,,,,,,,,,,,,,,,,,,,,,,,,,,,,,,,,,,,,,,,,,,,,,,,,,,,,,,,,,,,,,,,,,,,,,,,,,,,,,,,,,,,,,,,,,,,,,,,,,,,,,,,,,,,52141505,,,,,,,,,,,,,,,,,,,,,,,,,,,,,,,,,,,,,,,,,,,
,,,,,,,Appliances,Large Appliances,Dishwashers,,KDTS624SBE,KDTS624SBE Dishwasher BO Display Only,-- Unbranded --,-- No Unilog Brand --,-- No DIB Brand --,Appliance Dealers Cooperative (APPDE),,KitchenAid,,KDTS624SBE,,Appliances & Consumer Electronics>Kitchen Appliances>Built-In Dishwashers,"KitchenAid, Dishwasher, KDTS624SBE, Black Onyx",DISHWASHER BO,"KitchenAid KDTS624SBE Dishwasher, Black Onyx","KitchenAid Dishwasher, Black Onyx","Dishwasher, Black Onyx",,,,,,,,,,,,,,,,,,,,,,,,,,,Dishwasher,Series,,,Model,KDTS624SBE,,Number of Wash Cycles,,,Voltage Rating,,,Amperage Rating,,,Mounting Type,,,Plug Type,,,Size,,,Depth With Door Open,,,Minimum Height,,,Maximum Height,,,Sound Level,,,Material,,,Color,Black Onyx,,Additional Information,,,,,,,,,,,,,,,,,,,,,,,,,,,,,,,,,,,,,,,,,,,,,,,,,,,,,,,,,,,,,,,,,,,,,,,,,,,,,,,,,,,,,,,,,,,,,,,,,,,,,,,,,,,,,,,52141505,,,,,,,,,,,,,,,,,,,,,,,,,,,,,,,,,,,,,,,,,,,
,,,,,,,,,,,D519127,D519127 Heater Kit,-- Unbranded --,-- No Unilog Brand --,-- No DIB Brand --,V & V Appliance Parts Inc (VVAPP),V & V Appliance Parts Inc,,,D519127,,,"V & V Appliance Parts Inc, Product, D519127",PRODUCT,D519127 Product,Product,Product,,,,,,,,,,,,,,,,,,,,,,,,,,,Product,Product Type,,,Size,,,Material,,,Color,,,Additional Information,,,,,,,,,,,,,,,,,,,,,,,,,,,,,,,,,,,,,,,,,,,,,,,,,,,,,,,,,,,,,,,,,,,,,,,,,,,,,,,,,,,,,,,,,,,,,,,,,,,,,,,,,,,,,,,,,,,,,,,,,,,,,,,,,,,,,,,,,,,,,,,,,,,,,,,,,,,,,,,,,,,,,,,,,,,,,,,,,,,,,,,,
,,,,,,,Appliances,Large Appliances,Dryers,,DF7004WE,DF7004WE Speed Queen Elect Dryer Wh,-- Unbranded --,-- No Unilog Brand --,-- No DIB Brand --,Appliance Dealers Cooperative (APPDE),,Speed Queen,,DF7004WE,,Appliances & Consumer Electronics>Laundry Appliances>Dryers,"Speed Queen, Dryer, DF7004WE, Electric, White",DRYER ELEC WH,"Speed Queen DF7004WE Dryer, Electric, White","Speed Queen Dryer, Electric, White","Dryer, Electric, White",,,,,,,,,,,,,,,,,,,,,,,,,,,Dryer,Series,,,Fuel Type,Electric,,Capacity,,,Voltage Rating,,,Number of Cycles,,,Size,,,Material,,,Color,White,,Additional Information,,,,,,,,,,,,,,,,,,,,,,,,,,,,,,,,,,,,,,,,,,,,,,,,,,,,,,,,,,,,,,,,,,,,,,,,,,,,,,,,,,,,,,,,,,,,,,,,,,,,,,,,,,,,,,,,,,,,,,,,,,,,,,,,,52141602,,,,,,,,,,,,,,,,,,,,,,,,,,,,,,,,,,,,,,,,,,,
,,,,,,,Appliances,Large Appliances,Dryers,,DR7004BE,DR7004BE SQ Elect Dryer Bk,-- Unbranded --,-- No Unilog Brand --,-- No DIB Brand --,Appliance Dealers Cooperative (APPDE),,,,DR7004BE,,Appliances & Consumer Electronics>Laundry Appliances>Dryers,"Dryer, DR7004BE, Electric, Black",DRYER ELEC BK,"DR7004BE Dryer, Electric, Black","Dryer, Electric, Black","Dryer, Electric, Black",,,,,,,,,,,,,,,,,,,,,,,,,,,Dryer,Series,,,Fuel Type,Electric,,Capacity,,,Voltage Rating,,,Number of Cycles,,,Size,,,Material,,,Color,Black,,Additional Information,,,,,,,,,,,,,,,,,,,,,,,,,,,,,,,,,,,,,,,,,,,,,,,,,,,,,,,,,,,,,,,,,,,,,,,,,,,,,,,,,,,,,,,,,,,,,,,,,,,,,,,,,,,,,,,,,,,,,,,,,,,,,,,,,52141602,,,,,,,,,,,,,,,,,,,,,,,,,,,,,,,,,,,,,,,,,,,
,,,,,,,Appliances,Large Appliances,Dryers,,DV2000WE,DV2000WE SQ Elect Dryer Wh,-- Unbranded --,-- No Unilog Brand --,-- No DIB Brand --,Appliance Dealers Cooperative (APPDE),,,,DV2000WE,,Appliances & Consumer Electronics>Laundry Appliances>Dryers,"Dryer, DV2000WE, Electric, White",DRYER ELEC WH,"DV2000WE Dryer, Electric, White","Dryer, Electric, White","Dryer, Electric, White",,,,,,,,,,,,,,,,,,,,,,,,,,,Dryer,Series,,,Fuel Type,Electric,,Capacity,,,Voltage Rating,,,Number of Cycles,,,Size,,,Material,,,Color,White,,Additional Information,,,,,,,,,,,,,,,,,,,,,,,,,,,,,,,,,,,,,,,,,,,,,,,,,,,,,,,,,,,,,,,,,,,,,,,,,,,,,,,,,,,,,,,,,,,,,,,,,,,,,,,,,,,,,,,,,,,,,,,,,,,,,,,,,52141602,,,,,,,,,,,,,,,,,,,,,,,,,,,,,,,,,,,,,,,,,,,
,,,,,,,Appliances,Large Appliances,Dryers,,DC5004WE,DC5004WE SQ Elect Dryer Wh,-- Unbranded --,-- No Unilog Brand --,-- No DIB Brand --,Appliance Dealers Cooperative (APPDE),,,,DC5004WE,,Appliances & Consumer Electronics>Laundry Appliances>Dryers,"Dryer, DC5004WE, Electric, White",DRYER ELEC WH,"DC5004WE Dryer, Electric, White","Dryer, Electric, White","Dryer, Electric, White",,,,,,,,,,,,,,,,,,,,,,,,,,,Dryer,Series,,,Fuel Type,Electric,,Capacity,,,Voltage Rating,,,Number of Cycles,,,Size,,,Material,,,Color,White,,Additional Information,,,,,,,,,,,,,,,,,,,,,,,,,,,,,,,,,,,,,,,,,,,,,,,,,,,,,,,,,,,,,,,,,,,,,,,,,,,,,,,,,,,,,,,,,,,,,,,,,,,,,,,,,,,,,,,,,,,,,,,,,,,,,,,,,52141602,,,,,,,,,,,,,,,,,,,,,,,,,,,,,,,,,,,,,,,,,,,
,,,,,,,Appliances,Large Appliances,Dryers,,DC5004BE,DC5004BE SQ Elect Dryer Bk,-- Unbranded --,-- No Unilog Brand --,-- No DIB Brand --,Appliance Dealers Cooperative (APPDE),,,,DC5004BE,,Appliances & Consumer Electronics>Laundry Appliances>Dryers,"Dryer, DC5004BE, Electric, Black",DRYER ELEC BK,"DC5004BE Dryer, Electric, Black","Dryer, Electric, Black","Dryer, Electric, Black",,,,,,,,,,,,,,,,,,,,,,,,,,,Dryer,Series,,,Fuel Type,Electric,,Capacity,,,Voltage Rating,,,Number of Cycles,,,Size,,,Material,,,Color,Black,,Additional Information,,,,,,,,,,,,,,,,,,,,,,,,,,,,,,,,,,,,,,,,,,,,,,,,,,,,,,,,,,,,,,,,,,,,,,,,,,,,,,,,,,,,,,,,,,,,,,,,,,,,,,,,,,,,,,,,,,,,,,,,,,,,,,,,,52141602,,,,,,,,,,,,,,,,,,,,,,,,,,,,,,,,,,,,,,,,,,,
,,,,,,,Appliances,Large Appliances,Washers,,WKE100HWA,WKE100HWA LG Laundry Center Wh - Display,-- Unbranded --,-- No Unilog Brand --,-- No DIB Brand --,Appliance Dealers Cooperative (APPDE),,LG,,WKE100HWA,,Appliances & Consumer Electronics>Laundry Appliances>Washing Machines,"LG, Washer, WKE100HWA, White",WASHER WH,"LG WKE100HWA Washer, White","LG Washer, Laundry Center, White","Washer, White",,,,,,,,,,,,,,,,,,,,,,,,,,,Washer,Series,,,Configuration,Laundry Center,,Capacity,,,Voltage Rating,,,Number of Cycles,,,Size,,,Color,White,,Additional Information,,,,,,,,,,,,,,,,,,,,,,,,,,,,,,,,,,,,,,,,,,,,,,,,,,,,,,,,,,,,,,,,,,,,,,,,,,,,,,,,,,,,,,,,,,,,,,,,,,,,,,,,,,,,,,,,,,,,,,,,,,,,,,,,,,,,52141601,,,,,,,,,,,,,,,,,,,,,,,,,,,,,,,,,,,,,,,,,,,
,,,,,,,Appliances,Large Appliances,Washers,,FF7011WN,FF7011WN Speed Queen Washer Wh,-- Unbranded --,-- No Unilog Brand --,-- No DIB Brand --,Appliance Dealers Cooperative (APPDE),,Speed Queen,,FF7011WN,,Appliances & Consumer Electronics>Laundry Appliances>Washing Machines,"Speed Queen, Washer, FF7011WN, White",WASHER WH,"Speed Queen FF7011WN Washer, White","Speed Queen Washer, White","Washer, White",,,,,,,,,,,,,,,,,,,,,,,,,,,Washer,Series,,,Configuration,,,Capacity,,,Voltage Rating,,,Number of Cycles,,,Size,,,Color,White,,Additional Information,,,,,,,,,,,,,,,,,,,,,,,,,,,,,,,,,,,,,,,,,,,,,,,,,,,,,,,,,,,,,,,,,,,,,,,,,,,,,,,,,,,,,,,,,,,,,,,,,,,,,,,,,,,,,,,,,,,,,,,,,,,,,,,,,,,,52141601,,,,,,,,,,,,,,,,,,,,,,,,,,,,,,,,,,,,,,,,,,,
,,,,,,,Appliances,Large Appliances,Dryers,,PTD70GBPTDG,PTD70GBPTDG GE Gas Dryer DG,-- Unbranded --,-- No Unilog Brand --,-- No DIB Brand --,Appliance Dealers Cooperative (APPDE),,GE,,PTD70GBPTDG,,Appliances & Consumer Electronics>Laundry Appliances>Dryers,"GE, Dryer, PTD70GBPTDG, Gas, Dark Graphite",DRYER GAS DARK GRAPHITE,"GE PTD70GBPTDG Dryer, Gas, Dark Graphite","GE Dryer, Gas, Dark Graphite","Dryer, Gas, Dark Graphite",,,,,,,,,,,,,,,,,,,,,,,,,,,Dryer,Series,,,Fuel Type,Gas,,Capacity,,,Voltage Rating,,,Number of Cycles,,,Size,,,Material,,,Color,Dark Graphite,,Additional Information,,,,,,,,,,,,,,,,,,,,,,,,,,,,,,,,,,,,,,,,,,,,,,,,,,,,,,,,,,,,,,,,,,,,,,,,,,,,,,,,,,,,,,,,,,,,,,,,,,,,,,,,,,,,,,,,,,,,,,,,,,,,,,,,,52141602,,,,,,,,,,,,,,,,,,,,,,,,,,,,,,,,,,,,,,,,,,,
,,,,,,,Appliances,Large Appliances,Dryers,,PTD70GBSTWS,PTD70GBSTWS GE Gas Dryer Wh,-- Unbranded --,-- No Unilog Brand --,-- No DIB Brand --,Appliance Dealers Cooperative (APPDE),,GE,,PTD70GBSTWS,,Appliances & Consumer Electronics>Laundry Appliances>Dryers,"GE, Dryer, PTD70GBSTWS, Gas, White",DRYER GAS WH,"GE PTD70GBSTWS Dryer, Gas, White","GE Dryer, Gas, White","Dryer, Gas, White",,,,,,,,,,,,,,,,,,,,,,,,,,,Dryer,Series,,,Fuel Type,Gas,,Capacity,,,Voltage Rating,,,Number of Cycles,,,Size,,,Material,,,Color,White,,Additional Information,,,,,,,,,,,,,,,,,,,,,,,,,,,,,,,,,,,,,,,,,,,,,,,,,,,,,,,,,,,,,,,,,,,,,,,,,,,,,,,,,,,,,,,,,,,,,,,,,,,,,,,,,,,,,,,,,,,,,,,,,,,,,,,,,52141602,,,,,,,,,,,,,,,,,,,,,,,,,,,,,,,,,,,,,,,,,,,
,,,,,,,Appliances,Large Appliances,Dryers,,DR5004WG,DR5004WG SQ Gas Dryer Wh,-- Unbranded --,-- No Unilog Brand --,-- No DIB Brand --,Appliance Dealers Cooperative (APPDE),,,,DR5004WG,,Appliances & Consumer Electronics>Laundry Appliances>Dryers,"Dryer, DR5004WG, Gas, White",DRYER GAS WH,"DR5004WG Dryer, Gas, White","Dryer, Gas, White","Dryer, Gas, White",,,,,,,,,,,,,,,,,,,,,,,,,,,Dryer,Series,,,Fuel Type,Gas,,Capacity,,,Voltage Rating,,,Number of Cycles,,,Size,,,Material,,,Color,White,,Additional Information,,,,,,,,,,,,,,,,,,,,,,,,,,,,,,,,,,,,,,,,,,,,,,,,,,,,,,,,,,,,,,,,,,,,,,,,,,,,,,,,,,,,,,,,,,,,,,,,,,,,,,,,,,,,,,,,,,,,,,,,,,,,,,,,,52141602,,,,,,,,,,,,,,,,,,,,,,,,,,,,,,,,,,,,,,,,,,,
,,,,,,,Appliances,Large Appliances,Dryers,,DR7004BG,DR7004BG SQ Gas Dryer Bk,-- Unbranded --,-- No Unilog Brand --,-- No DIB Brand --,Appliance Dealers Cooperative (APPDE),,,,DR7004BG,,Appliances & Consumer Electronics>Laundry Appliances>Dryers,"Dryer, DR7004BG, Gas, Black",DRYER GAS BK,"DR7004BG Dryer, Gas, Black","Dryer, Gas, Black","Dryer, Gas, Black",,,,,,,,,,,,,,,,,,,,,,,,,,,Dryer,Series,,,Fuel Type,Gas,,Capacity,,,Voltage Rating,,,Number of Cycles,,,Size,,,Material,,,Color,Black,,Additional Information,,,,,,,,,,,,,,,,,,,,,,,,,,,,,,,,,,,,,,,,,,,,,,,,,,,,,,,,,,,,,,,,,,,,,,,,,,,,,,,,,,,,,,,,,,,,,,,,,,,,,,,,,,,,,,,,,,,,,,,,,,,,,,,,,52141602,,,,,,,,,,,,,,,,,,,,,,,,,,,,,,,,,,,,,,,,,,,
,,,,,,,Appliances,Large Appliances,Dryers,,DR7004WG,DR7004WG SQ Gas Dryer Wh,-- Unbranded --,-- No Unilog Brand --,-- No DIB Brand --,Appliance Dealers Cooperative (APPDE),,,,DR7004WG,,Appliances & Consumer Electronics>Laundry Appliances>Dryers,"Dryer, DR7004WG, Gas, White",DRYER GAS WH,"DR7004WG Dryer, Gas, White","Dryer, Gas, White","Dryer, Gas, White",,,,,,,,,,,,,,,,,,,,,,,,,,,Dryer,Series,,,Fuel Type,Gas,,Capacity,,,Voltage Rating,,,Number of Cycles,,,Size,,,Material,,,Color,White,,Additional Information,,,,,,,,,,,,,,,,,,,,,,,,,,,,,,,,,,,,,,,,,,,,,,,,,,,,,,,,,,,,,,,,,,,,,,,,,,,,,,,,,,,,,,,,,,,,,,,,,,,,,,,,,,,,,,,,,,,,,,,,,,,,,,,,,52141602,,,,,,,,,,,,,,,,,,,,,,,,,,,,,,,,,,,,,,,,,,,
,,,,,,,Appliances,Large Appliances,Dryers,,DV2000WG,DV2000WG SQ Gas Dryer Wh,-- Unbranded --,-- No Unilog Brand --,-- No DIB Brand --,Appliance Dealers Cooperative (APPDE),,,,DV2000WG,,Appliances & Consumer Electronics>Laundry Appliances>Dryers,"Dryer, DV2000WG, Gas, White",DRYER GAS WH,"DV2000WG Dryer, Gas, White","Dryer, Gas, White","Dryer, Gas, White",,,,,,,,,,,,,,,,,,,,,,,,,,,Dryer,Series,,,Fuel Type,Gas,,Capacity,,,Voltage Rating,,,Number of Cycles,,,Size,,,Material,,,Color,White,,Additional Information,,,,,,,,,,,,,,,,,,,,,,,,,,,,,,,,,,,,,,,,,,,,,,,,,,,,,,,,,,,,,,,,,,,,,,,,,,,,,,,,,,,,,,,,,,,,,,,,,,,,,,,,,,,,,,,,,,,,,,,,,,,,,,,,,52141602,,,,,,,,,,,,,,,,,,,,,,,,,,,,,,,,,,,,,,,,,,,
,,,,,,,Appliances,Large Appliances,Dryers,,DC5004WG,DC5004WG SQ Gas Dryer Wh,-- Unbranded --,-- No Unilog Brand --,-- No DIB Brand --,Appliance Dealers Cooperative (APPDE),,,,DC5004WG,,Appliances & Consumer Electronics>Laundry Appliances>Dryers,"Dryer, DC5004WG, Gas, White",DRYER GAS WH,"DC5004WG Dryer, Gas, White","Dryer, Gas, White","Dryer, Gas, White",,,,,,,,,,,,,,,,,,,,,,,,,,,Dryer,Series,,,Fuel Type,Gas,,Capacity,,,Voltage Rating,,,Number of Cycles,,,Size,,,Material,,,Color,White,,Additional Information,,,,,,,,,,,,,,,,,,,,,,,,,,,,,,,,,,,,,,,,,,,,,,,,,,,,,,,,,,,,,,,,,,,,,,,,,,,,,,,,,,,,,,,,,,,,,,,,,,,,,,,,,,,,,,,,,,,,,,,,,,,,,,,,,52141602,,,,,,,,,,,,,,,,,,,,,,,,,,,,,,,,,,,,,,,,,,,
,,,,,,,Appliances,Large Appliances,Dryers,,DC5004BG,DC5004BG SQ Gas Dryer Bk,-- Unbranded --,-- No Unilog Brand --,-- No DIB Brand --,Appliance Dealers Cooperative (APPDE),,,,DC5004BG,,Appliances & Consumer Electronics>Laundry Appliances>Dryers,"Dryer, DC5004BG, Gas, Black",DRYER GAS BK,"DC5004BG Dryer, Gas, Black","Dryer, Gas, Black","Dryer, Gas, Black",,,,,,,,,,,,,,,,,,,,,,,,,,,Dryer,Series,,,Fuel Type,Gas,,Capacity,,,Voltage Rating,,,Number of Cycles,,,Size,,,Material,,,Color,Black,,Additional Information,,,,,,,,,,,,,,,,,,,,,,,,,,,,,,,,,,,,,,,,,,,,,,,,,,,,,,,,,,,,,,,,,,,,,,,,,,,,,,,,,,,,,,,,,,,,,,,,,,,,,,,,,,,,,,,,,,,,,,,,,,,,,,,,,52141602,,,,,,,,,,,,,,,,,,,,,,,,,,,,,,,,,,,,,,,,,,,
,,,,,,,Appliances,Large Appliances,Washers,,PTW705BSTWS,PTW705BSTWS GE Washer Wh,-- Unbranded --,-- No Unilog Brand --,-- No DIB Brand --,Appliance Dealers Cooperative (APPDE),,GE,,PTW705BSTWS,,Appliances & Consumer Electronics>Laundry Appliances>Washing Machines,"GE, Washer, PTW705BSTWS, White",WASHER WH,"GE PTW705BSTWS Washer, White","GE Washer, White","Washer, White",,,,,,,,,,,,,,,,,,,,,,,,,,,Washer,Series,,,Configuration,,,Capacity,,,Voltage Rating,,,Number of Cycles,,,Size,,,Color,White,,Additional Information,,,,,,,,,,,,,,,,,,,,,,,,,,,,,,,,,,,,,,,,,,,,,,,,,,,,,,,,,,,,,,,,,,,,,,,,,,,,,,,,,,,,,,,,,,,,,,,,,,,,,,,,,,,,,,,,,,,,,,,,,,,,,,,,,,,,52141601,,,,,,,,,,,,,,,,,,,,,,,,,,,,,,,,,,,,,,,,,,,
,,,,,,,Appliances,Large Appliances,Washers,,MVWP586GW,MVWP586GW Washer Wh - Display,-- Unbranded --,-- No Unilog Brand --,-- No DIB Brand --,Appliance Dealers Cooperative (APPDE),,,,MVWP586GW,,Appliances & Consumer Electronics>Laundry Appliances>Washing Machines,"Washer, MVWP586GW, White",WASHER WH,"MVWP586GW Washer, White","Washer, White","Washer, White",,,,,,,,,,,,,,,,,,,,,,,,,,,Washer,Series,,,Configuration,,,Capacity,,,Voltage Rating,,,Number of Cycles,,,Size,,,Color,White,,Additional Information,,,,,,,,,,,,,,,,,,,,,,,,,,,,,,,,,,,,,,,,,,,,,,,,,,,,,,,,,,,,,,,,,,,,,,,,,,,,,,,,,,,,,,,,,,,,,,,,,,,,,,,,,,,,,,,,,,,,,,,,,,,,,,,,,,,,52141601,,,,,,,,,,,,,,,,,,,,,,,,,,,,,,,,,,,,,,,,,,,
,,,,,,,Appliances,Large Appliances,Washers,,TV2000WN,TV2000WN SQ Elect Washer,-- Unbranded --,-- No Unilog Brand --,-- No DIB Brand --,Appliance Dealers Cooperative (APPDE),,,,TV2000WN,,Appliances & Consumer Electronics>Laundry Appliances>Washing Machines,"Washer, TV2000WN",WASHER,TV2000WN Washer,Washer,Washer,,,,,,,,,,,,,,,,,,,,,,,,,,,Washer,Series,,,Configuration,,,Capacity,,,Voltage Rating,,,Number of Cycles,,,Size,,,Color,,,Additional Information,,,,,,,,,,,,,,,,,,,,,,,,,,,,,,,,,,,,,,,,,,,,,,,,,,,,,,,,,,,,,,,,,,,,,,,,,,,,,,,,,,,,,,,,,,,,,,,,,,,,,,,,,,,,,,,,,,,,,,,,,,,,,,,,,,,,52141601,,,,,,,,,,,,,,,,,,,,,,,,,,,,,,,,,,,,,,,,,,,
,,,,,,,Appliances,Large Appliances,Washers,,TC5003BN,TC5003BN SQ Washer Bk,-- Unbranded --,-- No Unilog Brand --,-- No DIB Brand --,Appliance Dealers Cooperative (APPDE),,,,TC5003BN,,Appliances & Consumer Electronics>Laundry Appliances>Washing Machines,"Washer, TC5003BN, Black",WASHER BK,"TC5003BN Washer, Black","Washer, Black","Washer, Black",,,,,,,,,,,,,,,,,,,,,,,,,,,Washer,Series,,,Configuration,,,Capacity,,,Voltage Rating,,,Number of Cycles,,,Size,,,Color,Black,,Additional Information,,,,,,,,,,,,,,,,,,,,,,,,,,,,,,,,,,,,,,,,,,,,,,,,,,,,,,,,,,,,,,,,,,,,,,,,,,,,,,,,,,,,,,,,,,,,,,,,,,,,,,,,,,,,,,,,,,,,,,,,,,,,,,,,,,,,52141601,,,,,,,,,,,,,,,,,,,,,,,,,,,,,,,,,,,,,,,,,,,
,,,,,,,Appliances,Large Appliances,Washers,,TR7006WN,TR7006WN Speed Queen Washer Wh,-- Unbranded --,-- No Unilog Brand --,-- No DIB Brand --,Appliance Dealers Cooperative (APPDE),,Speed Queen,,TR7006WN,,Appliances & Consumer Electronics>Laundry Appliances>Washing Machines,"Speed Queen, Washer, TR7006WN, White",WASHER WH,"Speed Queen TR7006WN Washer, White","Speed Queen Washer, White","Washer, White",,,,,,,,,,,,,,,,,,,,,,,,,,,Washer,Series,,,Configuration,,,Capacity,,,Voltage Rating,,,Number of Cycles,,,Size,,,Color,White,,Additional Information,,,,,,,,,,,,,,,,,,,,,,,,,,,,,,,,,,,,,,,,,,,,,,,,,,,,,,,,,,,,,,,,,,,,,,,,,,,,,,,,,,,,,,,,,,,,,,,,,,,,,,,,,,,,,,,,,,,,,,,,,,,,,,,,,,,,52141601,,,,,,,,,,,,,,,,,,,,,,,,,,,,,,,,,,,,,,,,,,,
,,,,,,,Appliances,Large Appliances,Washers,,TR7006BN,TR7006BN Speed Queen Washer Bk,-- Unbranded --,-- No Unilog Brand --,-- No DIB Brand --,Appliance Dealers Cooperative (APPDE),,Speed Queen,,TR7006BN,,Appliances & Consumer Electronics>Laundry Appliances>Washing Machines,"Speed Queen, Washer, TR7006BN, Black",WASHER BK,"Speed Queen TR7006BN Washer, Black","Speed Queen Washer, Black","Washer, Black",,,,,,,,,,,,,,,,,,,,,,,,,,,Washer,Series,,,Configuration,,,Capacity,,,Voltage Rating,,,Number of Cycles,,,Size,,,Color,Black,,Additional Information,,,,,,,,,,,,,,,,,,,,,,,,,,,,,,,,,,,,,,,,,,,,,,,,,,,,,,,,,,,,,,,,,,,,,,,,,,,,,,,,,,,,,,,,,,,,,,,,,,,,,,,,,,,,,,,,,,,,,,,,,,,,,,,,,,,,52141601,,,,,,,,,,,,,,,,,,,,,,,,,,,,,,,,,,,,,,,,,,,
,,,,,,,Appliances,Large Appliances,Washers,,TR5006WN,TR5006WN Speed Queen Washer Wh,-- Unbranded --,-- No Unilog Brand --,-- No DIB Brand --,Appliance Dealers Cooperative (APPDE),,Speed Queen,,TR5006WN,,Appliances & Consumer Electronics>Laundry Appliances>Washing Machines,"Speed Queen, Washer, TR5006WN, White",WASHER WH,"Speed Queen TR5006WN Washer, White","Speed Queen Washer, White","Washer, White",,,,,,,,,,,,,,,,,,,,,,,,,,,Washer,Series,,,Configuration,,,Capacity,,,Voltage Rating,,,Number of Cycles,,,Size,,,Color,White,,Additional Information,,,,,,,,,,,,,,,,,,,,,,,,,,,,,,,,,,,,,,,,,,,,,,,,,,,,,,,,,,,,,,,,,,,,,,,,,,,,,,,,,,,,,,,,,,,,,,,,,,,,,,,,,,,,,,,,,,,,,,,,,,,,,,,,,,,,52141601,,,,,,,,,,,,,,,,,,,,,,,,,,,,,,,,,,,,,,,,,,,
,,,,,,,Tools,Hand Tools,Hand Tools,,05134545001,9516 Kneeling Pad& Bttl Opener,-- Unbranded --,-- No Unilog Brand --,-- No DIB Brand --,Wera Tools NA Inc (WERTO),Wera Tools NA Inc,,,05134545001,,Tools & Hardware>Hand Tools>General Hand Tools,"Wera Tools NA Inc, Hand Tool, 05134545001",HAND TOOL,05134545001 Hand Tool,Hand Tool,Hand Tool,,,,,,,,,,,,,,,,,,,,,,,,,,,Hand Tool,Tool Type,,,Size,,,Drive Size,,,Quantity per Package,,,Material,,,Additional Information,,,,,,,,,,,,,,,,,,,,,,,,,,,,,,,,,,,,,,,,,,,,,,,,,,,,,,,,,,,,,,,,,,,,,,,,,,,,,,,,,,,,,,,,,,,,,,,,,,,,,,,,,,,,,,,,,,,,,,,,,,,,,,,,,,,,,,,,,,27111500,,,,,,,,,,,,,,,,,,,,,,,,,,,,,,,,,,,,,,,,,,,
,,,,,,,Tools,Hand Tools,Hand Tools,,LNL65301,LNL65301 Digital Tire Pressure - Inflator Gauge,-- Unbranded --,-- No Unilog Brand --,-- No DIB Brand --,-,,,,LNL65301,,Tools & Hardware>Hand Tools>General Hand Tools,"Hand Tool, LNL65301",HAND TOOL,LNL65301 Hand Tool,Hand Tool,Hand Tool,,,,,,,,,,,,,,,,,,,,,,,,,,,Hand Tool,Tool Type,,,Size,,,Drive Size,,,Quantity per Package,,,Material,,,Additional Information,,,,,,,,,,,,,,,,,,,,,,,,,,,,,,,,,,,,,,,,,,,,,,,,,,,,,,,,,,,,,,,,,,,,,,,,,,,,,,,,,,,,,,,,,,,,,,,,,,,,,,,,,,,,,,,,,,,,,,,,,,,,,,,,,,,,,,,,,,27111500,,,,,,,,,,,,,,,,,,,,,,,,,,,,,,,,,,,,,,,,,,,
,,,,,,,Building Materials,Adhesives & Sealants,Tapes,,25-A,Charcoal Black 25-A Mortar - Type N,-- Unbranded --,-- No Unilog Brand --,-- No DIB Brand --,Rees Cast Stone Company (REECA),Rees Cast Stone Company,,,25-A,,"Building Materials>Adhesives, Sealants & Tape>Tape","Rees Cast Stone Company, Tape, 25-A, Mortar",TAPE MORTAR,"25-A Tape, Mortar","Tape, Mortar","Tape, Mortar",,,,,,,,,,,,,,,,,,,,,,,,,,,Tape,Tape Type,Mortar,,Width,,,Length,,,Color,,,Additional Information,,,,,,,,,,,,,,,,,,,,,,,,,,,,,,,,,,,,,,,,,,,,,,,,,,,,,,,,,,,,,,,,,,,,,,,,,,,,,,,,,,,,,,,,,,,,,,,,,,,,,,,,,,,,,,,,,,,,,,,,,,,,,,,,,,,,,,,,,,,,,31201500,,,,,,,,,,,,,,,,,,,,,,,,,,,,,,,,,,,,,,,,,,,
,,,,,,,Building Materials,Adhesives & Sealants,Tapes,,38-E,Dark Chocolate 38-E Mortar - Type N,-- Unbranded --,-- No Unilog Brand --,-- No DIB Brand --,Rees Cast Stone Company (REECA),Rees Cast Stone Company,,,38-E,,"Building Materials>Adhesives, Sealants & Tape>Tape","Rees Cast Stone Company, Tape, 38-E, Mortar",TAPE MORTAR,"38-E Tape, Mortar","Tape, Mortar","Tape, Mortar",,,,,,,,,,,,,,,,,,,,,,,,,,,Tape,Tape Type,Mortar,,Width,,,Length,,,Color,,,Additional Information,,,,,,,,,,,,,,,,,,,,,,,,,,,,,,,,,,,,,,,,,,,,,,,,,,,,,,,,,,,,,,,,,,,,,,,,,,,,,,,,,,,,,,,,,,,,,,,,,,,,,,,,,,,,,,,,,,,,,,,,,,,,,,,,,,,,,,,,,,,,,31201500,,,,,,,,,,,,,,,,,,,,,,,,,,,,,,,,,,,,,,,,,,,
,,,,,,,Building Materials,Adhesives & Sealants,Tapes,,59-J,Light Buff 59-J Mortar - Type N,-- Unbranded --,-- No Unilog Brand --,-- No DIB Brand --,Rees Cast Stone Company (REECA),Rees Cast Stone Company,,,59-J,,"Building Materials>Adhesives, Sealants & Tape>Tape","Rees Cast Stone Company, Tape, 59-J, Mortar",TAPE MORTAR,"59-J Tape, Mortar","Tape, Mortar","Tape, Mortar",,,,,,,,,,,,,,,,,,,,,,,,,,,Tape,Tape Type,Mortar,,Width,,,Length,,,Color,,,Additional Information,,,,,,,,,,,,,,,,,,,,,,,,,,,,,,,,,,,,,,,,,,,,,,,,,,,,,,,,,,,,,,,,,,,,,,,,,,,,,,,,,,,,,,,,,,,,,,,,,,,,,,,,,,,,,,,,,,,,,,,,,,,,,,,,,,,,,,,,,,,,,31201500,,,,,,,,,,,,,,,,,,,,,,,,,,,,,,,,,,,,,,,,,,,
,,,,,,,Building Materials,Adhesives & Sealants,Tapes,,44-A,Light Chocolate 44-A Mortar - Type N,-- Unbranded --,-- No Unilog Brand --,-- No DIB Brand --,Rees Cast Stone Company (REECA),Rees Cast Stone Company,,,44-A,,"Building Materials>Adhesives, Sealants & Tape>Tape","Rees Cast Stone Company, Tape, 44-A, Mortar",TAPE MORTAR,"44-A Tape, Mortar","Tape, Mortar","Tape, Mortar",,,,,,,,,,,,,,,,,,,,,,,,,,,Tape,Tape Type,Mortar,,Width,,,Length,,,Color,,,Additional Information,,,,,,,,,,,,,,,,,,,,,,,,,,,,,,,,,,,,,,,,,,,,,,,,,,,,,,,,,,,,,,,,,,,,,,,,,,,,,,,,,,,,,,,,,,,,,,,,,,,,,,,,,,,,,,,,,,,,,,,,,,,,,,,,,,,,,,,,,,,,,31201500,,,,,,,,,,,,,,,,,,,,,,,,,,,,,,,,,,,,,,,,,,,
,,,,,,,Building Materials,Decking,Railing,,543302126,6' Wh Select T-Rail Kit Horiz - w/Sq Composite Balusters,TREX,-- No Unilog Brand --,-- No DIB Brand --,U S Lumber (3073),Boise Cascade Building Materials,TREX,,543302126,,Building Materials>Decking & Railing>Railing Systems,"Boise Cascade Building Materials TREX, Railing Kit, 543302126",RAILING KIT HORIZ RAIL 6FT WH,"TREX 543302126 Railing Kit With Sq Composite Balusters, Horizontal Rail Kit, 6 ft Length, Square Composite Balusters, White","TREX Railing Kit With Sq Composite Balusters, Horizontal Rail Kit, 6 ft Length, Square Composite Balusters, White","Railing Kit, Horizontal Rail Kit, 6 ft Length, Square Composite Balusters, White",,,,,,,,,,,,,,,,,,,,,,With Sq Composite Balusters,,,,,Railing Kit,Product Type,Horizontal Rail Kit,,Length,6,ft,Baluster Type,Square Composite,,Material,Composite,,Color,White,,Additional Information,,,,,,,,,,,,,,,,,,,,,,,,,,,,,,,,,,,,,,,,,,,,,,,,,,,,,,,,,,,,,,,,,,,,,,,,,,,,,,,,,,,,,,,,,,,,,,,,,,,,,,,,,,,,,,,,,,,,,,,,,,,,,,,,,,,,,,,,,,30151800,,,,,,,,,,,,,,,,,,,,,,,,,,,,,,,,,,,,,,,,,,,
,,,,,,,Building Materials,Decking,Railing,,543302146,8' Wh Select T-Rail Kit Horiz - w/Sq Composite Balusters,TREX,-- No Unilog Brand --,-- No DIB Brand --,U S Lumber (3073),Boise Cascade Building Materials,TREX,,543302146,,Building Materials>Decking & Railing>Railing Systems,"Boise Cascade Building Materials TREX, Railing Kit, 543302146",RAILING KIT HORIZ RAIL 8FT WH,"TREX 543302146 Railing Kit With Sq Composite Balusters, Horizontal Rail Kit, 8 ft Length, Square Composite Balusters, White","TREX Railing Kit With Sq Composite Balusters, Horizontal Rail Kit, 8 ft Length, Square Composite Balusters, White","Railing Kit, Horizontal Rail Kit, 8 ft Length, Square Composite Balusters, White",,,,,,,,,,,,,,,,,,,,,,With Sq Composite Balusters,,,,,Railing Kit,Product Type,Horizontal Rail Kit,,Length,8,ft,Baluster Type,Square Composite,,Material,Composite,,Color,White,,Additional Information,,,,,,,,,,,,,,,,,,,,,,,,,,,,,,,,,,,,,,,,,,,,,,,,,,,,,,,,,,,,,,,,,,,,,,,,,,,,,,,,,,,,,,,,,,,,,,,,,,,,,,,,,,,,,,,,,,,,,,,,,,,,,,,,,,,,,,,,,,30151800,,,,,,,,,,,,,,,,,,,,,,,,,,,,,,,,,,,,,,,,,,,
,,,,,,,Building Materials,Decking,Railing,,73019603,Finyline Wh 6' Fl Rail Kit Sq,-- Unbranded --,-- No Unilog Brand --,-- No DIB Brand --,-,,RDI,,73019603,,Building Materials>Decking & Railing>Railing Systems,"RDI, Railing Kit, 73019603, 6 ft Length, White",RAILING KIT 6FT WH,"RDI 73019603 Railing Kit, 6 ft Length, White","RDI Railing Kit, 6 ft Length, White","Railing Kit, 6 ft Length, White",,,,,,,,,,,,,,,,,,,,,,,,,,,Railing Kit,Product Type,,,Length,6,ft,Baluster Type,,,Material,,,Color,White,,Additional Information,,,,,,,,,,,,,,,,,,,,,,,,,,,,,,,,,,,,,,,,,,,,,,,,,,,,,,,,,,,,,,,,,,,,,,,,,,,,,,,,,,,,,,,,,,,,,,,,,,,,,,,,,,,,,,,,,,,,,,,,,,,,,,,,,,,,,,,,,,30151800,,,,,,,,,,,,,,,,,,,,,,,,,,,,,,,,,,,,,,,,,,,
,,,,,,,Building Materials,Decking,Railing,,73019652,Finyline Wh 8' Fl Rail Kit Sq,-- Unbranded --,-- No Unilog Brand --,-- No DIB Brand --,-,,RDI,,73019652,,Building Materials>Decking & Railing>Railing Systems,"RDI, Railing Kit, 73019652, 8 ft Length, White",RAILING KIT 8FT WH,"RDI 73019652 Railing Kit, 8 ft Length, White","RDI Railing Kit, 8 ft Length, White","Railing Kit, 8 ft Length, White",,,,,,,,,,,,,,,,,,,,,,,,,,,Railing Kit,Product Type,,,Length,8,ft,Baluster Type,,,Material,,,Color,White,,Additional Information,,,,,,,,,,,,,,,,,,,,,,,,,,,,,,,,,,,,,,,,,,,,,,,,,,,,,,,,,,,,,,,,,,,,,,,,,,,,,,,,,,,,,,,,,,,,,,,,,,,,,,,,,,,,,,,,,,,,,,,,,,,,,,,,,,,,,,,,,,30151800,,,,,,,,,,,,,,,,,,,,,,,,,,,,,,,,,,,,,,,,,,,
,,,,,,,Building Materials,Decking,Railing,,73019517,Finyline Wh 10' Fl Rail Kit Sq,-- Unbranded --,-- No Unilog Brand --,-- No DIB Brand --,-,,RDI,,73019517,,Building Materials>Decking & Railing>Railing Systems,"RDI, Railing Kit, 73019517, 10 ft Length, White",RAILING KIT 10FT WH,"RDI 73019517 Railing Kit, 10 ft Length, White","RDI Railing Kit, 10 ft Length, White","Railing Kit, 10 ft Length, White",,,,,,,,,,,,,,,,,,,,,,,,,,,Railing Kit,Product Type,,,Length,10,ft,Baluster Type,,,Material,,,Color,White,,Additional Information,,,,,,,,,,,,,,,,,,,,,,,,,,,,,,,,,,,,,,,,,,,,,,,,,,,,,,,,,,,,,,,,,,,,,,,,,,,,,,,,,,,,,,,,,,,,,,,,,,,,,,,,,,,,,,,,,,,,,,,,,,,,,,,,,,,,,,,,,,30151800,,,,,,,,,,,,,,,,,,,,,,,,,,,,,,,,,,,,,,,,,,,
,,,,,,,Building Materials,Decking,Railing,,73019602,Finyline Wh 6' Fl Rail Kit Rd - w/Black Alum Balusters,-- Unbranded --,-- No Unilog Brand --,-- No DIB Brand --,-,,RDI,,73019602,,Building Materials>Decking & Railing>Railing Systems,"RDI, Railing Kit, 73019602, 6 ft Length, Black",RAILING KIT 6FT BK,"RDI 73019602 Railing Kit With Black Alum Balusters, 6 ft Length","RDI Railing Kit With Black Alum Balusters, 6 ft Length, Aluminum","Railing Kit, 6 ft Length, Black",,,,,,,,,,,,,,,,,,,,,,With Black Alum Balusters,,,,,Railing Kit,Product Type,,,Length,6,ft,Baluster Type,,,Material,Aluminum,,Color,Black,,Additional Information,,,,,,,,,,,,,,,,,,,,,,,,,,,,,,,,,,,,,,,,,,,,,,,,,,,,,,,,,,,,,,,,,,,,,,,,,,,,,,,,,,,,,,,,,,,,,,,,,,,,,,,,,,,,,,,,,,,,,,,,,,,,,,,,,,,,,,,,,,30151800,,,,,,,,,,,,,,,,,,,,,,,,,,,,,,,,,,,,,,,,,,,
,,,,,,,Building Materials,Decking,Railing,,73019651,Finyline Wh 8' Fl Rail Kit Rd - w/Black Alum Balusters,-- Unbranded --,-- No Unilog Brand --,-- No DIB Brand --,-,,RDI,,73019651,,Building Materials>Decking & Railing>Railing Systems,"RDI, Railing Kit, 73019651, 8 ft Length, Black",RAILING KIT 8FT BK,"RDI 73019651 Railing Kit With Black Alum Balusters, 8 ft Length","RDI Railing Kit With Black Alum Balusters, 8 ft Length, Aluminum","Railing Kit, 8 ft Length, Black",,,,,,,,,,,,,,,,,,,,,,With Black Alum Balusters,,,,,Railing Kit,Product Type,,,Length,8,ft,Baluster Type,,,Material,Aluminum,,Color,Black,,Additional Information,,,,,,,,,,,,,,,,,,,,,,,,,,,,,,,,,,,,,,,,,,,,,,,,,,,,,,,,,,,,,,,,,,,,,,,,,,,,,,,,,,,,,,,,,,,,,,,,,,,,,,,,,,,,,,,,,,,,,,,,,,,,,,,,,,,,,,,,,,30151800,,,,,,,,,,,,,,,,,,,,,,,,,,,,,,,,,,,,,,,,,,,
,,,,,,,Building Materials,Decking,Railing,,73019516,Finyline Wh 10' Fl Rail Kit Rd - w/Black Alum Balusters,-- Unbranded --,-- No Unilog Brand --,-- No DIB Brand --,-,,RDI,,73019516,,Building Materials>Decking & Railing>Railing Systems,"RDI, Railing Kit, 73019516, 10 ft Length, Black",RAILING KIT 10FT BK,"RDI 73019516 Railing Kit With Black Alum Balusters, 10 ft Length","RDI Railing Kit With Black Alum Balusters, 10 ft Length, Aluminum","Railing Kit, 10 ft Length, Black",,,,,,,,,,,,,,,,,,,,,,With Black Alum Balusters,,,,,Railing Kit,Product Type,,,Length,10,ft,Baluster Type,,,Material,Aluminum,,Color,Black,,Additional Information,,,,,,,,,,,,,,,,,,,,,,,,,,,,,,,,,,,,,,,,,,,,,,,,,,,,,,,,,,,,,,,,,,,,,,,,,,,,,,,,,,,,,,,,,,,,,,,,,,,,,,,,,,,,,,,,,,,,,,,,,,,,,,,,,,,,,,,,,,30151800,,,,,,,,,,,,,,,,,,,,,,,,,,,,,,,,,,,,,,,,,,,
,,,,,,,Building Materials,Decking,Railing,,543300256,6' Black Select Classic Horiz - Rail w/Rnd Black Alum Baluster,TREX,-- No Unilog Brand --,-- No DIB Brand --,Boise Cascade Building Materials (BOICA),Boise Cascade Building Materials,TREX,,543300256,,Building Materials>Decking & Railing>Railing Systems,"Boise Cascade Building Materials TREX, Railing Kit, 543300256",RAILING KIT HORIZ RAIL 6FT BK,"TREX 543300256 Railing Kit With Rnd Black Alum Baluster, Horizontal Rail Kit, 6 ft Length, Round Aluminum Balusters","TREX Railing Kit With Rnd Black Alum Baluster, Horizontal Rail Kit, 6 ft Length, Round Aluminum Balusters, Aluminum","Railing Kit, Horizontal Rail Kit, 6 ft Length, Round Aluminum Balusters, Black",,,,,,,,,,,,,,,,,,,,,,With Rnd Black Alum Baluster,,,,,Railing Kit,Product Type,Horizontal Rail Kit,,Length,6,ft,Baluster Type,Round Aluminum,,Material,Aluminum,,Color,Black,,Additional Information,,,,,,,,,,,,,,,,,,,,,,,,,,,,,,,,,,,,,,,,,,,,,,,,,,,,,,,,,,,,,,,,,,,,,,,,,,,,,,,,,,,,,,,,,,,,,,,,,,,,,,,,,,,,,,,,,,,,,,,,,,,,,,,,,,,,,,,,,,30151800,,,,,,,,,,,,,,,,,,,,,,,,,,,,,,,,,,,,,,,,,,,
,,,,,,,Building Materials,Decking,Railing,,543300276,8' Black Select Classic Horiz - Rail w/Rnd Black Alum Baluster,TREX,-- No Unilog Brand --,-- No DIB Brand --,Boise Cascade Building Materials (BOICA),Boise Cascade Building Materials,TREX,,543300276,,Building Materials>Decking & Railing>Railing Systems,"Boise Cascade Building Materials TREX, Railing Kit, 543300276",RAILING KIT HORIZ RAIL 8FT BK,"TREX 543300276 Railing Kit With Rnd Black Alum Baluster, Horizontal Rail Kit, 8 ft Length, Round Aluminum Balusters","TREX Railing Kit With Rnd Black Alum Baluster, Horizontal Rail Kit, 8 ft Length, Round Aluminum Balusters, Aluminum","Railing Kit, Horizontal Rail Kit, 8 ft Length, Round Aluminum Balusters, Black",,,,,,,,,,,,,,,,,,,,,,With Rnd Black Alum Baluster,,,,,Railing Kit,Product Type,Horizontal Rail Kit,,Length,8,ft,Baluster Type,Round Aluminum,,Material,Aluminum,,Color,Black,,Additional Information,,,,,,,,,,,,,,,,,,,,,,,,,,,,,,,,,,,,,,,,,,,,,,,,,,,,,,,,,,,,,,,,,,,,,,,,,,,,,,,,,,,,,,,,,,,,,,,,,,,,,,,,,,,,,,,,,,,,,,,,,,,,,,,,,,,,,,,,,,30151800,,,,,,,,,,,,,,,,,,,,,,,,,,,,,,,,,,,,,,,,,,,
,,,,,,,Building Materials,Decking,Railing,,73045028,Custom Finyline Wh Gate Sq Bal,-- Unbranded --,-- No Unilog Brand --,-- No DIB Brand --,-,,RDI,,73045028,,Building Materials>Decking & Railing>Railing Systems,"RDI, Railing Kit, 73045028, Gate, Square Aluminum Balusters, White",RAILING KIT GATE WH,"RDI 73045028 Railing Kit, Gate, Square Aluminum Balusters, White","RDI Railing Kit, Gate, Square Aluminum Balusters, White","Railing Kit, Gate, Square Aluminum Balusters, White",,,,,,,,,,,,,,,,,,,,,,,,,,,Railing Kit,Product Type,Gate,,Length,,,Baluster Type,Square Aluminum,,Material,,,Color,White,,Additional Information,,,,,,,,,,,,,,,,,,,,,,,,,,,,,,,,,,,,,,,,,,,,,,,,,,,,,,,,,,,,,,,,,,,,,,,,,,,,,,,,,,,,,,,,,,,,,,,,,,,,,,,,,,,,,,,,,,,,,,,,,,,,,,,,,,,,,,,,,,30151800,,,,,,,,,,,,,,,,,,,,,,,,,,,,,,,,,,,,,,,,,,,
,,,,,,,Building Materials,Decking,Railing,,73045031,Custom Finyline Wh Gate Rd - w/Black Alum Balusters,-- Unbranded --,-- No Unilog Brand --,-- No DIB Brand --,-,,RDI,,73045031,,Building Materials>Decking & Railing>Railing Systems,"RDI, Railing Kit, 73045031, Gate, Black",RAILING KIT GATE BK,"RDI 73045031 Railing Kit With Black Alum Balusters, Gate","RDI Railing Kit With Black Alum Balusters, Gate, Aluminum","Railing Kit, Gate, Black",,,,,,,,,,,,,,,,,,,,,,With Black Alum Balusters,,,,,Railing Kit,Product Type,Gate,,Length,,,Baluster Type,,,Material,Aluminum,,Color,Black,,Additional Information,,,,,,,,,,,,,,,,,,,,,,,,,,,,,,,,,,,,,,,,,,,,,,,,,,,,,,,,,,,,,,,,,,,,,,,,,,,,,,,,,,,,,,,,,,,,,,,,,,,,,,,,,,,,,,,,,,,,,,,,,,,,,,,,,,,,,,,,,,30151800,,,,,,,,,,,,,,,,,,,,,,,,,,,,,,,,,,,,,,,,,,,
,,,,,,,Building Materials,Decking,Railing,,543340126,"6'x36"" Select Alm w/Sq Bal Hor - Assembled Black Rail Panel",TREX,-- No Unilog Brand --,-- No DIB Brand --,Boise Cascade Building Materials (BOICA),Boise Cascade Building Materials,TREX,,543340126,,Building Materials>Decking & Railing>Railing Systems,"Boise Cascade Building Materials TREX, Railing Kit, 543340126, Rail Panel",RAILING KIT RAIL PANEL 6FT BK,"TREX 543340126 Railing Kit With Sq Bal Hor - Assembled Black Rail Panel, 6 ft Length, Square Aluminum Balusters","TREX Railing Kit With Sq Bal Hor - Assembled Black Rail Panel, 6 ft Length, Square Aluminum Balusters, Aluminum","Railing Kit, Rail Panel, 6 ft Length, Square Aluminum Balusters, Black",,,,,,,,,,,,,,,,,,,,,,With Sq Bal Hor - Assembled Black Rail Panel,,,,,Railing Kit,Product Type,Rail Panel,,Length,6,ft,Baluster Type,Square Aluminum,,Material,Aluminum,,Color,Black,,Additional Information,,,,,,,,,,,,,,,,,,,,,,,,,,,,,,,,,,,,,,,,,,,,,,,,,,,,,,,,,,,,,,,,,,,,,,,,,,,,,,,,,,,,,,,,,,,,,,,,,,,,,,,,,,,,,,,,,,,,,,,,,,,,,,,,,,,,,,,,,,30151800,,,,,,,,,,,,,,,,,,,,,,,,,,,,,,,,,,,,,,,,,,,
,,,,,,,Building Materials,Decking,Railing,,543340127,"6'x36"" Select Alm w/Sq Bal Str - Assembled Black Rail Panel",TREX,-- No Unilog Brand --,-- No DIB Brand --,Boise Cascade Building Materials (BOICA),Boise Cascade Building Materials,TREX,,543340127,,Building Materials>Decking & Railing>Railing Systems,"Boise Cascade Building Materials TREX, Railing Kit, 543340127, Rail Panel",RAILING KIT RAIL PANEL 6FT BK,"TREX 543340127 Railing Kit With Sq Bal Str - Assembled Black Rail Panel, 6 ft Length, Square Aluminum Balusters","TREX Railing Kit With Sq Bal Str - Assembled Black Rail Panel, 6 ft Length, Square Aluminum Balusters, Aluminum","Railing Kit, Rail Panel, 6 ft Length, Square Aluminum Balusters, Black",,,,,,,,,,,,,,,,,,,,,,With Sq Bal Str - Assembled Black Rail Panel,,,,,Railing Kit,Product Type,Rail Panel,,Length,6,ft,Baluster Type,Square Aluminum,,Material,Aluminum,,Color,Black,,Additional Information,,,,,,,,,,,,,,,,,,,,,,,,,,,,,,,,,,,,,,,,,,,,,,,,,,,,,,,,,,,,,,,,,,,,,,,,,,,,,,,,,,,,,,,,,,,,,,,,,,,,,,,,,,,,,,,,,,,,,,,,,,,,,,,,,,,,,,,,,,30151800,,,,,,,,,,,,,,,,,,,,,,,,,,,,,,,,,,,,,,,,,,,
,,,,,,,Building Materials,Decking,Railing,,543340146,"8'x36"" Select Alm w/Sq Bal Hor - Assembled Black Rail Panel",TREX,-- No Unilog Brand --,-- No DIB Brand --,Boise Cascade Building Materials (BOICA),Boise Cascade Building Materials,TREX,,543340146,,Building Materials>Decking & Railing>Railing Systems,"Boise Cascade Building Materials TREX, Railing Kit, 543340146, Rail Panel",RAILING KIT RAIL PANEL 8FT BK,"TREX 543340146 Railing Kit With Sq Bal Hor - Assembled Black Rail Panel, 8 ft Length, Square Aluminum Balusters","TREX Railing Kit With Sq Bal Hor - Assembled Black Rail Panel, 8 ft Length, Square Aluminum Balusters, Aluminum","Railing Kit, Rail Panel, 8 ft Length, Square Aluminum Balusters, Black",,,,,,,,,,,,,,,,,,,,,,With Sq Bal Hor - Assembled Black Rail Panel,,,,,Railing Kit,Product Type,Rail Panel,,Length,8,ft,Baluster Type,Square Aluminum,,Material,Aluminum,,Color,Black,,Additional Information,,,,,,,,,,,,,,,,,,,,,,,,,,,,,,,,,,,,,,,,,,,,,,,,,,,,,,,,,,,,,,,,,,,,,,,,,,,,,,,,,,,,,,,,,,,,,,,,,,,,,,,,,,,,,,,,,,,,,,,,,,,,,,,,,,,,,,,,,,30151800,,,,,,,,,,,,,,,,,,,,,,,,,,,,,,,,,,,,,,,,,,,
,,,,,,,Building Materials,Decking,Railing,,543340147,"8'x36"" Select Alm w/Sq Bal Str - Assembled Black Rail Panel",TREX,-- No Unilog Brand --,-- No DIB Brand --,Boise Cascade Building Materials (BOICA),Boise Cascade Building Materials,TREX,,543340147,,Building Materials>Decking & Railing>Railing Systems,"Boise Cascade Building Materials TREX, Railing Kit, 543340147, Rail Panel",RAILING KIT RAIL PANEL 8FT BK,"TREX 543340147 Railing Kit With Sq Bal Str - Assembled Black Rail Panel, 8 ft Length, Square Aluminum Balusters","TREX Railing Kit With Sq Bal Str - Assembled Black Rail Panel, 8 ft Length, Square Aluminum Balusters, Aluminum","Railing Kit, Rail Panel, 8 ft Length, Square Aluminum Balusters, Black",,,,,,,,,,,,,,,,,,,,,,With Sq Bal Str - Assembled Black Rail Panel,,,,,Railing Kit,Product Type,Rail Panel,,Length,8,ft,Baluster Type,Square Aluminum,,Material,Aluminum,,Color,Black,,Additional Information,,,,,,,,,,,,,,,,,,,,,,,,,,,,,,,,,,,,,,,,,,,,,,,,,,,,,,,,,,,,,,,,,,,,,,,,,,,,,,,,,,,,,,,,,,,,,,,,,,,,,,,,,,,,,,,,,,,,,,,,,,,,,,,,,,,,,,,,,,30151800,,,,,,,,,,,,,,,,,,,,,,,,,,,,,,,,,,,,,,,,,,,
,,,,,,,Building Materials,Decking,Composite & PVC Decking,,ADB15516CS,1x6-16' Coastline Sq Edge - Vintage Azek PVC Decking,TIMBERTECH,-- No Unilog Brand --,-- No DIB Brand --,Parksite (6151),Parksite,TIMBERTECH,,ADB15516CS,,Building Materials>Decking & Railing>Composite & PVC Decking,"Parksite TIMBERTECH, Decking Board, ADB15516CS, Vintage, Square Edge, 1x6",DECKING 1X6 16FT SQUARE,"TIMBERTECH ADB15516CS Decking Board, Vintage, Square Edge, 1x6, 16 ft Length","TIMBERTECH Decking Board, Vintage, PVC, Square Edge, 1x6, 16 ft Length","Decking Board, Vintage, Square Edge, 1x6, 16 ft Length",,,,,,,,,,,,,,,,,,,,,,,,,,,Decking Board,Collection,Vintage,,Material,PVC,,Edge Profile,Square,,Nominal Size,1x6,,Length,16,ft,Color,,,Additional Information,,,,,,,,,,,,,,,,,,,,,,,,,,,,,,,,,,,,,,,,,,,,,,,,,,,,,,,,,,,,,,,,,,,,,,,,,,,,,,,,,,,,,,,,,,,,,,,,,,,,,,,,,,,,,,,,,,,,,,,,,,,,,,,,,,,,,,,30103600,,,,,,,,,,,,,,,,,,,,,,,,,,,,,,,,,,,,,,,,,,,
,,,,,,,Building Materials,Decking,Composite & PVC Decking,,ADB15520CS,1x6-20' Coastline Sq Edge - Vintage Azek PVC Decking,TIMBERTECH,-- No Unilog Brand --,-- No DIB Brand --,Parksite (6151),Parksite,TIMBERTECH,,ADB15520CS,,Building Materials>Decking & Railing>Composite & PVC Decking,"Parksite TIMBERTECH, Decking Board, ADB15520CS, Vintage, Square Edge, 1x6",DECKING 1X6 20FT SQUARE,"TIMBERTECH ADB15520CS Decking Board, Vintage, Square Edge, 1x6, 20 ft Length","TIMBERTECH Decking Board, Vintage, PVC, Square Edge, 1x6, 20 ft Length","Decking Board, Vintage, Square Edge, 1x6, 20 ft Length",,,,,,,,,,,,,,,,,,,,,,,,,,,Decking Board,Collection,Vintage,,Material,PVC,,Edge Profile,Square,,Nominal Size,1x6,,Length,20,ft,Color,,,Additional Information,,,,,,,,,,,,,,,,,,,,,,,,,,,,,,,,,,,,,,,,,,,,,,,,,,,,,,,,,,,,,,,,,,,,,,,,,,,,,,,,,,,,,,,,,,,,,,,,,,,,,,,,,,,,,,,,,,,,,,,,,,,,,,,,,,,,,,,30103600,,,,,,,,,,,,,,,,,,,,,,,,,,,,,,,,,,,,,,,,,,,
,,,,,,,Building Materials,Decking,Composite & PVC Decking,,ADB15516EW,1x6-16' English Walnut Sq Edge - Vintage Azek PVC Decking,TIMBERTECH,-- No Unilog Brand --,-- No DIB Brand --,Parksite (6151),Parksite,TIMBERTECH,,ADB15516EW,,Building Materials>Decking & Railing>Composite & PVC Decking,"Parksite TIMBERTECH, Decking Board, ADB15516EW, Vintage, Square Edge, 1x6",DECKING 1X6 16FT SQUARE,"TIMBERTECH ADB15516EW Decking Board, Vintage, Square Edge, 1x6, 16 ft Length","TIMBERTECH Decking Board, Vintage, PVC, Square Edge, 1x6, 16 ft Length","Decking Board, Vintage, Square Edge, 1x6, 16 ft Length",,,,,,,,,,,,,,,,,,,,,,,,,,,Decking Board,Collection,Vintage,,Material,PVC,,Edge Profile,Square,,Nominal Size,1x6,,Length,16,ft,Color,,,Additional Information,,,,,,,,,,,,,,,,,,,,,,,,,,,,,,,,,,,,,,,,,,,,,,,,,,,,,,,,,,,,,,,,,,,,,,,,,,,,,,,,,,,,,,,,,,,,,,,,,,,,,,,,,,,,,,,,,,,,,,,,,,,,,,,,,,,,,,,30103600,,,,,,,,,,,,,,,,,,,,,,,,,,,,,,,,,,,,,,,,,,,
,,,,,,,Building Materials,Decking,Composite & PVC Decking,,ADB15520EW,1x6-20' English Walnut Sq Edge - Vintage Azek PVC Decking,TIMBERTECH,-- No Unilog Brand --,-- No DIB Brand --,Parksite (6151),Parksite,TIMBERTECH,,ADB15520EW,,Building Materials>Decking & Railing>Composite & PVC Decking,"Parksite TIMBERTECH, Decking Board, ADB15520EW, Vintage, Square Edge, 1x6",DECKING 1X6 20FT SQUARE,"TIMBERTECH ADB15520EW Decking Board, Vintage, Square Edge, 1x6, 20 ft Length","TIMBERTECH Decking Board, Vintage, PVC, Square Edge, 1x6, 20 ft Length","Decking Board, Vintage, Square Edge, 1x6, 20 ft Length",,,,,,,,,,,,,,,,,,,,,,,,,,,Decking Board,Collection,Vintage,,Material,PVC,,Edge Profile,Square,,Nominal Size,1x6,,Length,20,ft,Color,,,Additional Information,,,,,,,,,,,,,,,,,,,,,,,,,,,,,,,,,,,,,,,,,,,,,,,,,,,,,,,,,,,,,,,,,,,,,,,,,,,,,,,,,,,,,,,,,,,,,,,,,,,,,,,,,,,,,,,,,,,,,,,,,,,,,,,,,,,,,,,30103600,,,,,,,,,,,,,,,,,,,,,,,,,,,,,,,,,,,,,,,,,,,
,,,,,,,Building Materials,Decking,Composite & PVC Decking,,ADB15516MH,1x6-16' Mahogany Sq Edge - Vintage Azek PVC Decking,TIMBERTECH,-- No Unilog Brand --,-- No DIB Brand --,Parksite (6151),Parksite,TIMBERTECH,,ADB15516MH,,Building Materials>Decking & Railing>Composite & PVC Decking,"Parksite TIMBERTECH, Decking Board, ADB15516MH, Vintage, Square Edge, 1x6",DECKING 1X6 16FT SQUARE,"TIMBERTECH ADB15516MH Decking Board, Vintage, Square Edge, 1x6, 16 ft Length","TIMBERTECH Decking Board, Vintage, PVC, Square Edge, 1x6, 16 ft Length","Decking Board, Vintage, Square Edge, 1x6, 16 ft Length",,,,,,,,,,,,,,,,,,,,,,,,,,,Decking Board,Collection,Vintage,,Material,PVC,,Edge Profile,Square,,Nominal Size,1x6,,Length,16,ft,Color,,,Additional Information,,,,,,,,,,,,,,,,,,,,,,,,,,,,,,,,,,,,,,,,,,,,,,,,,,,,,,,,,,,,,,,,,,,,,,,,,,,,,,,,,,,,,,,,,,,,,,,,,,,,,,,,,,,,,,,,,,,,,,,,,,,,,,,,,,,,,,,30103600,,,,,,,,,,,,,,,,,,,,,,,,,,,,,,,,,,,,,,,,,,,
,,,,,,,Building Materials,Decking,Composite & PVC Decking,,ADB15520MH,1x6-20' Mahogany Sq Edge - Vintage Azek PVC Decking,TIMBERTECH,-- No Unilog Brand --,-- No DIB Brand --,Parksite (6151),Parksite,TIMBERTECH,,ADB15520MH,,Building Materials>Decking & Railing>Composite & PVC Decking,"Parksite TIMBERTECH, Decking Board, ADB15520MH, Vintage, Square Edge, 1x6",DECKING 1X6 20FT SQUARE,"TIMBERTECH ADB15520MH Decking Board, Vintage, Square Edge, 1x6, 20 ft Length","TIMBERTECH Decking Board, Vintage, PVC, Square Edge, 1x6, 20 ft Length","Decking Board, Vintage, Square Edge, 1x6, 20 ft Length",,,,,,,,,,,,,,,,,,,,,,,,,,,Decking Board,Collection,Vintage,,Material,PVC,,Edge Profile,Square,,Nominal Size,1x6,,Length,20,ft,Color,,,Additional Information,,,,,,,,,,,,,,,,,,,,,,,,,,,,,,,,,,,,,,,,,,,,,,,,,,,,,,,,,,,,,,,,,,,,,,,,,,,,,,,,,,,,,,,,,,,,,,,,,,,,,,,,,,,,,,,,,,,,,,,,,,,,,,,,,,,,,,,30103600,,,,,,,,,,,,,,,,,,,,,,,,,,,,,,,,,,,,,,,,,,,
,,,,,,,Building Materials,Decking,Composite & PVC Decking,,ADB15516WT,1x6-16' Weathered Teak Sq Edge - Vintage Azek PVC Decking,TIMBERTECH,-- No Unilog Brand --,-- No DIB Brand --,Parksite (6151),Parksite,TIMBERTECH,,ADB15516WT,,Building Materials>Decking & Railing>Composite & PVC Decking,"Parksite TIMBERTECH, Decking Board, ADB15516WT, Vintage, Square Edge, 1x6",DECKING 1X6 16FT SQUARE,"TIMBERTECH ADB15516WT Decking Board, Vintage, Square Edge, 1x6, 16 ft Length","TIMBERTECH Decking Board, Vintage, PVC, Square Edge, 1x6, 16 ft Length","Decking Board, Vintage, Square Edge, 1x6, 16 ft Length",,,,,,,,,,,,,,,,,,,,,,,,,,,Decking Board,Collection,Vintage,,Material,PVC,,Edge Profile,Square,,Nominal Size,1x6,,Length,16,ft,Color,,,Additional Information,,,,,,,,,,,,,,,,,,,,,,,,,,,,,,,,,,,,,,,,,,,,,,,,,,,,,,,,,,,,,,,,,,,,,,,,,,,,,,,,,,,,,,,,,,,,,,,,,,,,,,,,,,,,,,,,,,,,,,,,,,,,,,,,,,,,,,,30103600,,,,,,,,,,,,,,,,,,,,,,,,,,,,,,,,,,,,,,,,,,,
,,,,,,,Building Materials,Decking,Composite & PVC Decking,,ADB15520WT,1x6-20' Weathered Teak Sq Edge - Vintage Azek PVC Decking,TIMBERTECH,-- No Unilog Brand --,-- No DIB Brand --,Parksite (6151),Parksite,TIMBERTECH,,ADB15520WT,,Building Materials>Decking & Railing>Composite & PVC Decking,"Parksite TIMBERTECH, Decking Board, ADB15520WT, Vintage, Square Edge, 1x6",DECKING 1X6 20FT SQUARE,"TIMBERTECH ADB15520WT Decking Board, Vintage, Square Edge, 1x6, 20 ft Length","TIMBERTECH Decking Board, Vintage, PVC, Square Edge, 1x6, 20 ft Length","Decking Board, Vintage, Square Edge, 1x6, 20 ft Length",,,,,,,,,,,,,,,,,,,,,,,,,,,Decking Board,Collection,Vintage,,Material,PVC,,Edge Profile,Square,,Nominal Size,1x6,,Length,20,ft,Color,,,Additional Information,,,,,,,,,,,,,,,,,,,,,,,,,,,,,,,,,,,,,,,,,,,,,,,,,,,,,,,,,,,,,,,,,,,,,,,,,,,,,,,,,,,,,,,,,,,,,,,,,,,,,,,,,,,,,,,,,,,,,,,,,,,,,,,,,,,,,,,30103600,,,,,,,,,,,,,,,,,,,,,,,,,,,,,,,,,,,,,,,,,,,
,,,,,,,Building Materials,Decking,Composite & PVC Decking,,AGB15512CS,1x6-12' Coastline Grooved - Vintage Azek PVC Decking,TIMBERTECH,-- No Unilog Brand --,-- No DIB Brand --,Parksite (6151),Parksite,TIMBERTECH,,AGB15512CS,,Building Materials>Decking & Railing>Composite & PVC Decking,"Parksite TIMBERTECH, Decking Board, AGB15512CS, Vintage, Grooved Edge, 1x6",DECKING 1X6 12FT GROOVED,"TIMBERTECH AGB15512CS Decking Board, Vintage, Grooved Edge, 1x6, 12 ft Length","TIMBERTECH Decking Board, Vintage, PVC, Grooved Edge, 1x6, 12 ft Length","Decking Board, Vintage, Grooved Edge, 1x6, 12 ft Length",,,,,,,,,,,,,,,,,,,,,,,,,,,Decking Board,Collection,Vintage,,Material,PVC,,Edge Profile,Grooved,,Nominal Size,1x6,,Length,12,ft,Color,,,Additional Information,,,,,,,,,,,,,,,,,,,,,,,,,,,,,,,,,,,,,,,,,,,,,,,,,,,,,,,,,,,,,,,,,,,,,,,,,,,,,,,,,,,,,,,,,,,,,,,,,,,,,,,,,,,,,,,,,,,,,,,,,,,,,,,,,,,,,,,30103600,,,,,,,,,,,,,,,,,,,,,,,,,,,,,,,,,,,,,,,,,,,
,,,,,,,Building Materials,Decking,Composite & PVC Decking,,AGB15516CS,1x6-16' Coastline Grooved - Vintage Azek PVC Decking,TIMBERTECH,-- No Unilog Brand --,-- No DIB Brand --,Parksite (6151),Parksite,TIMBERTECH,,AGB15516CS,,Building Materials>Decking & Railing>Composite & PVC Decking,"Parksite TIMBERTECH, Decking Board, AGB15516CS, Vintage, Grooved Edge, 1x6",DECKING 1X6 16FT GROOVED,"TIMBERTECH AGB15516CS Decking Board, Vintage, Grooved Edge, 1x6, 16 ft Length","TIMBERTECH Decking Board, Vintage, PVC, Grooved Edge, 1x6, 16 ft Length","Decking Board, Vintage, Grooved Edge, 1x6, 16 ft Length",,,,,,,,,,,,,,,,,,,,,,,,,,,Decking Board,Collection,Vintage,,Material,PVC,,Edge Profile,Grooved,,Nominal Size,1x6,,Length,16,ft,Color,,,Additional Information,,,,,,,,,,,,,,,,,,,,,,,,,,,,,,,,,,,,,,,,,,,,,,,,,,,,,,,,,,,,,,,,,,,,,,,,,,,,,,,,,,,,,,,,,,,,,,,,,,,,,,,,,,,,,,,,,,,,,,,,,,,,,,,,,,,,,,,30103600,,,,,,,,,,,,,,,,,,,,,,,,,,,,,,,,,,,,,,,,,,,
,,,,,,,Building Materials,Decking,Composite & PVC Decking,,AGB15520CS,1x6-20' Coastline Grooved - Vintage Azek PVC Decking,TIMBERTECH,-- No Unilog Brand --,-- No DIB Brand --,Parksite (6151),Parksite,TIMBERTECH,,AGB15520CS,,Building Materials>Decking & Railing>Composite & PVC Decking,"Parksite TIMBERTECH, Decking Board, AGB15520CS, Vintage, Grooved Edge, 1x6",DECKING 1X6 20FT GROOVED,"TIMBERTECH AGB15520CS Decking Board, Vintage, Grooved Edge, 1x6, 20 ft Length","TIMBERTECH Decking Board, Vintage, PVC, Grooved Edge, 1x6, 20 ft Length","Decking Board, Vintage, Grooved Edge, 1x6, 20 ft Length",,,,,,,,,,,,,,,,,,,,,,,,,,,Decking Board,Collection,Vintage,,Material,PVC,,Edge Profile,Grooved,,Nominal Size,1x6,,Length,20,ft,Color,,,Additional Information,,,,,,,,,,,,,,,,,,,,,,,,,,,,,,,,,,,,,,,,,,,,,,,,,,,,,,,,,,,,,,,,,,,,,,,,,,,,,,,,,,,,,,,,,,,,,,,,,,,,,,,,,,,,,,,,,,,,,,,,,,,,,,,,,,,,,,,30103600,,,,,,,,,,,,,,,,,,,,,,,,,,,,,,,,,,,,,,,,,,,
,,,,,,,Building Materials,Decking,Composite & PVC Decking,,AGB15512EW,1x6-12' English Walnut Grooved - Vintage Azek PVC Decking,TIMBERTECH,-- No Unilog Brand --,-- No DIB Brand --,Parksite (6151),Parksite,TIMBERTECH,,AGB15512EW,,Building Materials>Decking & Railing>Composite & PVC Decking,"Parksite TIMBERTECH, Decking Board, AGB15512EW, Vintage, Grooved Edge, 1x6",DECKING 1X6 12FT GROOVED,"TIMBERTECH AGB15512EW Decking Board, Vintage, Grooved Edge, 1x6, 12 ft Length","TIMBERTECH Decking Board, Vintage, PVC, Grooved Edge, 1x6, 12 ft Length","Decking Board, Vintage, Grooved Edge, 1x6, 12 ft Length",,,,,,,,,,,,,,,,,,,,,,,,,,,Decking Board,Collection,Vintage,,Material,PVC,,Edge Profile,Grooved,,Nominal Size,1x6,,Length,12,ft,Color,,,Additional Information,,,,,,,,,,,,,,,,,,,,,,,,,,,,,,,,,,,,,,,,,,,,,,,,,,,,,,,,,,,,,,,,,,,,,,,,,,,,,,,,,,,,,,,,,,,,,,,,,,,,,,,,,,,,,,,,,,,,,,,,,,,,,,,,,,,,,,,30103600,,,,,,,,,,,,,,,,,,,,,,,,,,,,,,,,,,,,,,,,,,,
,,,,,,,Building Materials,Decking,Composite & PVC Decking,,AGB15516EW,1x6-16' English Walnut Grooved - Vintage Azek PVC Decking,TIMBERTECH,-- No Unilog Brand --,-- No DIB Brand --,Parksite (6151),Parksite,TIMBERTECH,,AGB15516EW,,Building Materials>Decking & Railing>Composite & PVC Decking,"Parksite TIMBERTECH, Decking Board, AGB15516EW, Vintage, Grooved Edge, 1x6",DECKING 1X6 16FT GROOVED,"TIMBERTECH AGB15516EW Decking Board, Vintage, Grooved Edge, 1x6, 16 ft Length","TIMBERTECH Decking Board, Vintage, PVC, Grooved Edge, 1x6, 16 ft Length","Decking Board, Vintage, Grooved Edge, 1x6, 16 ft Length",,,,,,,,,,,,,,,,,,,,,,,,,,,Decking Board,Collection,Vintage,,Material,PVC,,Edge Profile,Grooved,,Nominal Size,1x6,,Length,16,ft,Color,,,Additional Information,,,,,,,,,,,,,,,,,,,,,,,,,,,,,,,,,,,,,,,,,,,,,,,,,,,,,,,,,,,,,,,,,,,,,,,,,,,,,,,,,,,,,,,,,,,,,,,,,,,,,,,,,,,,,,,,,,,,,,,,,,,,,,,,,,,,,,,30103600,,,,,,,,,,,,,,,,,,,,,,,,,,,,,,,,,,,,,,,,,,,
,,,,,,,Building Materials,Decking,Composite & PVC Decking,,AGB15520EW,1x6-20' English Walnut Grooved - Vintage Azek PVC Decking,TIMBERTECH,-- No Unilog Brand --,-- No DIB Brand --,Parksite (6151),Parksite,TIMBERTECH,,AGB15520EW,,Building Materials>Decking & Railing>Composite & PVC Decking,"Parksite TIMBERTECH, Decking Board, AGB15520EW, Vintage, Grooved Edge, 1x6",DECKING 1X6 20FT GROOVED,"TIMBERTECH AGB15520EW Decking Board, Vintage, Grooved Edge, 1x6, 20 ft Length","TIMBERTECH Decking Board, Vintage, PVC, Grooved Edge, 1x6, 20 ft Length","Decking Board, Vintage, Grooved Edge, 1x6, 20 ft Length",,,,,,,,,,,,,,,,,,,,,,,,,,,Decking Board,Collection,Vintage,,Material,PVC,,Edge Profile,Grooved,,Nominal Size,1x6,,Length,20,ft,Color,,,Additional Information,,,,,,,,,,,,,,,,,,,,,,,,,,,,,,,,,,,,,,,,,,,,,,,,,,,,,,,,,,,,,,,,,,,,,,,,,,,,,,,,,,,,,,,,,,,,,,,,,,,,,,,,,,,,,,,,,,,,,,,,,,,,,,,,,,,,,,,30103600,,,,,,,,,,,,,,,,,,,,,,,,,,,,,,,,,,,,,,,,,,,
,,,,,,,Building Materials,Decking,Composite & PVC Decking,,AGB15512MH,1x6-12' Mahogany Grooved - Vintage Azek PVC Decking,TIMBERTECH,-- No Unilog Brand --,-- No DIB Brand --,Parksite (6151),Parksite,TIMBERTECH,,AGB15512MH,,Building Materials>Decking & Railing>Composite & PVC Decking,"Parksite TIMBERTECH, Decking Board, AGB15512MH, Vintage, Grooved Edge, 1x6",DECKING 1X6 12FT GROOVED,"TIMBERTECH AGB15512MH Decking Board, Vintage, Grooved Edge, 1x6, 12 ft Length","TIMBERTECH Decking Board, Vintage, PVC, Grooved Edge, 1x6, 12 ft Length","Decking Board, Vintage, Grooved Edge, 1x6, 12 ft Length",,,,,,,,,,,,,,,,,,,,,,,,,,,Decking Board,Collection,Vintage,,Material,PVC,,Edge Profile,Grooved,,Nominal Size,1x6,,Length,12,ft,Color,,,Additional Information,,,,,,,,,,,,,,,,,,,,,,,,,,,,,,,,,,,,,,,,,,,,,,,,,,,,,,,,,,,,,,,,,,,,,,,,,,,,,,,,,,,,,,,,,,,,,,,,,,,,,,,,,,,,,,,,,,,,,,,,,,,,,,,,,,,,,,,30103600,,,,,,,,,,,,,,,,,,,,,,,,,,,,,,,,,,,,,,,,,,,
,,,,,,,Building Materials,Decking,Composite & PVC Decking,,AGB15516MH,1x6-16' Mahogany Grooved - Vintage Azek PVC Decking,TIMBERTECH,-- No Unilog Brand --,-- No DIB Brand --,Parksite (6151),Parksite,TIMBERTECH,,AGB15516MH,,Building Materials>Decking & Railing>Composite & PVC Decking,"Parksite TIMBERTECH, Decking Board, AGB15516MH, Vintage, Grooved Edge, 1x6",DECKING 1X6 16FT GROOVED,"TIMBERTECH AGB15516MH Decking Board, Vintage, Grooved Edge, 1x6, 16 ft Length","TIMBERTECH Decking Board, Vintage, PVC, Grooved Edge, 1x6, 16 ft Length","Decking Board, Vintage, Grooved Edge, 1x6, 16 ft Length",,,,,,,,,,,,,,,,,,,,,,,,,,,Decking Board,Collection,Vintage,,Material,PVC,,Edge Profile,Grooved,,Nominal Size,1x6,,Length,16,ft,Color,,,Additional Information,,,,,,,,,,,,,,,,,,,,,,,,,,,,,,,,,,,,,,,,,,,,,,,,,,,,,,,,,,,,,,,,,,,,,,,,,,,,,,,,,,,,,,,,,,,,,,,,,,,,,,,,,,,,,,,,,,,,,,,,,,,,,,,,,,,,,,,30103600,,,,,,,,,,,,,,,,,,,,,,,,,,,,,,,,,,,,,,,,,,,
,,,,,,,Building Materials,Decking,Composite & PVC Decking,,AGB15520MH,1x6-20' Mahogany Grooved - Vintage Azek PVC Decking,TIMBERTECH,-- No Unilog Brand --,-- No DIB Brand --,Parksite (6151),Parksite,TIMBERTECH,,AGB15520MH,,Building Materials>Decking & Railing>Composite & PVC Decking,"Parksite TIMBERTECH, Decking Board, AGB15520MH, Vintage, Grooved Edge, 1x6",DECKING 1X6 20FT GROOVED,"TIMBERTECH AGB15520MH Decking Board, Vintage, Grooved Edge, 1x6, 20 ft Length","TIMBERTECH Decking Board, Vintage, PVC, Grooved Edge, 1x6, 20 ft Length","Decking Board, Vintage, Grooved Edge, 1x6, 20 ft Length",,,,,,,,,,,,,,,,,,,,,,,,,,,Decking Board,Collection,Vintage,,Material,PVC,,Edge Profile,Grooved,,Nominal Size,1x6,,Length,20,ft,Color,,,Additional Information,,,,,,,,,,,,,,,,,,,,,,,,,,,,,,,,,,,,,,,,,,,,,,,,,,,,,,,,,,,,,,,,,,,,,,,,,,,,,,,,,,,,,,,,,,,,,,,,,,,,,,,,,,,,,,,,,,,,,,,,,,,,,,,,,,,,,,,30103600,,,,,,,,,,,,,,,,,,,,,,,,,,,,,,,,,,,,,,,,,,,
,,,,,,,Building Materials,Decking,Composite & PVC Decking,,AGB15512WT,1x6-12' Weathered Teak Grooved - Vintage Azek PVC Decking,TIMBERTECH,-- No Unilog Brand --,-- No DIB Brand --,Parksite (6151),Parksite,TIMBERTECH,,AGB15512WT,,Building Materials>Decking & Railing>Composite & PVC Decking,"Parksite TIMBERTECH, Decking Board, AGB15512WT, Vintage, Grooved Edge, 1x6",DECKING 1X6 12FT GROOVED,"TIMBERTECH AGB15512WT Decking Board, Vintage, Grooved Edge, 1x6, 12 ft Length","TIMBERTECH Decking Board, Vintage, PVC, Grooved Edge, 1x6, 12 ft Length","Decking Board, Vintage, Grooved Edge, 1x6, 12 ft Length",,,,,,,,,,,,,,,,,,,,,,,,,,,Decking Board,Collection,Vintage,,Material,PVC,,Edge Profile,Grooved,,Nominal Size,1x6,,Length,12,ft,Color,,,Additional Information,,,,,,,,,,,,,,,,,,,,,,,,,,,,,,,,,,,,,,,,,,,,,,,,,,,,,,,,,,,,,,,,,,,,,,,,,,,,,,,,,,,,,,,,,,,,,,,,,,,,,,,,,,,,,,,,,,,,,,,,,,,,,,,,,,,,,,,30103600,,,,,,,,,,,,,,,,,,,,,,,,,,,,,,,,,,,,,,,,,,,
,,,,,,,Building Materials,Decking,Composite & PVC Decking,,AGB15516WT,1x6-16' Weathered Teak Grooved - Vintage Azek PVC Decking,TIMBERTECH,-- No Unilog Brand --,-- No DIB Brand --,Parksite (6151),Parksite,TIMBERTECH,,AGB15516WT,,Building Materials>Decking & Railing>Composite & PVC Decking,"Parksite TIMBERTECH, Decking Board, AGB15516WT, Vintage, Grooved Edge, 1x6",DECKING 1X6 16FT GROOVED,"TIMBERTECH AGB15516WT Decking Board, Vintage, Grooved Edge, 1x6, 16 ft Length","TIMBERTECH Decking Board, Vintage, PVC, Grooved Edge, 1x6, 16 ft Length","Decking Board, Vintage, Grooved Edge, 1x6, 16 ft Length",,,,,,,,,,,,,,,,,,,,,,,,,,,Decking Board,Collection,Vintage,,Material,PVC,,Edge Profile,Grooved,,Nominal Size,1x6,,Length,16,ft,Color,,,Additional Information,,,,,,,,,,,,,,,,,,,,,,,,,,,,,,,,,,,,,,,,,,,,,,,,,,,,,,,,,,,,,,,,,,,,,,,,,,,,,,,,,,,,,,,,,,,,,,,,,,,,,,,,,,,,,,,,,,,,,,,,,,,,,,,,,,,,,,,30103600,,,,,,,,,,,,,,,,,,,,,,,,,,,,,,,,,,,,,,,,,,,
,,,,,,,Building Materials,Decking,Composite & PVC Decking,,AGB15520WT,1x6-20' Weathered Teak Grooved - Vintage Azek PVC Decking,TIMBERTECH,-- No Unilog Brand --,-- No DIB Brand --,Parksite (6151),Parksite,TIMBERTECH,,AGB15520WT,,Building Materials>Decking & Railing>Composite & PVC Decking,"Parksite TIMBERTECH, Decking Board, AGB15520WT, Vintage, Grooved Edge, 1x6",DECKING 1X6 20FT GROOVED,"TIMBERTECH AGB15520WT Decking Board, Vintage, Grooved Edge, 1x6, 20 ft Length","TIMBERTECH Decking Board, Vintage, PVC, Grooved Edge, 1x6, 20 ft Length","Decking Board, Vintage, Grooved Edge, 1x6, 20 ft Length",,,,,,,,,,,,,,,,,,,,,,,,,,,Decking Board,Collection,Vintage,,Material,PVC,,Edge Profile,Grooved,,Nominal Size,1x6,,Length,20,ft,Color,,,Additional Information,,,,,,,,,,,,,,,,,,,,,,,,,,,,,,,,,,,,,,,,,,,,,,,,,,,,,,,,,,,,,,,,,,,,,,,,,,,,,,,,,,,,,,,,,,,,,,,,,,,,,,,,,,,,,,,,,,,,,,,,,,,,,,,,,,,,,,,30103600,,,,,,,,,,,,,,,,,,,,,,,,,,,,,,,,,,,,,,,,,,,
,,,,,,,Building Materials,Decking,Composite & PVC Decking,,ADB15516AW,1x6-16' American Walnut Sq Edg - Landmark Azek PVC Decking,TIMBERTECH,-- No Unilog Brand --,-- No DIB Brand --,Parksite (6151),Parksite,TIMBERTECH,,ADB15516AW,,Building Materials>Decking & Railing>Composite & PVC Decking,"Parksite TIMBERTECH, Decking Board, ADB15516AW, Landmark, Square Edge, 1x6",DECKING 1X6 16FT SQUARE,"TIMBERTECH ADB15516AW Decking Board, Landmark, Square Edge, 1x6, 16 ft Length","TIMBERTECH Decking Board, Landmark, PVC, Square Edge, 1x6, 16 ft Length","Decking Board, Landmark, Square Edge, 1x6, 16 ft Length",,,,,,,,,,,,,,,,,,,,,,,,,,,Decking Board,Collection,Landmark,,Material,PVC,,Edge Profile,Square,,Nominal Size,1x6,,Length,16,ft,Color,,,Additional Information,,,,,,,,,,,,,,,,,,,,,,,,,,,,,,,,,,,,,,,,,,,,,,,,,,,,,,,,,,,,,,,,,,,,,,,,,,,,,,,,,,,,,,,,,,,,,,,,,,,,,,,,,,,,,,,,,,,,,,,,,,,,,,,,,,,,,,,30103600,,,,,,,,,,,,,,,,,,,,,,,,,,,,,,,,,,,,,,,,,,,
,,,,,,,Building Materials,Decking,Composite & PVC Decking,,ADB15520AW,1x6-20' American Walnut Sq Edg - Landmark Azek PVC Decking,TIMBERTECH,-- No Unilog Brand --,-- No DIB Brand --,Parksite (6151),Parksite,TIMBERTECH,,ADB15520AW,,Building Materials>Decking & Railing>Composite & PVC Decking,"Parksite TIMBERTECH, Decking Board, ADB15520AW, Landmark, Square Edge, 1x6",DECKING 1X6 20FT SQUARE,"TIMBERTECH ADB15520AW Decking Board, Landmark, Square Edge, 1x6, 20 ft Length","TIMBERTECH Decking Board, Landmark, PVC, Square Edge, 1x6, 20 ft Length","Decking Board, Landmark, Square Edge, 1x6, 20 ft Length",,,,,,,,,,,,,,,,,,,,,,,,,,,Decking Board,Collection,Landmark,,Material,PVC,,Edge Profile,Square,,Nominal Size,1x6,,Length,20,ft,Color,,,Additional Information,,,,,,,,,,,,,,,,,,,,,,,,,,,,,,,,,,,,,,,,,,,,,,,,,,,,,,,,,,,,,,,,,,,,,,,,,,,,,,,,,,,,,,,,,,,,,,,,,,,,,,,,,,,,,,,,,,,,,,,,,,,,,,,,,,,,,,,30103600,,,,,,,,,,,,,,,,,,,,,,,,,,,,,,,,,,,,,,,,,,,
,,,,,,,Building Materials,Decking,Composite & PVC Decking,,ADB15516CG,1x6-16' Castle Gate Sq Edge - Landmark Azek PVC Decking,TIMBERTECH,-- No Unilog Brand --,-- No DIB Brand --,Parksite (6151),Parksite,TIMBERTECH,,ADB15516CG,,Building Materials>Decking & Railing>Composite & PVC Decking,"Parksite TIMBERTECH, Decking Board, ADB15516CG, Landmark, Square Edge, 1x6",DECKING 1X6 16FT SQUARE,"TIMBERTECH ADB15516CG Decking Board, Landmark, Square Edge, 1x6, 16 ft Length","TIMBERTECH Decking Board, Landmark, PVC, Square Edge, 1x6, 16 ft Length","Decking Board, Landmark, Square Edge, 1x6, 16 ft Length",,,,,,,,,,,,,,,,,,,,,,,,,,,Decking Board,Collection,Landmark,,Material,PVC,,Edge Profile,Square,,Nominal Size,1x6,,Length,16,ft,Color,,,Additional Information,,,,,,,,,,,,,,,,,,,,,,,,,,,,,,,,,,,,,,,,,,,,,,,,,,,,,,,,,,,,,,,,,,,,,,,,,,,,,,,,,,,,,,,,,,,,,,,,,,,,,,,,,,,,,,,,,,,,,,,,,,,,,,,,,,,,,,,30103600,,,,,,,,,,,,,,,,,,,,,,,,,,,,,,,,,,,,,,,,,,,
,,,,,,,Building Materials,Decking,Composite & PVC Decking,,ADB15520CG,1x6-20' Castle Gate Sq Edge - Landmark Azek PVC Decking,TIMBERTECH,-- No Unilog Brand --,-- No DIB Brand --,Parksite (6151),Parksite,TIMBERTECH,,ADB15520CG,,Building Materials>Decking & Railing>Composite & PVC Decking,"Parksite TIMBERTECH, Decking Board, ADB15520CG, Landmark, Square Edge, 1x6",DECKING 1X6 20FT SQUARE,"TIMBERTECH ADB15520CG Decking Board, Landmark, Square Edge, 1x6, 20 ft Length","TIMBERTECH Decking Board, Landmark, PVC, Square Edge, 1x6, 20 ft Length","Decking Board, Landmark, Square Edge, 1x6, 20 ft Length",,,,,,,,,,,,,,,,,,,,,,,,,,,Decking Board,Collection,Landmark,,Material,PVC,,Edge Profile,Square,,Nominal Size,1x6,,Length,20,ft,Color,,,Additional Information,,,,,,,,,,,,,,,,,,,,,,,,,,,,,,,,,,,,,,,,,,,,,,,,,,,,,,,,,,,,,,,,,,,,,,,,,,,,,,,,,,,,,,,,,,,,,,,,,,,,,,,,,,,,,,,,,,,,,,,,,,,,,,,,,,,,,,,30103600,,,,,,,,,,,,,,,,,,,,,,,,,,,,,,,,,,,,,,,,,,,
,,,,,,,Building Materials,Decking,Composite & PVC Decking,,ADB15516FW,1x6-16' French White Oak Sq Ed - Landmark Azek PVC Decking,TIMBERTECH,-- No Unilog Brand --,-- No DIB Brand --,Parksite (6151),Parksite,TIMBERTECH,,ADB15516FW,,Building Materials>Decking & Railing>Composite & PVC Decking,"Parksite TIMBERTECH, Decking Board, ADB15516FW, Landmark, Square Edge, 1x6",DECKING 1X6 16FT SQUARE,"TIMBERTECH ADB15516FW Decking Board, Landmark, Square Edge, 1x6, 16 ft Length","TIMBERTECH Decking Board, Landmark, PVC, Square Edge, 1x6, 16 ft Length","Decking Board, Landmark, Square Edge, 1x6, 16 ft Length",,,,,,,,,,,,,,,,,,,,,,,,,,,Decking Board,Collection,Landmark,,Material,PVC,,Edge Profile,Square,,Nominal Size,1x6,,Length,16,ft,Color,,,Additional Information,,,,,,,,,,,,,,,,,,,,,,,,,,,,,,,,,,,,,,,,,,,,,,,,,,,,,,,,,,,,,,,,,,,,,,,,,,,,,,,,,,,,,,,,,,,,,,,,,,,,,,,,,,,,,,,,,,,,,,,,,,,,,,,,,,,,,,,30103600,,,,,,,,,,,,,,,,,,,,,,,,,,,,,,,,,,,,,,,,,,,
,,,,,,,Building Materials,Decking,Composite & PVC Decking,,ADB15520FW,1x6-20' French White Oak Sq Ed - Landmark Azek PVC Decking,TIMBERTECH,-- No Unilog Brand --,-- No DIB Brand --,Parksite (6151),Parksite,TIMBERTECH,,ADB15520FW,,Building Materials>Decking & Railing>Composite & PVC Decking,"Parksite TIMBERTECH, Decking Board, ADB15520FW, Landmark, Square Edge, 1x6",DECKING 1X6 20FT SQUARE,"TIMBERTECH ADB15520FW Decking Board, Landmark, Square Edge, 1x6, 20 ft Length","TIMBERTECH Decking Board, Landmark, PVC, Square Edge, 1x6, 20 ft Length","Decking Board, Landmark, Square Edge, 1x6, 20 ft Length",,,,,,,,,,,,,,,,,,,,,,,,,,,Decking Board,Collection,Landmark,,Material,PVC,,Edge Profile,Square,,Nominal Size,1x6,,Length,20,ft,Color,,,Additional Information,,,,,,,,,,,,,,,,,,,,,,,,,,,,,,,,,,,,,,,,,,,,,,,,,,,,,,,,,,,,,,,,,,,,,,,,,,,,,,,,,,,,,,,,,,,,,,,,,,,,,,,,,,,,,,,,,,,,,,,,,,,,,,,,,,,,,,,30103600,,,,,,,,,,,,,,,,,,,,,,,,,,,,,,,,,,,,,,,,,,,
,,,,,,,Building Materials,Decking,Composite & PVC Decking,,AGB15512AW,1x6-12' American Walnut Groove - Landmark Azek PVC Decking,TIMBERTECH,-- No Unilog Brand --,-- No DIB Brand --,Parksite (6151),Parksite,TIMBERTECH,,AGB15512AW,,Building Materials>Decking & Railing>Composite & PVC Decking,"Parksite TIMBERTECH, Decking Board, AGB15512AW, Landmark, Grooved Edge, 1x6",DECKING 1X6 12FT GROOVED,"TIMBERTECH AGB15512AW Decking Board, Landmark, Grooved Edge, 1x6, 12 ft Length","TIMBERTECH Decking Board, Landmark, PVC, Grooved Edge, 1x6, 12 ft Length","Decking Board, Landmark, Grooved Edge, 1x6, 12 ft Length",,,,,,,,,,,,,,,,,,,,,,,,,,,Decking Board,Collection,Landmark,,Material,PVC,,Edge Profile,Grooved,,Nominal Size,1x6,,Length,12,ft,Color,,,Additional Information,,,,,,,,,,,,,,,,,,,,,,,,,,,,,,,,,,,,,,,,,,,,,,,,,,,,,,,,,,,,,,,,,,,,,,,,,,,,,,,,,,,,,,,,,,,,,,,,,,,,,,,,,,,,,,,,,,,,,,,,,,,,,,,,,,,,,,,30103600,,,,,,,,,,,,,,,,,,,,,,,,,,,,,,,,,,,,,,,,,,,
,,,,,,,Building Materials,Decking,Composite & PVC Decking,,AGB15516AW,1x6-16' American Walnut Groove - Landmark Azek PVC Decking,TIMBERTECH,-- No Unilog Brand --,-- No DIB Brand --,Parksite (6151),Parksite,TIMBERTECH,,AGB15516AW,,Building Materials>Decking & Railing>Composite & PVC Decking,"Parksite TIMBERTECH, Decking Board, AGB15516AW, Landmark, Grooved Edge, 1x6",DECKING 1X6 16FT GROOVED,"TIMBERTECH AGB15516AW Decking Board, Landmark, Grooved Edge, 1x6, 16 ft Length","TIMBERTECH Decking Board, Landmark, PVC, Grooved Edge, 1x6, 16 ft Length","Decking Board, Landmark, Grooved Edge, 1x6, 16 ft Length",,,,,,,,,,,,,,,,,,,,,,,,,,,Decking Board,Collection,Landmark,,Material,PVC,,Edge Profile,Grooved,,Nominal Size,1x6,,Length,16,ft,Color,,,Additional Information,,,,,,,,,,,,,,,,,,,,,,,,,,,,,,,,,,,,,,,,,,,,,,,,,,,,,,,,,,,,,,,,,,,,,,,,,,,,,,,,,,,,,,,,,,,,,,,,,,,,,,,,,,,,,,,,,,,,,,,,,,,,,,,,,,,,,,,30103600,,,,,,,,,,,,,,,,,,,,,,,,,,,,,,,,,,,,,,,,,,,
,,,,,,,Building Materials,Decking,Composite & PVC Decking,,AGB15520AW,1x6-20' American Walnut Groove - Landmark Azek PVC Decking,TIMBERTECH,-- No Unilog Brand --,-- No DIB Brand --,Parksite (6151),Parksite,TIMBERTECH,,AGB15520AW,,Building Materials>Decking & Railing>Composite & PVC Decking,"Parksite TIMBERTECH, Decking Board, AGB15520AW, Landmark, Grooved Edge, 1x6",DECKING 1X6 20FT GROOVED,"TIMBERTECH AGB15520AW Decking Board, Landmark, Grooved Edge, 1x6, 20 ft Length","TIMBERTECH Decking Board, Landmark, PVC, Grooved Edge, 1x6, 20 ft Length","Decking Board, Landmark, Grooved Edge, 1x6, 20 ft Length",,,,,,,,,,,,,,,,,,,,,,,,,,,Decking Board,Collection,Landmark,,Material,PVC,,Edge Profile,Grooved,,Nominal Size,1x6,,Length,20,ft,Color,,,Additional Information,,,,,,,,,,,,,,,,,,,,,,,,,,,,,,,,,,,,,,,,,,,,,,,,,,,,,,,,,,,,,,,,,,,,,,,,,,,,,,,,,,,,,,,,,,,,,,,,,,,,,,,,,,,,,,,,,,,,,,,,,,,,,,,,,,,,,,,30103600,,,,,,,,,,,,,,,,,,,,,,,,,,,,,,,,,,,,,,,,,,,
,,,,,,,Building Materials,Decking,Composite & PVC Decking,,AGB15512CG,1x6-12' Castle Gate Grooved - Landmark Azek PVC Decking,TIMBERTECH,-- No Unilog Brand --,-- No DIB Brand --,Parksite (6151),Parksite,TIMBERTECH,,AGB15512CG,,Building Materials>Decking & Railing>Composite & PVC Decking,"Parksite TIMBERTECH, Decking Board, AGB15512CG, Landmark, Grooved Edge, 1x6",DECKING 1X6 12FT GROOVED,"TIMBERTECH AGB15512CG Decking Board, Landmark, Grooved Edge, 1x6, 12 ft Length","TIMBERTECH Decking Board, Landmark, PVC, Grooved Edge, 1x6, 12 ft Length","Decking Board, Landmark, Grooved Edge, 1x6, 12 ft Length",,,,,,,,,,,,,,,,,,,,,,,,,,,Decking Board,Collection,Landmark,,Material,PVC,,Edge Profile,Grooved,,Nominal Size,1x6,,Length,12,ft,Color,,,Additional Information,,,,,,,,,,,,,,,,,,,,,,,,,,,,,,,,,,,,,,,,,,,,,,,,,,,,,,,,,,,,,,,,,,,,,,,,,,,,,,,,,,,,,,,,,,,,,,,,,,,,,,,,,,,,,,,,,,,,,,,,,,,,,,,,,,,,,,,30103600,,,,,,,,,,,,,,,,,,,,,,,,,,,,,,,,,,,,,,,,,,,
,,,,,,,Building Materials,Decking,Composite & PVC Decking,,AGB15516CG,1x6-16' Castle Gate Grooved - Landmark Azek PVC Decking,TIMBERTECH,-- No Unilog Brand --,-- No DIB Brand --,Parksite (6151),Parksite,TIMBERTECH,,AGB15516CG,,Building Materials>Decking & Railing>Composite & PVC Decking,"Parksite TIMBERTECH, Decking Board, AGB15516CG, Landmark, Grooved Edge, 1x6",DECKING 1X6 16FT GROOVED,"TIMBERTECH AGB15516CG Decking Board, Landmark, Grooved Edge, 1x6, 16 ft Length","TIMBERTECH Decking Board, Landmark, PVC, Grooved Edge, 1x6, 16 ft Length","Decking Board, Landmark, Grooved Edge, 1x6, 16 ft Length",,,,,,,,,,,,,,,,,,,,,,,,,,,Decking Board,Collection,Landmark,,Material,PVC,,Edge Profile,Grooved,,Nominal Size,1x6,,Length,16,ft,Color,,,Additional Information,,,,,,,,,,,,,,,,,,,,,,,,,,,,,,,,,,,,,,,,,,,,,,,,,,,,,,,,,,,,,,,,,,,,,,,,,,,,,,,,,,,,,,,,,,,,,,,,,,,,,,,,,,,,,,,,,,,,,,,,,,,,,,,,,,,,,,,30103600,,,,,,,,,,,,,,,,,,,,,,,,,,,,,,,,,,,,,,,,,,,
,,,,,,,Building Materials,Decking,Composite & PVC Decking,,AGB15520CG,1x6-20' Castle Gate Grooved - Landmark Azek PVC Decking,TIMBERTECH,-- No Unilog Brand --,-- No DIB Brand --,Parksite (6151),Parksite,TIMBERTECH,,AGB15520CG,,Building Materials>Decking & Railing>Composite & PVC Decking,"Parksite TIMBERTECH, Decking Board, AGB15520CG, Landmark, Grooved Edge, 1x6",DECKING 1X6 20FT GROOVED,"TIMBERTECH AGB15520CG Decking Board, Landmark, Grooved Edge, 1x6, 20 ft Length","TIMBERTECH Decking Board, Landmark, PVC, Grooved Edge, 1x6, 20 ft Length","Decking Board, Landmark, Grooved Edge, 1x6, 20 ft Length",,,,,,,,,,,,,,,,,,,,,,,,,,,Decking Board,Collection,Landmark,,Material,PVC,,Edge Profile,Grooved,,Nominal Size,1x6,,Length,20,ft,Color,,,Additional Information,,,,,,,,,,,,,,,,,,,,,,,,,,,,,,,,,,,,,,,,,,,,,,,,,,,,,,,,,,,,,,,,,,,,,,,,,,,,,,,,,,,,,,,,,,,,,,,,,,,,,,,,,,,,,,,,,,,,,,,,,,,,,,,,,,,,,,,30103600,,,,,,,,,,,,,,,,,,,,,,,,,,,,,,,,,,,,,,,,,,,
,,,,,,,Building Materials,Decking,Composite & PVC Decking,,AGB15512FW,1x6-12' French White Oak Groov - Landmark Azek PVC Decking,TIMBERTECH,-- No Unilog Brand --,-- No DIB Brand --,Parksite (6151),Parksite,TIMBERTECH,,AGB15512FW,,Building Materials>Decking & Railing>Composite & PVC Decking,"Parksite TIMBERTECH, Decking Board, AGB15512FW, Landmark, Grooved Edge, 1x6",DECKING 1X6 12FT GROOVED,"TIMBERTECH AGB15512FW Decking Board, Landmark, Grooved Edge, 1x6, 12 ft Length","TIMBERTECH Decking Board, Landmark, PVC, Grooved Edge, 1x6, 12 ft Length","Decking Board, Landmark, Grooved Edge, 1x6, 12 ft Length",,,,,,,,,,,,,,,,,,,,,,,,,,,Decking Board,Collection,Landmark,,Material,PVC,,Edge Profile,Grooved,,Nominal Size,1x6,,Length,12,ft,Color,,,Additional Information,,,,,,,,,,,,,,,,,,,,,,,,,,,,,,,,,,,,,,,,,,,,,,,,,,,,,,,,,,,,,,,,,,,,,,,,,,,,,,,,,,,,,,,,,,,,,,,,,,,,,,,,,,,,,,,,,,,,,,,,,,,,,,,,,,,,,,,30103600,,,,,,,,,,,,,,,,,,,,,,,,,,,,,,,,,,,,,,,,,,,
,,,,,,,Building Materials,Decking,Composite & PVC Decking,,AGB15516FW,1x6-16' French White Oak Groov - Landmark Azek PVC Decking,TIMBERTECH,-- No Unilog Brand --,-- No DIB Brand --,Parksite (6151),Parksite,TIMBERTECH,,AGB15516FW,,Building Materials>Decking & Railing>Composite & PVC Decking,"Parksite TIMBERTECH, Decking Board, AGB15516FW, Landmark, Grooved Edge, 1x6",DECKING 1X6 16FT GROOVED,"TIMBERTECH AGB15516FW Decking Board, Landmark, Grooved Edge, 1x6, 16 ft Length","TIMBERTECH Decking Board, Landmark, PVC, Grooved Edge, 1x6, 16 ft Length","Decking Board, Landmark, Grooved Edge, 1x6, 16 ft Length",,,,,,,,,,,,,,,,,,,,,,,,,,,Decking Board,Collection,Landmark,,Material,PVC,,Edge Profile,Grooved,,Nominal Size,1x6,,Length,16,ft,Color,,,Additional Information,,,,,,,,,,,,,,,,,,,,,,,,,,,,,,,,,,,,,,,,,,,,,,,,,,,,,,,,,,,,,,,,,,,,,,,,,,,,,,,,,,,,,,,,,,,,,,,,,,,,,,,,,,,,,,,,,,,,,,,,,,,,,,,,,,,,,,,30103600,,,,,,,,,,,,,,,,,,,,,,,,,,,,,,,,,,,,,,,,,,,
,,,,,,,Building Materials,Decking,Composite & PVC Decking,,AGB15520FW,1x6-20' French White Oak Groov - Landmark Azek PVC Decking,TIMBERTECH,-- No Unilog Brand --,-- No DIB Brand --,Parksite (6151),Parksite,TIMBERTECH,,AGB15520FW,,Building Materials>Decking & Railing>Composite & PVC Decking,"Parksite TIMBERTECH, Decking Board, AGB15520FW, Landmark, Grooved Edge, 1x6",DECKING 1X6 20FT GROOVED,"TIMBERTECH AGB15520FW Decking Board, Landmark, Grooved Edge, 1x6, 20 ft Length","TIMBERTECH Decking Board, Landmark, PVC, Grooved Edge, 1x6, 20 ft Length","Decking Board, Landmark, Grooved Edge, 1x6, 20 ft Length",,,,,,,,,,,,,,,,,,,,,,,,,,,Decking Board,Collection,Landmark,,Material,PVC,,Edge Profile,Grooved,,Nominal Size,1x6,,Length,20,ft,Color,,,Additional Information,,,,,,,,,,,,,,,,,,,,,,,,,,,,,,,,,,,,,,,,,,,,,,,,,,,,,,,,,,,,,,,,,,,,,,,,,,,,,,,,,,,,,,,,,,,,,,,,,,,,,,,,,,,,,,,,,,,,,,,,,,,,,,,,,,,,,,,30103600,,,,,,,,,,,,,,,,,,,,,,,,,,,,,,,,,,,,,,,,,,,
,,,,,,,Building Materials,Decking,Composite & PVC Decking,,ADCB15516BS,1x6-16' Brownstone Sq Edge - Harvest Azek PVC Decking,TIMBERTECH,-- No Unilog Brand --,-- No DIB Brand --,Parksite (6151),Parksite,TIMBERTECH,,ADCB15516BS,,Building Materials>Decking & Railing>Composite & PVC Decking,"Parksite TIMBERTECH, Decking Board, ADCB15516BS, Harvest, Square Edge, 1x6",DECKING 1X6 16FT SQUARE,"TIMBERTECH ADCB15516BS Decking Board, Harvest, Square Edge, 1x6, 16 ft Length","TIMBERTECH Decking Board, Harvest, PVC, Square Edge, 1x6, 16 ft Length","Decking Board, Harvest, Square Edge, 1x6, 16 ft Length",,,,,,,,,,,,,,,,,,,,,,,,,,,Decking Board,Collection,Harvest,,Material,PVC,,Edge Profile,Square,,Nominal Size,1x6,,Length,16,ft,Color,,,Additional Information,,,,,,,,,,,,,,,,,,,,,,,,,,,,,,,,,,,,,,,,,,,,,,,,,,,,,,,,,,,,,,,,,,,,,,,,,,,,,,,,,,,,,,,,,,,,,,,,,,,,,,,,,,,,,,,,,,,,,,,,,,,,,,,,,,,,,,,30103600,,,,,,,,,,,,,,,,,,,,,,,,,,,,,,,,,,,,,,,,,,,
,,,,,,,Building Materials,Decking,Composite & PVC Decking,,ADCB15520BS,1x6-20' Brownstone Sq Edge - Harvest Azek PVC Decking,TIMBERTECH,-- No Unilog Brand --,-- No DIB Brand --,Parksite (6151),Parksite,TIMBERTECH,,ADCB15520BS,,Building Materials>Decking & Railing>Composite & PVC Decking,"Parksite TIMBERTECH, Decking Board, ADCB15520BS, Harvest, Square Edge, 1x6",DECKING 1X6 20FT SQUARE,"TIMBERTECH ADCB15520BS Decking Board, Harvest, Square Edge, 1x6, 20 ft Length","TIMBERTECH Decking Board, Harvest, PVC, Square Edge, 1x6, 20 ft Length","Decking Board, Harvest, Square Edge, 1x6, 20 ft Length",,,,,,,,,,,,,,,,,,,,,,,,,,,Decking Board,Collection,Harvest,,Material,PVC,,Edge Profile,Square,,Nominal Size,1x6,,Length,20,ft,Color,,,Additional Information,,,,,,,,,,,,,,,,,,,,,,,,,,,,,,,,,,,,,,,,,,,,,,,,,,,,,,,,,,,,,,,,,,,,,,,,,,,,,,,,,,,,,,,,,,,,,,,,,,,,,,,,,,,,,,,,,,,,,,,,,,,,,,,,,,,,,,,30103600,,,,,,,,,,,,,,,,,,,,,,,,,,,,,,,,,,,,,,,,,,,
,,,,,,,Building Materials,Decking,Composite & PVC Decking,,ADCB15516SG,1x6-16' Slate Gray Sq Edge - Harvest Azek PVC Decking,TIMBERTECH,-- No Unilog Brand --,-- No DIB Brand --,Parksite (6151),Parksite,TIMBERTECH,,ADCB15516SG,,Building Materials>Decking & Railing>Composite & PVC Decking,"Parksite TIMBERTECH, Decking Board, ADCB15516SG, Harvest, Square Edge, 1x6",DECKING 1X6 16FT SQUARE,"TIMBERTECH ADCB15516SG Decking Board, Harvest, Square Edge, 1x6, 16 ft Length","TIMBERTECH Decking Board, Harvest, PVC, Square Edge, 1x6, 16 ft Length","Decking Board, Harvest, Square Edge, 1x6, 16 ft Length",,,,,,,,,,,,,,,,,,,,,,,,,,,Decking Board,Collection,Harvest,,Material,PVC,,Edge Profile,Square,,Nominal Size,1x6,,Length,16,ft,Color,,,Additional Information,,,,,,,,,,,,,,,,,,,,,,,,,,,,,,,,,,,,,,,,,,,,,,,,,,,,,,,,,,,,,,,,,,,,,,,,,,,,,,,,,,,,,,,,,,,,,,,,,,,,,,,,,,,,,,,,,,,,,,,,,,,,,,,,,,,,,,,30103600,,,,,,,,,,,,,,,,,,,,,,,,,,,,,,,,,,,,,,,,,,,
,,,,,,,Building Materials,Decking,Composite & PVC Decking,,ADCB15520SG,1x6-20' Slate Gray Sq Edge - Harvest Azek PVC Decking,TIMBERTECH,-- No Unilog Brand --,-- No DIB Brand --,Parksite (6151),Parksite,TIMBERTECH,,ADCB15520SG,,Building Materials>Decking & Railing>Composite & PVC Decking,"Parksite TIMBERTECH, Decking Board, ADCB15520SG, Harvest, Square Edge, 1x6",DECKING 1X6 20FT SQUARE,"TIMBERTECH ADCB15520SG Decking Board, Harvest, Square Edge, 1x6, 20 ft Length","TIMBERTECH Decking Board, Harvest, PVC, Square Edge, 1x6, 20 ft Length","Decking Board, Harvest, Square Edge, 1x6, 20 ft Length",,,,,,,,,,,,,,,,,,,,,,,,,,,Decking Board,Collection,Harvest,,Material,PVC,,Edge Profile,Square,,Nominal Size,1x6,,Length,20,ft,Color,,,Additional Information,,,,,,,,,,,,,,,,,,,,,,,,,,,,,,,,,,,,,,,,,,,,,,,,,,,,,,,,,,,,,,,,,,,,,,,,,,,,,,,,,,,,,,,,,,,,,,,,,,,,,,,,,,,,,,,,,,,,,,,,,,,,,,,,,,,,,,,30103600,,,,,,,,,,,,,,,,,,,,,,,,,,,,,,,,,,,,,,,,,,,
,,,,,,,Building Materials,Decking,Composite & PVC Decking,,AGB15512BS,1x6-12' Brownstone Grooved - Harvest Azek PVC Decking,TIMBERTECH,-- No Unilog Brand --,-- No DIB Brand --,Parksite (6151),Parksite,TIMBERTECH,,AGB15512BS,,Building Materials>Decking & Railing>Composite & PVC Decking,"Parksite TIMBERTECH, Decking Board, AGB15512BS, Harvest, Grooved Edge, 1x6",DECKING 1X6 12FT GROOVED,"TIMBERTECH AGB15512BS Decking Board, Harvest, Grooved Edge, 1x6, 12 ft Length","TIMBERTECH Decking Board, Harvest, PVC, Grooved Edge, 1x6, 12 ft Length","Decking Board, Harvest, Grooved Edge, 1x6, 12 ft Length",,,,,,,,,,,,,,,,,,,,,,,,,,,Decking Board,Collection,Harvest,,Material,PVC,,Edge Profile,Grooved,,Nominal Size,1x6,,Length,12,ft,Color,,,Additional Information,,,,,,,,,,,,,,,,,,,,,,,,,,,,,,,,,,,,,,,,,,,,,,,,,,,,,,,,,,,,,,,,,,,,,,,,,,,,,,,,,,,,,,,,,,,,,,,,,,,,,,,,,,,,,,,,,,,,,,,,,,,,,,,,,,,,,,,30103600,,,,,,,,,,,,,,,,,,,,,,,,,,,,,,,,,,,,,,,,,,,
,,,,,,,Building Materials,Decking,Composite & PVC Decking,,AGB15516BS,1x6-16' Brownstone Grooved - Harvest Azek PVC Decking,TIMBERTECH,-- No Unilog Brand --,-- No DIB Brand --,Parksite (6151),Parksite,TIMBERTECH,,AGB15516BS,,Building Materials>Decking & Railing>Composite & PVC Decking,"Parksite TIMBERTECH, Decking Board, AGB15516BS, Harvest, Grooved Edge, 1x6",DECKING 1X6 16FT GROOVED,"TIMBERTECH AGB15516BS Decking Board, Harvest, Grooved Edge, 1x6, 16 ft Length","TIMBERTECH Decking Board, Harvest, PVC, Grooved Edge, 1x6, 16 ft Length","Decking Board, Harvest, Grooved Edge, 1x6, 16 ft Length",,,,,,,,,,,,,,,,,,,,,,,,,,,Decking Board,Collection,Harvest,,Material,PVC,,Edge Profile,Grooved,,Nominal Size,1x6,,Length,16,ft,Color,,,Additional Information,,,,,,,,,,,,,,,,,,,,,,,,,,,,,,,,,,,,,,,,,,,,,,,,,,,,,,,,,,,,,,,,,,,,,,,,,,,,,,,,,,,,,,,,,,,,,,,,,,,,,,,,,,,,,,,,,,,,,,,,,,,,,,,,,,,,,,,30103600,,,,,,,,,,,,,,,,,,,,,,,,,,,,,,,,,,,,,,,,,,,
,,,,,,,Building Materials,Decking,Composite & PVC Decking,,AGB15520BS,1x6-20' Brownstone Grooved - Harvest Azek PVC Decking,TIMBERTECH,-- No Unilog Brand --,-- No DIB Brand --,Parksite (6151),Parksite,TIMBERTECH,,AGB15520BS,,Building Materials>Decking & Railing>Composite & PVC Decking,"Parksite TIMBERTECH, Decking Board, AGB15520BS, Harvest, Grooved Edge, 1x6",DECKING 1X6 20FT GROOVED,"TIMBERTECH AGB15520BS Decking Board, Harvest, Grooved Edge, 1x6, 20 ft Length","TIMBERTECH Decking Board, Harvest, PVC, Grooved Edge, 1x6, 20 ft Length","Decking Board, Harvest, Grooved Edge, 1x6, 20 ft Length",,,,,,,,,,,,,,,,,,,,,,,,,,,Decking Board,Collection,Harvest,,Material,PVC,,Edge Profile,Grooved,,Nominal Size,1x6,,Length,20,ft,Color,,,Additional Information,,,,,,,,,,,,,,,,,,,,,,,,,,,,,,,,,,,,,,,,,,,,,,,,,,,,,,,,,,,,,,,,,,,,,,,,,,,,,,,,,,,,,,,,,,,,,,,,,,,,,,,,,,,,,,,,,,,,,,,,,,,,,,,,,,,,,,,30103600,,,,,,,,,,,,,,,,,,,,,,,,,,,,,,,,,,,,,,,,,,,
,,,,,,,Building Materials,Decking,Composite & PVC Decking,,AGB15512SG,1x6-12' Slate Gray Grooved - Harvest Azek PVC Decking,TIMBERTECH,-- No Unilog Brand --,-- No DIB Brand --,Parksite (6151),Parksite,TIMBERTECH,,AGB15512SG,,Building Materials>Decking & Railing>Composite & PVC Decking,"Parksite TIMBERTECH, Decking Board, AGB15512SG, Harvest, Grooved Edge, 1x6",DECKING 1X6 12FT GROOVED,"TIMBERTECH AGB15512SG Decking Board, Harvest, Grooved Edge, 1x6, 12 ft Length","TIMBERTECH Decking Board, Harvest, PVC, Grooved Edge, 1x6, 12 ft Length","Decking Board, Harvest, Grooved Edge, 1x6, 12 ft Length",,,,,,,,,,,,,,,,,,,,,,,,,,,Decking Board,Collection,Harvest,,Material,PVC,,Edge Profile,Grooved,,Nominal Size,1x6,,Length,12,ft,Color,,,Additional Information,,,,,,,,,,,,,,,,,,,,,,,,,,,,,,,,,,,,,,,,,,,,,,,,,,,,,,,,,,,,,,,,,,,,,,,,,,,,,,,,,,,,,,,,,,,,,,,,,,,,,,,,,,,,,,,,,,,,,,,,,,,,,,,,,,,,,,,30103600,,,,,,,,,,,,,,,,,,,,,,,,,,,,,,,,,,,,,,,,,,,
,,,,,,,Building Materials,Decking,Composite & PVC Decking,,AGB15516SG,1x6-16' Slate Gray Grooved - Harvest Azek PVC Decking,TIMBERTECH,-- No Unilog Brand --,-- No DIB Brand --,Parksite (6151),Parksite,TIMBERTECH,,AGB15516SG,,Building Materials>Decking & Railing>Composite & PVC Decking,"Parksite TIMBERTECH, Decking Board, AGB15516SG, Harvest, Grooved Edge, 1x6",DECKING 1X6 16FT GROOVED,"TIMBERTECH AGB15516SG Decking Board, Harvest, Grooved Edge, 1x6, 16 ft Length","TIMBERTECH Decking Board, Harvest, PVC, Grooved Edge, 1x6, 16 ft Length","Decking Board, Harvest, Grooved Edge, 1x6, 16 ft Length",,,,,,,,,,,,,,,,,,,,,,,,,,,Decking Board,Collection,Harvest,,Material,PVC,,Edge Profile,Grooved,,Nominal Size,1x6,,Length,16,ft,Color,,,Additional Information,,,,,,,,,,,,,,,,,,,,,,,,,,,,,,,,,,,,,,,,,,,,,,,,,,,,,,,,,,,,,,,,,,,,,,,,,,,,,,,,,,,,,,,,,,,,,,,,,,,,,,,,,,,,,,,,,,,,,,,,,,,,,,,,,,,,,,,30103600,,,,,,,,,,,,,,,,,,,,,,,,,,,,,,,,,,,,,,,,,,,
,,,,,,,Building Materials,Decking,Composite & PVC Decking,,AGB15520SG,1x6-20' Slate Gray Grooved - Harvest Azek PVC Decking,TIMBERTECH,-- No Unilog Brand --,-- No DIB Brand --,Parksite (6151),Parksite,TIMBERTECH,,AGB15520SG,,Building Materials>Decking & Railing>Composite & PVC Decking,"Parksite TIMBERTECH, Decking Board, AGB15520SG, Harvest, Grooved Edge, 1x6",DECKING 1X6 20FT GROOVED,"TIMBERTECH AGB15520SG Decking Board, Harvest, Grooved Edge, 1x6, 20 ft Length","TIMBERTECH Decking Board, Harvest, PVC, Grooved Edge, 1x6, 20 ft Length","Decking Board, Harvest, Grooved Edge, 1x6, 20 ft Length",,,,,,,,,,,,,,,,,,,,,,,,,,,Decking Board,Collection,Harvest,,Material,PVC,,Edge Profile,Grooved,,Nominal Size,1x6,,Length,20,ft,Color,,,Additional Information,,,,,,,,,,,,,,,,,,,,,,,,,,,,,,,,,,,,,,,,,,,,,,,,,,,,,,,,,,,,,,,,,,,,,,,,,,,,,,,,,,,,,,,,,,,,,,,,,,,,,,,,,,,,,,,,,,,,,,,,,,,,,,,,,,,,,,,30103600,,,,,,,,,,,,,,,,,,,,,,,,,,,,,,,,,,,,,,,,,,,
,,,,,,,Building Materials,Decking,Composite & PVC Decking,,543140016,1nx6-16' Biscayne Sq Edge - Trex Transcend Lineage Decking,TREX,-- No Unilog Brand --,-- No DIB Brand --,U S Lumber (3073),Boise Cascade Building Materials,TREX,,543140016,,Building Materials>Decking & Railing>Composite & PVC Decking,"Boise Cascade Building Materials TREX, Decking Board, 543140016",DECKING 1NX6 16FT SQUARE,"TREX 543140016 Decking Board, Transcend Lineage, Square Edge, 1nx6, 16 ft Length","TREX Decking Board, Transcend Lineage, Square Edge, 1nx6, 16 ft Length","Decking Board, Transcend Lineage, Square Edge, 1nx6, 16 ft Length",,,,,,,,,,,,,,,,,,,,,,,,,,,Decking Board,Collection,Transcend Lineage,,Material,,,Edge Profile,Square,,Nominal Size,1nx6,,Length,16,ft,Color,,,Additional Information,,,,,,,,,,,,,,,,,,,,,,,,,,,,,,,,,,,,,,,,,,,,,,,,,,,,,,,,,,,,,,,,,,,,,,,,,,,,,,,,,,,,,,,,,,,,,,,,,,,,,,,,,,,,,,,,,,,,,,,,,,,,,,,,,,,,,,,30103600,,,,,,,,,,,,,,,,,,,,,,,,,,,,,,,,,,,,,,,,,,,
,,,,,,,Building Materials,Decking,Composite & PVC Decking,,543140020,1nx6-20' Biscayne Sq Edge - Trex Transcend Lineage Decking,TREX,-- No Unilog Brand --,-- No DIB Brand --,U S Lumber (3073),Boise Cascade Building Materials,TREX,,543140020,,Building Materials>Decking & Railing>Composite & PVC Decking,"Boise Cascade Building Materials TREX, Decking Board, 543140020",DECKING 1NX6 20FT SQUARE,"TREX 543140020 Decking Board, Transcend Lineage, Square Edge, 1nx6, 20 ft Length","TREX Decking Board, Transcend Lineage, Square Edge, 1nx6, 20 ft Length","Decking Board, Transcend Lineage, Square Edge, 1nx6, 20 ft Length",,,,,,,,,,,,,,,,,,,,,,,,,,,Decking Board,Collection,Transcend Lineage,,Material,,,Edge Profile,Square,,Nominal Size,1nx6,,Length,20,ft,Color,,,Additional Information,,,,,,,,,,,,,,,,,,,,,,,,,,,,,,,,,,,,,,,,,,,,,,,,,,,,,,,,,,,,,,,,,,,,,,,,,,,,,,,,,,,,,,,,,,,,,,,,,,,,,,,,,,,,,,,,,,,,,,,,,,,,,,,,,,,,,,,30103600,,,,,,,,,,,,,,,,,,,,,,,,,,,,,,,,,,,,,,,,,,,
,,,,,,,Building Materials,Decking,Composite & PVC Decking,,543142016,1nx6-16' Carmel Sq Edge - Trex Transcend Lineage Decking,TREX,-- No Unilog Brand --,-- No DIB Brand --,U S Lumber (3073),Boise Cascade Building Materials,TREX,,543142016,,Building Materials>Decking & Railing>Composite & PVC Decking,"Boise Cascade Building Materials TREX, Decking Board, 543142016",DECKING 1NX6 16FT SQUARE,"TREX 543142016 Decking Board, Transcend Lineage, Square Edge, 1nx6, 16 ft Length","TREX Decking Board, Transcend Lineage, Square Edge, 1nx6, 16 ft Length","Decking Board, Transcend Lineage, Square Edge, 1nx6, 16 ft Length",,,,,,,,,,,,,,,,,,,,,,,,,,,Decking Board,Collection,Transcend Lineage,,Material,,,Edge Profile,Square,,Nominal Size,1nx6,,Length,16,ft,Color,,,Additional Information,,,,,,,,,,,,,,,,,,,,,,,,,,,,,,,,,,,,,,,,,,,,,,,,,,,,,,,,,,,,,,,,,,,,,,,,,,,,,,,,,,,,,,,,,,,,,,,,,,,,,,,,,,,,,,,,,,,,,,,,,,,,,,,,,,,,,,,30103600,,,,,,,,,,,,,,,,,,,,,,,,,,,,,,,,,,,,,,,,,,,
,,,,,,,Building Materials,Decking,Composite & PVC Decking,,543142020,1nx6-20' Carmel Sq Edge - Trex Transcend Lineage Decking,TREX,-- No Unilog Brand --,-- No DIB Brand --,U S Lumber (3073),Boise Cascade Building Materials,TREX,,543142020,,Building Materials>Decking & Railing>Composite & PVC Decking,"Boise Cascade Building Materials TREX, Decking Board, 543142020",DECKING 1NX6 20FT SQUARE,"TREX 543142020 Decking Board, Transcend Lineage, Square Edge, 1nx6, 20 ft Length","TREX Decking Board, Transcend Lineage, Square Edge, 1nx6, 20 ft Length","Decking Board, Transcend Lineage, Square Edge, 1nx6, 20 ft Length",,,,,,,,,,,,,,,,,,,,,,,,,,,Decking Board,Collection,Transcend Lineage,,Material,,,Edge Profile,Square,,Nominal Size,1nx6,,Length,20,ft,Color,,,Additional Information,,,,,,,,,,,,,,,,,,,,,,,,,,,,,,,,,,,,,,,,,,,,,,,,,,,,,,,,,,,,,,,,,,,,,,,,,,,,,,,,,,,,,,,,,,,,,,,,,,,,,,,,,,,,,,,,,,,,,,,,,,,,,,,,,,,,,,,30103600,,,,,,,,,,,,,,,,,,,,,,,,,,,,,,,,,,,,,,,,,,,
,,,,,,,Building Materials,Decking,Composite & PVC Decking,,543144016,1nx6-16' Island Mist Sq Edge - Trex Transcend Lineage Decking,TREX,-- No Unilog Brand --,-- No DIB Brand --,U S Lumber (3073),Boise Cascade Building Materials,TREX,,543144016,,Building Materials>Decking & Railing>Composite & PVC Decking,"Boise Cascade Building Materials TREX, Decking Board, 543144016",DECKING 1NX6 16FT SQUARE,"TREX 543144016 Decking Board, Transcend Lineage, Square Edge, 1nx6, 16 ft Length","TREX Decking Board, Transcend Lineage, Square Edge, 1nx6, 16 ft Length","Decking Board, Transcend Lineage, Square Edge, 1nx6, 16 ft Length",,,,,,,,,,,,,,,,,,,,,,,,,,,Decking Board,Collection,Transcend Lineage,,Material,,,Edge Profile,Square,,Nominal Size,1nx6,,Length,16,ft,Color,,,Additional Information,,,,,,,,,,,,,,,,,,,,,,,,,,,,,,,,,,,,,,,,,,,,,,,,,,,,,,,,,,,,,,,,,,,,,,,,,,,,,,,,,,,,,,,,,,,,,,,,,,,,,,,,,,,,,,,,,,,,,,,,,,,,,,,,,,,,,,,30103600,,,,,,,,,,,,,,,,,,,,,,,,,,,,,,,,,,,,,,,,,,,
,,,,,,,Building Materials,Decking,Composite & PVC Decking,,543144020,1nx6-20' Island Mist Sq Edge - Trex Transcend Lineage Decking,TREX,-- No Unilog Brand --,-- No DIB Brand --,U S Lumber (3073),Boise Cascade Building Materials,TREX,,543144020,,Building Materials>Decking & Railing>Composite & PVC Decking,"Boise Cascade Building Materials TREX, Decking Board, 543144020",DECKING 1NX6 20FT SQUARE,"TREX 543144020 Decking Board, Transcend Lineage, Square Edge, 1nx6, 20 ft Length","TREX Decking Board, Transcend Lineage, Square Edge, 1nx6, 20 ft Length","Decking Board, Transcend Lineage, Square Edge, 1nx6, 20 ft Length",,,,,,,,,,,,,,,,,,,,,,,,,,,Decking Board,Collection,Transcend Lineage,,Material,,,Edge Profile,Square,,Nominal Size,1nx6,,Length,20,ft,Color,,,Additional Information,,,,,,,,,,,,,,,,,,,,,,,,,,,,,,,,,,,,,,,,,,,,,,,,,,,,,,,,,,,,,,,,,,,,,,,,,,,,,,,,,,,,,,,,,,,,,,,,,,,,,,,,,,,,,,,,,,,,,,,,,,,,,,,,,,,,,,,30103600,,,,,,,,,,,,,,,,,,,,,,,,,,,,,,,,,,,,,,,,,,,
,,,,,,,Building Materials,Decking,Composite & PVC Decking,,543143016,1nx6-16' Jasper Sq Edge - Trex Transcend Lineage Decking,TREX,-- No Unilog Brand --,-- No DIB Brand --,U S Lumber (3073),Boise Cascade Building Materials,TREX,,543143016,,Building Materials>Decking & Railing>Composite & PVC Decking,"Boise Cascade Building Materials TREX, Decking Board, 543143016",DECKING 1NX6 16FT SQUARE,"TREX 543143016 Decking Board, Transcend Lineage, Square Edge, 1nx6, 16 ft Length","TREX Decking Board, Transcend Lineage, Square Edge, 1nx6, 16 ft Length","Decking Board, Transcend Lineage, Square Edge, 1nx6, 16 ft Length",,,,,,,,,,,,,,,,,,,,,,,,,,,Decking Board,Collection,Transcend Lineage,,Material,,,Edge Profile,Square,,Nominal Size,1nx6,,Length,16,ft,Color,,,Additional Information,,,,,,,,,,,,,,,,,,,,,,,,,,,,,,,,,,,,,,,,,,,,,,,,,,,,,,,,,,,,,,,,,,,,,,,,,,,,,,,,,,,,,,,,,,,,,,,,,,,,,,,,,,,,,,,,,,,,,,,,,,,,,,,,,,,,,,,30103600,,,,,,,,,,,,,,,,,,,,,,,,,,,,,,,,,,,,,,,,,,,
,,,,,,,Building Materials,Decking,Composite & PVC Decking,,543143020,1nx6-20' Jasper Sq Edge - Trex Transcend Lineage Decking,TREX,-- No Unilog Brand --,-- No DIB Brand --,U S Lumber (3073),Boise Cascade Building Materials,TREX,,543143020,,Building Materials>Decking & Railing>Composite & PVC Decking,"Boise Cascade Building Materials TREX, Decking Board, 543143020",DECKING 1NX6 20FT SQUARE,"TREX 543143020 Decking Board, Transcend Lineage, Square Edge, 1nx6, 20 ft Length","TREX Decking Board, Transcend Lineage, Square Edge, 1nx6, 20 ft Length","Decking Board, Transcend Lineage, Square Edge, 1nx6, 20 ft Length",,,,,,,,,,,,,,,,,,,,,,,,,,,Decking Board,Collection,Transcend Lineage,,Material,,,Edge Profile,Square,,Nominal Size,1nx6,,Length,20,ft,Color,,,Additional Information,,,,,,,,,,,,,,,,,,,,,,,,,,,,,,,,,,,,,,,,,,,,,,,,,,,,,,,,,,,,,,,,,,,,,,,,,,,,,,,,,,,,,,,,,,,,,,,,,,,,,,,,,,,,,,,,,,,,,,,,,,,,,,,,,,,,,,,30103600,,,,,,,,,,,,,,,,,,,,,,,,,,,,,,,,,,,,,,,,,,,
,,,,,,,Building Materials,Decking,Composite & PVC Decking,,543141016,1nx6-16' Rainier Sq Edge - Trex Transcend Lineage Decking,TREX,-- No Unilog Brand --,-- No DIB Brand --,U S Lumber (3073),Boise Cascade Building Materials,TREX,,543141016,,Building Materials>Decking & Railing>Composite & PVC Decking,"Boise Cascade Building Materials TREX, Decking Board, 543141016",DECKING 1NX6 16FT SQUARE,"TREX 543141016 Decking Board, Transcend Lineage, Square Edge, 1nx6, 16 ft Length","TREX Decking Board, Transcend Lineage, Square Edge, 1nx6, 16 ft Length","Decking Board, Transcend Lineage, Square Edge, 1nx6, 16 ft Length",,,,,,,,,,,,,,,,,,,,,,,,,,,Decking Board,Collection,Transcend Lineage,,Material,,,Edge Profile,Square,,Nominal Size,1nx6,,Length,16,ft,Color,,,Additional Information,,,,,,,,,,,,,,,,,,,,,,,,,,,,,,,,,,,,,,,,,,,,,,,,,,,,,,,,,,,,,,,,,,,,,,,,,,,,,,,,,,,,,,,,,,,,,,,,,,,,,,,,,,,,,,,,,,,,,,,,,,,,,,,,,,,,,,,30103600,,,,,,,,,,,,,,,,,,,,,,,,,,,,,,,,,,,,,,,,,,,
,,,,,,,Building Materials,Decking,Composite & PVC Decking,,543141020,1nx6-20' Rainier Sq Edge - Trex Transcend Lineage Decking,TREX,-- No Unilog Brand --,-- No DIB Brand --,U S Lumber (3073),Boise Cascade Building Materials,TREX,,543141020,,Building Materials>Decking & Railing>Composite & PVC Decking,"Boise Cascade Building Materials TREX, Decking Board, 543141020",DECKING 1NX6 20FT SQUARE,"TREX 543141020 Decking Board, Transcend Lineage, Square Edge, 1nx6, 20 ft Length","TREX Decking Board, Transcend Lineage, Square Edge, 1nx6, 20 ft Length","Decking Board, Transcend Lineage, Square Edge, 1nx6, 20 ft Length",,,,,,,,,,,,,,,,,,,,,,,,,,,Decking Board,Collection,Transcend Lineage,,Material,,,Edge Profile,Square,,Nominal Size,1nx6,,Length,20,ft,Color,,,Additional Information,,,,,,,,,,,,,,,,,,,,,,,,,,,,,,,,,,,,,,,,,,,,,,,,,,,,,,,,,,,,,,,,,,,,,,,,,,,,,,,,,,,,,,,,,,,,,,,,,,,,,,,,,,,,,,,,,,,,,,,,,,,,,,,,,,,,,,,30103600,,,,,,,,,,,,,,,,,,,,,,,,,,,,,,,,,,,,,,,,,,,
,,,,,,,Building Materials,Decking,Composite & PVC Decking,,543140412,1nx6-12' Biscayne Grooved - Trex Transcend Lineage Decking,TREX,-- No Unilog Brand --,-- No DIB Brand --,U S Lumber (3073),Boise Cascade Building Materials,TREX,,543140412,,Building Materials>Decking & Railing>Composite & PVC Decking,"Boise Cascade Building Materials TREX, Decking Board, 543140412",DECKING 1NX6 12FT GROOVED,"TREX 543140412 Decking Board, Transcend Lineage, Grooved Edge, 1nx6, 12 ft Length","TREX Decking Board, Transcend Lineage, Grooved Edge, 1nx6, 12 ft Length","Decking Board, Transcend Lineage, Grooved Edge, 1nx6, 12 ft Length",,,,,,,,,,,,,,,,,,,,,,,,,,,Decking Board,Collection,Transcend Lineage,,Material,,,Edge Profile,Grooved,,Nominal Size,1nx6,,Length,12,ft,Color,,,Additional Information,,,,,,,,,,,,,,,,,,,,,,,,,,,,,,,,,,,,,,,,,,,,,,,,,,,,,,,,,,,,,,,,,,,,,,,,,,,,,,,,,,,,,,,,,,,,,,,,,,,,,,,,,,,,,,,,,,,,,,,,,,,,,,,,,,,,,,,30103600,,,,,,,,,,,,,,,,,,,,,,,,,,,,,,,,,,,,,,,,,,,
,,,,,,,Building Materials,Decking,Composite & PVC Decking,,543140416,1nx6-16' Biscayne Grooved - Trex Transcend Lineage Decking,TREX,-- No Unilog Brand --,-- No DIB Brand --,U S Lumber (3073),Boise Cascade Building Materials,TREX,,543140416,,Building Materials>Decking & Railing>Composite & PVC Decking,"Boise Cascade Building Materials TREX, Decking Board, 543140416",DECKING 1NX6 16FT GROOVED,"TREX 543140416 Decking Board, Transcend Lineage, Grooved Edge, 1nx6, 16 ft Length","TREX Decking Board, Transcend Lineage, Grooved Edge, 1nx6, 16 ft Length","Decking Board, Transcend Lineage, Grooved Edge, 1nx6, 16 ft Length",,,,,,,,,,,,,,,,,,,,,,,,,,,Decking Board,Collection,Transcend Lineage,,Material,,,Edge Profile,Grooved,,Nominal Size,1nx6,,Length,16,ft,Color,,,Additional Information,,,,,,,,,,,,,,,,,,,,,,,,,,,,,,,,,,,,,,,,,,,,,,,,,,,,,,,,,,,,,,,,,,,,,,,,,,,,,,,,,,,,,,,,,,,,,,,,,,,,,,,,,,,,,,,,,,,,,,,,,,,,,,,,,,,,,,,30103600,,,,,,,,,,,,,,,,,,,,,,,,,,,,,,,,,,,,,,,,,,,
,,,,,,,Building Materials,Decking,Composite & PVC Decking,,543140420,1nx6-20' Biscayne Grooved - Trex Transcend Lineage Decking,TREX,-- No Unilog Brand --,-- No DIB Brand --,U S Lumber (3073),Boise Cascade Building Materials,TREX,,543140420,,Building Materials>Decking & Railing>Composite & PVC Decking,"Boise Cascade Building Materials TREX, Decking Board, 543140420",DECKING 1NX6 20FT GROOVED,"TREX 543140420 Decking Board, Transcend Lineage, Grooved Edge, 1nx6, 20 ft Length","TREX Decking Board, Transcend Lineage, Grooved Edge, 1nx6, 20 ft Length","Decking Board, Transcend Lineage, Grooved Edge, 1nx6, 20 ft Length",,,,,,,,,,,,,,,,,,,,,,,,,,,Decking Board,Collection,Transcend Lineage,,Material,,,Edge Profile,Grooved,,Nominal Size,1nx6,,Length,20,ft,Color,,,Additional Information,,,,,,,,,,,,,,,,,,,,,,,,,,,,,,,,,,,,,,,,,,,,,,,,,,,,,,,,,,,,,,,,,,,,,,,,,,,,,,,,,,,,,,,,,,,,,,,,,,,,,,,,,,,,,,,,,,,,,,,,,,,,,,,,,,,,,,,30103600,,,,,,,,,,,,,,,,,,,,,,,,,,,,,,,,,,,,,,,,,,,
,,,,,,,Building Materials,Decking,Composite & PVC Decking,,543142412,1nx6-12' Carmel Grooved - Trex Transcend Lineage Decking,TREX,-- No Unilog Brand --,-- No DIB Brand --,U S Lumber (3073),Boise Cascade Building Materials,TREX,,543142412,,Building Materials>Decking & Railing>Composite & PVC Decking,"Boise Cascade Building Materials TREX, Decking Board, 543142412",DECKING 1NX6 12FT GROOVED,"TREX 543142412 Decking Board, Transcend Lineage, Grooved Edge, 1nx6, 12 ft Length","TREX Decking Board, Transcend Lineage, Grooved Edge, 1nx6, 12 ft Length","Decking Board, Transcend Lineage, Grooved Edge, 1nx6, 12 ft Length",,,,,,,,,,,,,,,,,,,,,,,,,,,Decking Board,Collection,Transcend Lineage,,Material,,,Edge Profile,Grooved,,Nominal Size,1nx6,,Length,12,ft,Color,,,Additional Information,,,,,,,,,,,,,,,,,,,,,,,,,,,,,,,,,,,,,,,,,,,,,,,,,,,,,,,,,,,,,,,,,,,,,,,,,,,,,,,,,,,,,,,,,,,,,,,,,,,,,,,,,,,,,,,,,,,,,,,,,,,,,,,,,,,,,,,30103600,,,,,,,,,,,,,,,,,,,,,,,,,,,,,,,,,,,,,,,,,,,
,,,,,,,Building Materials,Decking,Composite & PVC Decking,,543142416,1nx6-16' Carmel Grooved - Trex Transcend Lineage Decking,TREX,-- No Unilog Brand --,-- No DIB Brand --,U S Lumber (3073),Boise Cascade Building Materials,TREX,,543142416,,Building Materials>Decking & Railing>Composite & PVC Decking,"Boise Cascade Building Materials TREX, Decking Board, 543142416",DECKING 1NX6 16FT GROOVED,"TREX 543142416 Decking Board, Transcend Lineage, Grooved Edge, 1nx6, 16 ft Length","TREX Decking Board, Transcend Lineage, Grooved Edge, 1nx6, 16 ft Length","Decking Board, Transcend Lineage, Grooved Edge, 1nx6, 16 ft Length",,,,,,,,,,,,,,,,,,,,,,,,,,,Decking Board,Collection,Transcend Lineage,,Material,,,Edge Profile,Grooved,,Nominal Size,1nx6,,Length,16,ft,Color,,,Additional Information,,,,,,,,,,,,,,,,,,,,,,,,,,,,,,,,,,,,,,,,,,,,,,,,,,,,,,,,,,,,,,,,,,,,,,,,,,,,,,,,,,,,,,,,,,,,,,,,,,,,,,,,,,,,,,,,,,,,,,,,,,,,,,,,,,,,,,,30103600,,,,,,,,,,,,,,,,,,,,,,,,,,,,,,,,,,,,,,,,,,,
,,,,,,,Building Materials,Decking,Composite & PVC Decking,,543142420,1nx6-20' Carmel Grooved - Trex Transcend Lineage Decking,TREX,-- No Unilog Brand --,-- No DIB Brand --,U S Lumber (3073),Boise Cascade Building Materials,TREX,,543142420,,Building Materials>Decking & Railing>Composite & PVC Decking,"Boise Cascade Building Materials TREX, Decking Board, 543142420",DECKING 1NX6 20FT GROOVED,"TREX 543142420 Decking Board, Transcend Lineage, Grooved Edge, 1nx6, 20 ft Length","TREX Decking Board, Transcend Lineage, Grooved Edge, 1nx6, 20 ft Length","Decking Board, Transcend Lineage, Grooved Edge, 1nx6, 20 ft Length",,,,,,,,,,,,,,,,,,,,,,,,,,,Decking Board,Collection,Transcend Lineage,,Material,,,Edge Profile,Grooved,,Nominal Size,1nx6,,Length,20,ft,Color,,,Additional Information,,,,,,,,,,,,,,,,,,,,,,,,,,,,,,,,,,,,,,,,,,,,,,,,,,,,,,,,,,,,,,,,,,,,,,,,,,,,,,,,,,,,,,,,,,,,,,,,,,,,,,,,,,,,,,,,,,,,,,,,,,,,,,,,,,,,,,,30103600,,,,,,,,,,,,,,,,,,,,,,,,,,,,,,,,,,,,,,,,,,,
,,,,,,,Building Materials,Decking,Composite & PVC Decking,,543144412,1nx6-12' Island Mist Grooved - Trex Transcend Lineage Decking,TREX,-- No Unilog Brand --,-- No DIB Brand --,U S Lumber (3073),Boise Cascade Building Materials,TREX,,543144412,,Building Materials>Decking & Railing>Composite & PVC Decking,"Boise Cascade Building Materials TREX, Decking Board, 543144412",DECKING 1NX6 12FT GROOVED,"TREX 543144412 Decking Board, Transcend Lineage, Grooved Edge, 1nx6, 12 ft Length","TREX Decking Board, Transcend Lineage, Grooved Edge, 1nx6, 12 ft Length","Decking Board, Transcend Lineage, Grooved Edge, 1nx6, 12 ft Length",,,,,,,,,,,,,,,,,,,,,,,,,,,Decking Board,Collection,Transcend Lineage,,Material,,,Edge Profile,Grooved,,Nominal Size,1nx6,,Length,12,ft,Color,,,Additional Information,,,,,,,,,,,,,,,,,,,,,,,,,,,,,,,,,,,,,,,,,,,,,,,,,,,,,,,,,,,,,,,,,,,,,,,,,,,,,,,,,,,,,,,,,,,,,,,,,,,,,,,,,,,,,,,,,,,,,,,,,,,,,,,,,,,,,,,30103600,,,,,,,,,,,,,,,,,,,,,,,,,,,,,,,,,,,,,,,,,,,
,,,,,,,Building Materials,Decking,Composite & PVC Decking,,543144416,1nx6-16' Island Mist Grooved - Trex Transcend Lineage Decking,TREX,-- No Unilog Brand --,-- No DIB Brand --,U S Lumber (3073),Boise Cascade Building Materials,TREX,,543144416,,Building Materials>Decking & Railing>Composite & PVC Decking,"Boise Cascade Building Materials TREX, Decking Board, 543144416",DECKING 1NX6 16FT GROOVED,"TREX 543144416 Decking Board, Transcend Lineage, Grooved Edge, 1nx6, 16 ft Length","TREX Decking Board, Transcend Lineage, Grooved Edge, 1nx6, 16 ft Length","Decking Board, Transcend Lineage, Grooved Edge, 1nx6, 16 ft Length",,,,,,,,,,,,,,,,,,,,,,,,,,,Decking Board,Collection,Transcend Lineage,,Material,,,Edge Profile,Grooved,,Nominal Size,1nx6,,Length,16,ft,Color,,,Additional Information,,,,,,,,,,,,,,,,,,,,,,,,,,,,,,,,,,,,,,,,,,,,,,,,,,,,,,,,,,,,,,,,,,,,,,,,,,,,,,,,,,,,,,,,,,,,,,,,,,,,,,,,,,,,,,,,,,,,,,,,,,,,,,,,,,,,,,,30103600,,,,,,,,,,,,,,,,,,,,,,,,,,,,,,,,,,,,,,,,,,,
,,,,,,,Building Materials,Decking,Composite & PVC Decking,,543144420,1nx6-20' Island Mist Grooved - Trex Transcend Lineage Decking,TREX,-- No Unilog Brand --,-- No DIB Brand --,U S Lumber (3073),Boise Cascade Building Materials,TREX,,543144420,,Building Materials>Decking & Railing>Composite & PVC Decking,"Boise Cascade Building Materials TREX, Decking Board, 543144420",DECKING 1NX6 20FT GROOVED,"TREX 543144420 Decking Board, Transcend Lineage, Grooved Edge, 1nx6, 20 ft Length","TREX Decking Board, Transcend Lineage, Grooved Edge, 1nx6, 20 ft Length","Decking Board, Transcend Lineage, Grooved Edge, 1nx6, 20 ft Length",,,,,,,,,,,,,,,,,,,,,,,,,,,Decking Board,Collection,Transcend Lineage,,Material,,,Edge Profile,Grooved,,Nominal Size,1nx6,,Length,20,ft,Color,,,Additional Information,,,,,,,,,,,,,,,,,,,,,,,,,,,,,,,,,,,,,,,,,,,,,,,,,,,,,,,,,,,,,,,,,,,,,,,,,,,,,,,,,,,,,,,,,,,,,,,,,,,,,,,,,,,,,,,,,,,,,,,,,,,,,,,,,,,,,,,30103600,,,,,,,,,,,,,,,,,,,,,,,,,,,,,,,,,,,,,,,,,,,
,,,,,,,Building Materials,Decking,Composite & PVC Decking,,543143412,1nx6-12' Jasper Grooved - Trex Transcend Lineage Decking,TREX,-- No Unilog Brand --,-- No DIB Brand --,U S Lumber (3073),Boise Cascade Building Materials,TREX,,543143412,,Building Materials>Decking & Railing>Composite & PVC Decking,"Boise Cascade Building Materials TREX, Decking Board, 543143412",DECKING 1NX6 12FT GROOVED,"TREX 543143412 Decking Board, Transcend Lineage, Grooved Edge, 1nx6, 12 ft Length","TREX Decking Board, Transcend Lineage, Grooved Edge, 1nx6, 12 ft Length","Decking Board, Transcend Lineage, Grooved Edge, 1nx6, 12 ft Length",,,,,,,,,,,,,,,,,,,,,,,,,,,Decking Board,Collection,Transcend Lineage,,Material,,,Edge Profile,Grooved,,Nominal Size,1nx6,,Length,12,ft,Color,,,Additional Information,,,,,,,,,,,,,,,,,,,,,,,,,,,,,,,,,,,,,,,,,,,,,,,,,,,,,,,,,,,,,,,,,,,,,,,,,,,,,,,,,,,,,,,,,,,,,,,,,,,,,,,,,,,,,,,,,,,,,,,,,,,,,,,,,,,,,,,30103600,,,,,,,,,,,,,,,,,,,,,,,,,,,,,,,,,,,,,,,,,,,
,,,,,,,Building Materials,Decking,Composite & PVC Decking,,543143416,1nx6-16' Jasper Grooved - Trex Transcend Lineage Decking,TREX,-- No Unilog Brand --,-- No DIB Brand --,U S Lumber (3073),Boise Cascade Building Materials,TREX,,543143416,,Building Materials>Decking & Railing>Composite & PVC Decking,"Boise Cascade Building Materials TREX, Decking Board, 543143416",DECKING 1NX6 16FT GROOVED,"TREX 543143416 Decking Board, Transcend Lineage, Grooved Edge, 1nx6, 16 ft Length","TREX Decking Board, Transcend Lineage, Grooved Edge, 1nx6, 16 ft Length","Decking Board, Transcend Lineage, Grooved Edge, 1nx6, 16 ft Length",,,,,,,,,,,,,,,,,,,,,,,,,,,Decking Board,Collection,Transcend Lineage,,Material,,,Edge Profile,Grooved,,Nominal Size,1nx6,,Length,16,ft,Color,,,Additional Information,,,,,,,,,,,,,,,,,,,,,,,,,,,,,,,,,,,,,,,,,,,,,,,,,,,,,,,,,,,,,,,,,,,,,,,,,,,,,,,,,,,,,,,,,,,,,,,,,,,,,,,,,,,,,,,,,,,,,,,,,,,,,,,,,,,,,,,30103600,,,,,,,,,,,,,,,,,,,,,,,,,,,,,,,,,,,,,,,,,,,
,,,,,,,Building Materials,Decking,Composite & PVC Decking,,543143420,1nx6-20' Jasper Grooved - Trex Transcend Lineage Decking,TREX,-- No Unilog Brand --,-- No DIB Brand --,U S Lumber (3073),Boise Cascade Building Materials,TREX,,543143420,,Building Materials>Decking & Railing>Composite & PVC Decking,"Boise Cascade Building Materials TREX, Decking Board, 543143420",DECKING 1NX6 20FT GROOVED,"TREX 543143420 Decking Board, Transcend Lineage, Grooved Edge, 1nx6, 20 ft Length","TREX Decking Board, Transcend Lineage, Grooved Edge, 1nx6, 20 ft Length","Decking Board, Transcend Lineage, Grooved Edge, 1nx6, 20 ft Length",,,,,,,,,,,,,,,,,,,,,,,,,,,Decking Board,Collection,Transcend Lineage,,Material,,,Edge Profile,Grooved,,Nominal Size,1nx6,,Length,20,ft,Color,,,Additional Information,,,,,,,,,,,,,,,,,,,,,,,,,,,,,,,,,,,,,,,,,,,,,,,,,,,,,,,,,,,,,,,,,,,,,,,,,,,,,,,,,,,,,,,,,,,,,,,,,,,,,,,,,,,,,,,,,,,,,,,,,,,,,,,,,,,,,,,30103600,,,,,,,,,,,,,,,,,,,,,,,,,,,,,,,,,,,,,,,,,,,
,,,,,,,Building Materials,Decking,Composite & PVC Decking,,543141412,1nx6-12' Rainier Grooved - Trex Transcend Lineage Decking,TREX,-- No Unilog Brand --,-- No DIB Brand --,U S Lumber (3073),Boise Cascade Building Materials,TREX,,543141412,,Building Materials>Decking & Railing>Composite & PVC Decking,"Boise Cascade Building Materials TREX, Decking Board, 543141412",DECKING 1NX6 12FT GROOVED,"TREX 543141412 Decking Board, Transcend Lineage, Grooved Edge, 1nx6, 12 ft Length","TREX Decking Board, Transcend Lineage, Grooved Edge, 1nx6, 12 ft Length","Decking Board, Transcend Lineage, Grooved Edge, 1nx6, 12 ft Length",,,,,,,,,,,,,,,,,,,,,,,,,,,Decking Board,Collection,Transcend Lineage,,Material,,,Edge Profile,Grooved,,Nominal Size,1nx6,,Length,12,ft,Color,,,Additional Information,,,,,,,,,,,,,,,,,,,,,,,,,,,,,,,,,,,,,,,,,,,,,,,,,,,,,,,,,,,,,,,,,,,,,,,,,,,,,,,,,,,,,,,,,,,,,,,,,,,,,,,,,,,,,,,,,,,,,,,,,,,,,,,,,,,,,,,30103600,,,,,,,,,,,,,,,,,,,,,,,,,,,,,,,,,,,,,,,,,,,
,,,,,,,Building Materials,Decking,Composite & PVC Decking,,543141416,1nx6-16' Rainier Grooved - Trex Transcend Lineage Decking,TREX,-- No Unilog Brand --,-- No DIB Brand --,U S Lumber (3073),Boise Cascade Building Materials,TREX,,543141416,,Building Materials>Decking & Railing>Composite & PVC Decking,"Boise Cascade Building Materials TREX, Decking Board, 543141416",DECKING 1NX6 16FT GROOVED,"TREX 543141416 Decking Board, Transcend Lineage, Grooved Edge, 1nx6, 16 ft Length","TREX Decking Board, Transcend Lineage, Grooved Edge, 1nx6, 16 ft Length","Decking Board, Transcend Lineage, Grooved Edge, 1nx6, 16 ft Length",,,,,,,,,,,,,,,,,,,,,,,,,,,Decking Board,Collection,Transcend Lineage,,Material,,,Edge Profile,Grooved,,Nominal Size,1nx6,,Length,16,ft,Color,,,Additional Information,,,,,,,,,,,,,,,,,,,,,,,,,,,,,,,,,,,,,,,,,,,,,,,,,,,,,,,,,,,,,,,,,,,,,,,,,,,,,,,,,,,,,,,,,,,,,,,,,,,,,,,,,,,,,,,,,,,,,,,,,,,,,,,,,,,,,,,30103600,,,,,,,,,,,,,,,,,,,,,,,,,,,,,,,,,,,,,,,,,,,
,,,,,,,Building Materials,Decking,Composite & PVC Decking,,543141420,1nx6-20' Rainier Grooved - Trex Transcend Lineage Decking,TREX,-- No Unilog Brand --,-- No DIB Brand --,U S Lumber (3073),Boise Cascade Building Materials,TREX,,543141420,,Building Materials>Decking & Railing>Composite & PVC Decking,"Boise Cascade Building Materials TREX, Decking Board, 543141420",DECKING 1NX6 20FT GROOVED,"TREX 543141420 Decking Board, Transcend Lineage, Grooved Edge, 1nx6, 20 ft Length","TREX Decking Board, Transcend Lineage, Grooved Edge, 1nx6, 20 ft Length","Decking Board, Transcend Lineage, Grooved Edge, 1nx6, 20 ft Length",,,,,,,,,,,,,,,,,,,,,,,,,,,Decking Board,Collection,Transcend Lineage,,Material,,,Edge Profile,Grooved,,Nominal Size,1nx6,,Length,20,ft,Color,,,Additional Information,,,,,,,,,,,,,,,,,,,,,,,,,,,,,,,,,,,,,,,,,,,,,,,,,,,,,,,,,,,,,,,,,,,,,,,,,,,,,,,,,,,,,,,,,,,,,,,,,,,,,,,,,,,,,,,,,,,,,,,,,,,,,,,,,,,,,,,30103600,,,,,,,,,,,,,,,,,,,,,,,,,,,,,,,,,,,,,,,,,,,
,,,,,,,Building Materials,Decking,Composite & PVC Decking,,1513703,1nx6-16' Hatteras Sq Edge - Trex Transcend Lineage Decking,TREX,-- No Unilog Brand --,-- No DIB Brand --,Boise Cascade Building Materials (BOICA),Boise Cascade Building Materials,TREX,,1513703,,Building Materials>Decking & Railing>Composite & PVC Decking,"Boise Cascade Building Materials TREX, Decking Board, 1513703, Transcend Lineage",DECKING 1NX6 16FT SQUARE,"TREX 1513703 Decking Board, Transcend Lineage, Square Edge, 1nx6, 16 ft Length","TREX Decking Board, Transcend Lineage, Square Edge, 1nx6, 16 ft Length","Decking Board, Transcend Lineage, Square Edge, 1nx6, 16 ft Length",,,,,,,,,,,,,,,,,,,,,,,,,,,Decking Board,Collection,Transcend Lineage,,Material,,,Edge Profile,Square,,Nominal Size,1nx6,,Length,16,ft,Color,,,Additional Information,,,,,,,,,,,,,,,,,,,,,,,,,,,,,,,,,,,,,,,,,,,,,,,,,,,,,,,,,,,,,,,,,,,,,,,,,,,,,,,,,,,,,,,,,,,,,,,,,,,,,,,,,,,,,,,,,,,,,,,,,,,,,,,,,,,,,,,30103600,,,,,,,,,,,,,,,,,,,,,,,,,,,,,,,,,,,,,,,,,,,
,,,,,,,Building Materials,Decking,Composite & PVC Decking,,1513704,1nx6-20' Hatteras Sq Edge - Trex Transcend Lineage Decking,TREX,-- No Unilog Brand --,-- No DIB Brand --,Boise Cascade Building Materials (BOICA),Boise Cascade Building Materials,TREX,,1513704,,Building Materials>Decking & Railing>Composite & PVC Decking,"Boise Cascade Building Materials TREX, Decking Board, 1513704, Transcend Lineage",DECKING 1NX6 20FT SQUARE,"TREX 1513704 Decking Board, Transcend Lineage, Square Edge, 1nx6, 20 ft Length","TREX Decking Board, Transcend Lineage, Square Edge, 1nx6, 20 ft Length","Decking Board, Transcend Lineage, Square Edge, 1nx6, 20 ft Length",,,,,,,,,,,,,,,,,,,,,,,,,,,Decking Board,Collection,Transcend Lineage,,Material,,,Edge Profile,Square,,Nominal Size,1nx6,,Length,20,ft,Color,,,Additional Information,,,,,,,,,,,,,,,,,,,,,,,,,,,,,,,,,,,,,,,,,,,,,,,,,,,,,,,,,,,,,,,,,,,,,,,,,,,,,,,,,,,,,,,,,,,,,,,,,,,,,,,,,,,,,,,,,,,,,,,,,,,,,,,,,,,,,,,30103600,,,,,,,,,,,,,,,,,,,,,,,,,,,,,,,,,,,,,,,,,,,
,,,,,,,Building Materials,Decking,Composite & PVC Decking,,1513705,1nx6-12' Hatteras Grooved - Trex Transcend Lineage Decking,TREX,-- No Unilog Brand --,-- No DIB Brand --,Boise Cascade Building Materials (BOICA),Boise Cascade Building Materials,TREX,,1513705,,Building Materials>Decking & Railing>Composite & PVC Decking,"Boise Cascade Building Materials TREX, Decking Board, 1513705, Transcend Lineage",DECKING 1NX6 12FT GROOVED,"TREX 1513705 Decking Board, Transcend Lineage, Grooved Edge, 1nx6, 12 ft Length","TREX Decking Board, Transcend Lineage, Grooved Edge, 1nx6, 12 ft Length","Decking Board, Transcend Lineage, Grooved Edge, 1nx6, 12 ft Length",,,,,,,,,,,,,,,,,,,,,,,,,,,Decking Board,Collection,Transcend Lineage,,Material,,,Edge Profile,Grooved,,Nominal Size,1nx6,,Length,12,ft,Color,,,Additional Information,,,,,,,,,,,,,,,,,,,,,,,,,,,,,,,,,,,,,,,,,,,,,,,,,,,,,,,,,,,,,,,,,,,,,,,,,,,,,,,,,,,,,,,,,,,,,,,,,,,,,,,,,,,,,,,,,,,,,,,,,,,,,,,,,,,,,,,30103600,,,,,,,,,,,,,,,,,,,,,,,,,,,,,,,,,,,,,,,,,,,
,,,,,,,Building Materials,Decking,Composite & PVC Decking,,1513706,1nx6-16' Hatteras Grooved - Trex Transcend Lineage Decking,TREX,-- No Unilog Brand --,-- No DIB Brand --,Boise Cascade Building Materials (BOICA),Boise Cascade Building Materials,TREX,,1513706,,Building Materials>Decking & Railing>Composite & PVC Decking,"Boise Cascade Building Materials TREX, Decking Board, 1513706, Transcend Lineage",DECKING 1NX6 16FT GROOVED,"TREX 1513706 Decking Board, Transcend Lineage, Grooved Edge, 1nx6, 16 ft Length","TREX Decking Board, Transcend Lineage, Grooved Edge, 1nx6, 16 ft Length","Decking Board, Transcend Lineage, Grooved Edge, 1nx6, 16 ft Length",,,,,,,,,,,,,,,,,,,,,,,,,,,Decking Board,Collection,Transcend Lineage,,Material,,,Edge Profile,Grooved,,Nominal Size,1nx6,,Length,16,ft,Color,,,Additional Information,,,,,,,,,,,,,,,,,,,,,,,,,,,,,,,,,,,,,,,,,,,,,,,,,,,,,,,,,,,,,,,,,,,,,,,,,,,,,,,,,,,,,,,,,,,,,,,,,,,,,,,,,,,,,,,,,,,,,,,,,,,,,,,,,,,,,,,30103600,,,,,,,,,,,,,,,,,,,,,,,,,,,,,,,,,,,,,,,,,,,
,,,,,,,Building Materials,Decking,Composite & PVC Decking,,1513707,1nx6-20' Hatteras Grooved - Trex Transcend Lineage Decking,TREX,-- No Unilog Brand --,-- No DIB Brand --,Boise Cascade Building Materials (BOICA),Boise Cascade Building Materials,TREX,,1513707,,Building Materials>Decking & Railing>Composite & PVC Decking,"Boise Cascade Building Materials TREX, Decking Board, 1513707, Transcend Lineage",DECKING 1NX6 20FT GROOVED,"TREX 1513707 Decking Board, Transcend Lineage, Grooved Edge, 1nx6, 20 ft Length","TREX Decking Board, Transcend Lineage, Grooved Edge, 1nx6, 20 ft Length","Decking Board, Transcend Lineage, Grooved Edge, 1nx6, 20 ft Length",,,,,,,,,,,,,,,,,,,,,,,,,,,Decking Board,Collection,Transcend Lineage,,Material,,,Edge Profile,Grooved,,Nominal Size,1nx6,,Length,20,ft,Color,,,Additional Information,,,,,,,,,,,,,,,,,,,,,,,,,,,,,,,,,,,,,,,,,,,,,,,,,,,,,,,,,,,,,,,,,,,,,,,,,,,,,,,,,,,,,,,,,,,,,,,,,,,,,,,,,,,,,,,,,,,,,,,,,,,,,,,,,,,,,,,30103600,,,,,,,,,,,,,,,,,,,,,,,,,,,,,,,,,,,,,,,,,,,
,,,,,,,Building Materials,Decking,Composite & PVC Decking,,1513708,1nx6-16' Salt Flat Sq Edge - Trex Transcend Lineage Decking,TREX,-- No Unilog Brand --,-- No DIB Brand --,Boise Cascade Building Materials (BOICA),Boise Cascade Building Materials,TREX,,1513708,,Building Materials>Decking & Railing>Composite & PVC Decking,"Boise Cascade Building Materials TREX, Decking Board, 1513708, Transcend Lineage",DECKING 1NX6 16FT SQUARE,"TREX 1513708 Decking Board, Transcend Lineage, Square Edge, 1nx6, 16 ft Length","TREX Decking Board, Transcend Lineage, Square Edge, 1nx6, 16 ft Length","Decking Board, Transcend Lineage, Square Edge, 1nx6, 16 ft Length",,,,,,,,,,,,,,,,,,,,,,,,,,,Decking Board,Collection,Transcend Lineage,,Material,,,Edge Profile,Square,,Nominal Size,1nx6,,Length,16,ft,Color,,,Additional Information,,,,,,,,,,,,,,,,,,,,,,,,,,,,,,,,,,,,,,,,,,,,,,,,,,,,,,,,,,,,,,,,,,,,,,,,,,,,,,,,,,,,,,,,,,,,,,,,,,,,,,,,,,,,,,,,,,,,,,,,,,,,,,,,,,,,,,,30103600,,,,,,,,,,,,,,,,,,,,,,,,,,,,,,,,,,,,,,,,,,,
,,,,,,,Building Materials,Decking,Composite & PVC Decking,,1513709,1nx6-20' Salt Flat Sq Edge - Trex Transcend Lineage Decking,TREX,-- No Unilog Brand --,-- No DIB Brand --,Boise Cascade Building Materials (BOICA),Boise Cascade Building Materials,TREX,,1513709,,Building Materials>Decking & Railing>Composite & PVC Decking,"Boise Cascade Building Materials TREX, Decking Board, 1513709, Transcend Lineage",DECKING 1NX6 20FT SQUARE,"TREX 1513709 Decking Board, Transcend Lineage, Square Edge, 1nx6, 20 ft Length","TREX Decking Board, Transcend Lineage, Square Edge, 1nx6, 20 ft Length","Decking Board, Transcend Lineage, Square Edge, 1nx6, 20 ft Length",,,,,,,,,,,,,,,,,,,,,,,,,,,Decking Board,Collection,Transcend Lineage,,Material,,,Edge Profile,Square,,Nominal Size,1nx6,,Length,20,ft,Color,,,Additional Information,,,,,,,,,,,,,,,,,,,,,,,,,,,,,,,,,,,,,,,,,,,,,,,,,,,,,,,,,,,,,,,,,,,,,,,,,,,,,,,,,,,,,,,,,,,,,,,,,,,,,,,,,,,,,,,,,,,,,,,,,,,,,,,,,,,,,,,30103600,,,,,,,,,,,,,,,,,,,,,,,,,,,,,,,,,,,,,,,,,,,
,,,,,,,Building Materials,Decking,Composite & PVC Decking,,1513710,1nx6-12' Salt Flat Grooved - Trex Transcend Lineage Decking,TREX,-- No Unilog Brand --,-- No DIB Brand --,Boise Cascade Building Materials (BOICA),Boise Cascade Building Materials,TREX,,1513710,,Building Materials>Decking & Railing>Composite & PVC Decking,"Boise Cascade Building Materials TREX, Decking Board, 1513710, Transcend Lineage",DECKING 1NX6 12FT GROOVED,"TREX 1513710 Decking Board, Transcend Lineage, Grooved Edge, 1nx6, 12 ft Length","TREX Decking Board, Transcend Lineage, Grooved Edge, 1nx6, 12 ft Length","Decking Board, Transcend Lineage, Grooved Edge, 1nx6, 12 ft Length",,,,,,,,,,,,,,,,,,,,,,,,,,,Decking Board,Collection,Transcend Lineage,,Material,,,Edge Profile,Grooved,,Nominal Size,1nx6,,Length,12,ft,Color,,,Additional Information,,,,,,,,,,,,,,,,,,,,,,,,,,,,,,,,,,,,,,,,,,,,,,,,,,,,,,,,,,,,,,,,,,,,,,,,,,,,,,,,,,,,,,,,,,,,,,,,,,,,,,,,,,,,,,,,,,,,,,,,,,,,,,,,,,,,,,,30103600,,,,,,,,,,,,,,,,,,,,,,,,,,,,,,,,,,,,,,,,,,,
,,,,,,,Building Materials,Decking,Composite & PVC Decking,,1513711,1nx6-16' Salt Flat Grooved - Trex Transcend Lineage Decking,TREX,-- No Unilog Brand --,-- No DIB Brand --,Boise Cascade Building Materials (BOICA),Boise Cascade Building Materials,TREX,,1513711,,Building Materials>Decking & Railing>Composite & PVC Decking,"Boise Cascade Building Materials TREX, Decking Board, 1513711, Transcend Lineage",DECKING 1NX6 16FT GROOVED,"TREX 1513711 Decking Board, Transcend Lineage, Grooved Edge, 1nx6, 16 ft Length","TREX Decking Board, Transcend Lineage, Grooved Edge, 1nx6, 16 ft Length","Decking Board, Transcend Lineage, Grooved Edge, 1nx6, 16 ft Length",,,,,,,,,,,,,,,,,,,,,,,,,,,Decking Board,Collection,Transcend Lineage,,Material,,,Edge Profile,Grooved,,Nominal Size,1nx6,,Length,16,ft,Color,,,Additional Information,,,,,,,,,,,,,,,,,,,,,,,,,,,,,,,,,,,,,,,,,,,,,,,,,,,,,,,,,,,,,,,,,,,,,,,,,,,,,,,,,,,,,,,,,,,,,,,,,,,,,,,,,,,,,,,,,,,,,,,,,,,,,,,,,,,,,,,30103600,,,,,,,,,,,,,,,,,,,,,,,,,,,,,,,,,,,,,,,,,,,
,,,,,,,Building Materials,Decking,Composite & PVC Decking,,1513712,1nx6-20' Salt Flat Grooved - Trex Transcend Lineage Decking,TREX,-- No Unilog Brand --,-- No DIB Brand --,Boise Cascade Building Materials (BOICA),Boise Cascade Building Materials,TREX,,1513712,,Building Materials>Decking & Railing>Composite & PVC Decking,"Boise Cascade Building Materials TREX, Decking Board, 1513712, Transcend Lineage",DECKING 1NX6 20FT GROOVED,"TREX 1513712 Decking Board, Transcend Lineage, Grooved Edge, 1nx6, 20 ft Length","TREX Decking Board, Transcend Lineage, Grooved Edge, 1nx6, 20 ft Length","Decking Board, Transcend Lineage, Grooved Edge, 1nx6, 20 ft Length",,,,,,,,,,,,,,,,,,,,,,,,,,,Decking Board,Collection,Transcend Lineage,,Material,,,Edge Profile,Grooved,,Nominal Size,1nx6,,Length,20,ft,Color,,,Additional Information,,,,,,,,,,,,,,,,,,,,,,,,,,,,,,,,,,,,,,,,,,,,,,,,,,,,,,,,,,,,,,,,,,,,,,,,,,,,,,,,,,,,,,,,,,,,,,,,,,,,,,,,,,,,,,,,,,,,,,,,,,,,,,,,,,,,,,,30103600,,,,,,,,,,,,,,,,,,,,,,,,,,,,,,,,,,,,,,,,,,,
,,,,,,,Building Materials,Decking,Composite & PVC Decking,,1513717,1nx6-16' Honey Grove Sq Edge - Trex Enhance Naturals Decking,TREX,-- No Unilog Brand --,-- No DIB Brand --,Boise Cascade Building Materials (BOICA),Boise Cascade Building Materials,TREX,,1513717,,Building Materials>Decking & Railing>Composite & PVC Decking,"Boise Cascade Building Materials TREX, Decking Board, 1513717, Enhance Naturals",DECKING 1NX6 16FT SQUARE,"TREX 1513717 Decking Board, Enhance Naturals, Square Edge, 1nx6, 16 ft Length","TREX Decking Board, Enhance Naturals, Square Edge, 1nx6, 16 ft Length","Decking Board, Enhance Naturals, Square Edge, 1nx6, 16 ft Length",,,,,,,,,,,,,,,,,,,,,,,,,,,Decking Board,Collection,Enhance Naturals,,Material,,,Edge Profile,Square,,Nominal Size,1nx6,,Length,16,ft,Color,,,Additional Information,,,,,,,,,,,,,,,,,,,,,,,,,,,,,,,,,,,,,,,,,,,,,,,,,,,,,,,,,,,,,,,,,,,,,,,,,,,,,,,,,,,,,,,,,,,,,,,,,,,,,,,,,,,,,,,,,,,,,,,,,,,,,,,,,,,,,,,30103600,,,,,,,,,,,,,,,,,,,,,,,,,,,,,,,,,,,,,,,,,,,
,,,,,,,Building Materials,Decking,Composite & PVC Decking,,1513718,1nx6-20' Honey Grove Sq Edge - Trex Enhance Naturals Decking,TREX,-- No Unilog Brand --,-- No DIB Brand --,Boise Cascade Building Materials (BOICA),Boise Cascade Building Materials,TREX,,1513718,,Building Materials>Decking & Railing>Composite & PVC Decking,"Boise Cascade Building Materials TREX, Decking Board, 1513718, Enhance Naturals",DECKING 1NX6 20FT SQUARE,"TREX 1513718 Decking Board, Enhance Naturals, Square Edge, 1nx6, 20 ft Length","TREX Decking Board, Enhance Naturals, Square Edge, 1nx6, 20 ft Length","Decking Board, Enhance Naturals, Square Edge, 1nx6, 20 ft Length",,,,,,,,,,,,,,,,,,,,,,,,,,,Decking Board,Collection,Enhance Naturals,,Material,,,Edge Profile,Square,,Nominal Size,1nx6,,Length,20,ft,Color,,,Additional Information,,,,,,,,,,,,,,,,,,,,,,,,,,,,,,,,,,,,,,,,,,,,,,,,,,,,,,,,,,,,,,,,,,,,,,,,,,,,,,,,,,,,,,,,,,,,,,,,,,,,,,,,,,,,,,,,,,,,,,,,,,,,,,,,,,,,,,,30103600,,,,,,,,,,,,,,,,,,,,,,,,,,,,,,,,,,,,,,,,,,,
,,,,,,,Building Materials,Decking,Composite & PVC Decking,,1513719,1nx6-12' Honey Grove Grooved - Trex Enhance Naturals Decking,TREX,-- No Unilog Brand --,-- No DIB Brand --,Boise Cascade Building Materials (BOICA),Boise Cascade Building Materials,TREX,,1513719,,Building Materials>Decking & Railing>Composite & PVC Decking,"Boise Cascade Building Materials TREX, Decking Board, 1513719, Enhance Naturals",DECKING 1NX6 12FT GROOVED,"TREX 1513719 Decking Board, Enhance Naturals, Grooved Edge, 1nx6, 12 ft Length","TREX Decking Board, Enhance Naturals, Grooved Edge, 1nx6, 12 ft Length","Decking Board, Enhance Naturals, Grooved Edge, 1nx6, 12 ft Length",,,,,,,,,,,,,,,,,,,,,,,,,,,Decking Board,Collection,Enhance Naturals,,Material,,,Edge Profile,Grooved,,Nominal Size,1nx6,,Length,12,ft,Color,,,Additional Information,,,,,,,,,,,,,,,,,,,,,,,,,,,,,,,,,,,,,,,,,,,,,,,,,,,,,,,,,,,,,,,,,,,,,,,,,,,,,,,,,,,,,,,,,,,,,,,,,,,,,,,,,,,,,,,,,,,,,,,,,,,,,,,,,,,,,,,30103600,,,,,,,,,,,,,,,,,,,,,,,,,,,,,,,,,,,,,,,,,,,
,,,,,,,Building Materials,Decking,Composite & PVC Decking,,1513720,1nx6-16' Honey Grove Grooved - Trex Enhance Naturals Decking,TREX,-- No Unilog Brand --,-- No DIB Brand --,Boise Cascade Building Materials (BOICA),Boise Cascade Building Materials,TREX,,1513720,,Building Materials>Decking & Railing>Composite & PVC Decking,"Boise Cascade Building Materials TREX, Decking Board, 1513720, Enhance Naturals",DECKING 1NX6 16FT GROOVED,"TREX 1513720 Decking Board, Enhance Naturals, Grooved Edge, 1nx6, 16 ft Length","TREX Decking Board, Enhance Naturals, Grooved Edge, 1nx6, 16 ft Length","Decking Board, Enhance Naturals, Grooved Edge, 1nx6, 16 ft Length",,,,,,,,,,,,,,,,,,,,,,,,,,,Decking Board,Collection,Enhance Naturals,,Material,,,Edge Profile,Grooved,,Nominal Size,1nx6,,Length,16,ft,Color,,,Additional Information,,,,,,,,,,,,,,,,,,,,,,,,,,,,,,,,,,,,,,,,,,,,,,,,,,,,,,,,,,,,,,,,,,,,,,,,,,,,,,,,,,,,,,,,,,,,,,,,,,,,,,,,,,,,,,,,,,,,,,,,,,,,,,,,,,,,,,,30103600,,,,,,,,,,,,,,,,,,,,,,,,,,,,,,,,,,,,,,,,,,,
,,,,,,,Building Materials,Decking,Composite & PVC Decking,,1513721,1nx6-20' Honey Grove Grooved - Trex Enhance Naturals Decking,TREX,-- No Unilog Brand --,-- No DIB Brand --,Boise Cascade Building Materials (BOICA),Boise Cascade Building Materials,TREX,,1513721,,Building Materials>Decking & Railing>Composite & PVC Decking,"Boise Cascade Building Materials TREX, Decking Board, 1513721, Enhance Naturals",DECKING 1NX6 20FT GROOVED,"TREX 1513721 Decking Board, Enhance Naturals, Grooved Edge, 1nx6, 20 ft Length","TREX Decking Board, Enhance Naturals, Grooved Edge, 1nx6, 20 ft Length","Decking Board, Enhance Naturals, Grooved Edge, 1nx6, 20 ft Length",,,,,,,,,,,,,,,,,,,,,,,,,,,Decking Board,Collection,Enhance Naturals,,Material,,,Edge Profile,Grooved,,Nominal Size,1nx6,,Length,20,ft,Color,,,Additional Information,,,,,,,,,,,,,,,,,,,,,,,,,,,,,,,,,,,,,,,,,,,,,,,,,,,,,,,,,,,,,,,,,,,,,,,,,,,,,,,,,,,,,,,,,,,,,,,,,,,,,,,,,,,,,,,,,,,,,,,,,,,,,,,,,,,,,,,30103600,,,,,,,,,,,,,,,,,,,,,,,,,,,,,,,,,,,,,,,,,,,
,,,,,,,Building Materials,Decking,Composite & PVC Decking,,1513724,1nx6-16' Tide Pool Sq Edge - Trex Enhance Basics Decking,TREX,-- No Unilog Brand --,-- No DIB Brand --,Boise Cascade Building Materials (BOICA),Boise Cascade Building Materials,TREX,,1513724,,Building Materials>Decking & Railing>Composite & PVC Decking,"Boise Cascade Building Materials TREX, Decking Board, 1513724, Enhance Basics",DECKING 1NX6 16FT SQUARE,"TREX 1513724 Decking Board, Enhance Basics, Square Edge, 1nx6, 16 ft Length","TREX Decking Board, Enhance Basics, Square Edge, 1nx6, 16 ft Length","Decking Board, Enhance Basics, Square Edge, 1nx6, 16 ft Length",,,,,,,,,,,,,,,,,,,,,,,,,,,Decking Board,Collection,Enhance Basics,,Material,,,Edge Profile,Square,,Nominal Size,1nx6,,Length,16,ft,Color,,,Additional Information,,,,,,,,,,,,,,,,,,,,,,,,,,,,,,,,,,,,,,,,,,,,,,,,,,,,,,,,,,,,,,,,,,,,,,,,,,,,,,,,,,,,,,,,,,,,,,,,,,,,,,,,,,,,,,,,,,,,,,,,,,,,,,,,,,,,,,,30103600,,,,,,,,,,,,,,,,,,,,,,,,,,,,,,,,,,,,,,,,,,,
,,,,,,,Building Materials,Decking,Composite & PVC Decking,,1513725,1nx6-20' Tide Pool Sq Edge - Trex Enhance Basics Decking,TREX,-- No Unilog Brand --,-- No DIB Brand --,Boise Cascade Building Materials (BOICA),Boise Cascade Building Materials,TREX,,1513725,,Building Materials>Decking & Railing>Composite & PVC Decking,"Boise Cascade Building Materials TREX, Decking Board, 1513725, Enhance Basics",DECKING 1NX6 20FT SQUARE,"TREX 1513725 Decking Board, Enhance Basics, Square Edge, 1nx6, 20 ft Length","TREX Decking Board, Enhance Basics, Square Edge, 1nx6, 20 ft Length","Decking Board, Enhance Basics, Square Edge, 1nx6, 20 ft Length",,,,,,,,,,,,,,,,,,,,,,,,,,,Decking Board,Collection,Enhance Basics,,Material,,,Edge Profile,Square,,Nominal Size,1nx6,,Length,20,ft,Color,,,Additional Information,,,,,,,,,,,,,,,,,,,,,,,,,,,,,,,,,,,,,,,,,,,,,,,,,,,,,,,,,,,,,,,,,,,,,,,,,,,,,,,,,,,,,,,,,,,,,,,,,,,,,,,,,,,,,,,,,,,,,,,,,,,,,,,,,,,,,,,30103600,,,,,,,,,,,,,,,,,,,,,,,,,,,,,,,,,,,,,,,,,,,
,,,,,,,Building Materials,Decking,Composite & PVC Decking,,1513726,1nx6-12' Tide Pool Grooved - Trex Enhance Basics Decking,TREX,-- No Unilog Brand --,-- No DIB Brand --,Boise Cascade Building Materials (BOICA),Boise Cascade Building Materials,TREX,,1513726,,Building Materials>Decking & Railing>Composite & PVC Decking,"Boise Cascade Building Materials TREX, Decking Board, 1513726, Enhance Basics",DECKING 1NX6 12FT GROOVED,"TREX 1513726 Decking Board, Enhance Basics, Grooved Edge, 1nx6, 12 ft Length","TREX Decking Board, Enhance Basics, Grooved Edge, 1nx6, 12 ft Length","Decking Board, Enhance Basics, Grooved Edge, 1nx6, 12 ft Length",,,,,,,,,,,,,,,,,,,,,,,,,,,Decking Board,Collection,Enhance Basics,,Material,,,Edge Profile,Grooved,,Nominal Size,1nx6,,Length,12,ft,Color,,,Additional Information,,,,,,,,,,,,,,,,,,,,,,,,,,,,,,,,,,,,,,,,,,,,,,,,,,,,,,,,,,,,,,,,,,,,,,,,,,,,,,,,,,,,,,,,,,,,,,,,,,,,,,,,,,,,,,,,,,,,,,,,,,,,,,,,,,,,,,,30103600,,,,,,,,,,,,,,,,,,,,,,,,,,,,,,,,,,,,,,,,,,,
,,,,,,,Building Materials,Decking,Composite & PVC Decking,,1513727,1nx6-16' Tide Pool Grooved - Trex Enhance Basics Decking,TREX,-- No Unilog Brand --,-- No DIB Brand --,Boise Cascade Building Materials (BOICA),Boise Cascade Building Materials,TREX,,1513727,,Building Materials>Decking & Railing>Composite & PVC Decking,"Boise Cascade Building Materials TREX, Decking Board, 1513727, Enhance Basics",DECKING 1NX6 16FT GROOVED,"TREX 1513727 Decking Board, Enhance Basics, Grooved Edge, 1nx6, 16 ft Length","TREX Decking Board, Enhance Basics, Grooved Edge, 1nx6, 16 ft Length","Decking Board, Enhance Basics, Grooved Edge, 1nx6, 16 ft Length",,,,,,,,,,,,,,,,,,,,,,,,,,,Decking Board,Collection,Enhance Basics,,Material,,,Edge Profile,Grooved,,Nominal Size,1nx6,,Length,16,ft,Color,,,Additional Information,,,,,,,,,,,,,,,,,,,,,,,,,,,,,,,,,,,,,,,,,,,,,,,,,,,,,,,,,,,,,,,,,,,,,,,,,,,,,,,,,,,,,,,,,,,,,,,,,,,,,,,,,,,,,,,,,,,,,,,,,,,,,,,,,,,,,,,30103600,,,,,,,,,,,,,,,,,,,,,,,,,,,,,,,,,,,,,,,,,,,
,,,,,,,Building Materials,Decking,Composite & PVC Decking,,1513728,1nx6-20' Tide Pool Grooved - Trex Enhance Basics Decking,TREX,-- No Unilog Brand --,-- No DIB Brand --,Boise Cascade Building Materials (BOICA),Boise Cascade Building Materials,TREX,,1513728,,Building Materials>Decking & Railing>Composite & PVC Decking,"Boise Cascade Building Materials TREX, Decking Board, 1513728, Enhance Basics",DECKING 1NX6 20FT GROOVED,"TREX 1513728 Decking Board, Enhance Basics, Grooved Edge, 1nx6, 20 ft Length","TREX Decking Board, Enhance Basics, Grooved Edge, 1nx6, 20 ft Length","Decking Board, Enhance Basics, Grooved Edge, 1nx6, 20 ft Length",,,,,,,,,,,,,,,,,,,,,,,,,,,Decking Board,Collection,Enhance Basics,,Material,,,Edge Profile,Grooved,,Nominal Size,1nx6,,Length,20,ft,Color,,,Additional Information,,,,,,,,,,,,,,,,,,,,,,,,,,,,,,,,,,,,,,,,,,,,,,,,,,,,,,,,,,,,,,,,,,,,,,,,,,,,,,,,,,,,,,,,,,,,,,,,,,,,,,,,,,,,,,,,,,,,,,,,,,,,,,,,,,,,,,,30103600,,,,,,,,,,,,,,,,,,,,,,,,,,,,,,,,,,,,,,,,,,,
,,,,,,,Building Materials,Decking,Composite & PVC Decking,,543076016,1nx6-16' Cinnamon Cove Sq Edge - Trex Enhance Naturals Decking,TREX,-- No Unilog Brand --,-- No DIB Brand --,Boise Cascade Building Materials (BOICA),Boise Cascade Building Materials,TREX,,543076016,,Building Materials>Decking & Railing>Composite & PVC Decking,"Boise Cascade Building Materials TREX, Decking Board, 543076016",DECKING 1NX6 16FT SQUARE,"TREX 543076016 Decking Board, Enhance Naturals, Square Edge, 1nx6, 16 ft Length","TREX Decking Board, Enhance Naturals, Square Edge, 1nx6, 16 ft Length","Decking Board, Enhance Naturals, Square Edge, 1nx6, 16 ft Length",,,,,,,,,,,,,,,,,,,,,,,,,,,Decking Board,Collection,Enhance Naturals,,Material,,,Edge Profile,Square,,Nominal Size,1nx6,,Length,16,ft,Color,,,Additional Information,,,,,,,,,,,,,,,,,,,,,,,,,,,,,,,,,,,,,,,,,,,,,,,,,,,,,,,,,,,,,,,,,,,,,,,,,,,,,,,,,,,,,,,,,,,,,,,,,,,,,,,,,,,,,,,,,,,,,,,,,,,,,,,,,,,,,,,30103600,,,,,,,,,,,,,,,,,,,,,,,,,,,,,,,,,,,,,,,,,,,
,,,,,,,Building Materials,Decking,Composite & PVC Decking,,543076020,1nx6-20' Cinnamon Cove Sq Edge - Trex Enhance Naturals Decking,TREX,-- No Unilog Brand --,-- No DIB Brand --,Boise Cascade Building Materials (BOICA),Boise Cascade Building Materials,TREX,,543076020,,Building Materials>Decking & Railing>Composite & PVC Decking,"Boise Cascade Building Materials TREX, Decking Board, 543076020",DECKING 1NX6 20FT SQUARE,"TREX 543076020 Decking Board, Enhance Naturals, Square Edge, 1nx6, 20 ft Length","TREX Decking Board, Enhance Naturals, Square Edge, 1nx6, 20 ft Length","Decking Board, Enhance Naturals, Square Edge, 1nx6, 20 ft Length",,,,,,,,,,,,,,,,,,,,,,,,,,,Decking Board,Collection,Enhance Naturals,,Material,,,Edge Profile,Square,,Nominal Size,1nx6,,Length,20,ft,Color,,,Additional Information,,,,,,,,,,,,,,,,,,,,,,,,,,,,,,,,,,,,,,,,,,,,,,,,,,,,,,,,,,,,,,,,,,,,,,,,,,,,,,,,,,,,,,,,,,,,,,,,,,,,,,,,,,,,,,,,,,,,,,,,,,,,,,,,,,,,,,,30103600,,,,,,,,,,,,,,,,,,,,,,,,,,,,,,,,,,,,,,,,,,,
,,,,,,,Building Materials,Decking,Composite & PVC Decking,,543076412,1nx6-12' Cinnamon Cove Grooved - Trex Enhance Naturals Decking,TREX,-- No Unilog Brand --,-- No DIB Brand --,Boise Cascade Building Materials (BOICA),Boise Cascade Building Materials,TREX,,543076412,,Building Materials>Decking & Railing>Composite & PVC Decking,"Boise Cascade Building Materials TREX, Decking Board, 543076412",DECKING 1NX6 12FT GROOVED,"TREX 543076412 Decking Board, Enhance Naturals, Grooved Edge, 1nx6, 12 ft Length","TREX Decking Board, Enhance Naturals, Grooved Edge, 1nx6, 12 ft Length","Decking Board, Enhance Naturals, Grooved Edge, 1nx6, 12 ft Length",,,,,,,,,,,,,,,,,,,,,,,,,,,Decking Board,Collection,Enhance Naturals,,Material,,,Edge Profile,Grooved,,Nominal Size,1nx6,,Length,12,ft,Color,,,Additional Information,,,,,,,,,,,,,,,,,,,,,,,,,,,,,,,,,,,,,,,,,,,,,,,,,,,,,,,,,,,,,,,,,,,,,,,,,,,,,,,,,,,,,,,,,,,,,,,,,,,,,,,,,,,,,,,,,,,,,,,,,,,,,,,,,,,,,,,30103600,,,,,,,,,,,,,,,,,,,,,,,,,,,,,,,,,,,,,,,,,,,
,,,,,,,Building Materials,Decking,Composite & PVC Decking,,543076416,1nx6-16' Cinnamon Cove Grooved - Trex Enhance Naturals Decking,TREX,-- No Unilog Brand --,-- No DIB Brand --,Boise Cascade Building Materials (BOICA),Boise Cascade Building Materials,TREX,,543076416,,Building Materials>Decking & Railing>Composite & PVC Decking,"Boise Cascade Building Materials TREX, Decking Board, 543076416",DECKING 1NX6 16FT GROOVED,"TREX 543076416 Decking Board, Enhance Naturals, Grooved Edge, 1nx6, 16 ft Length","TREX Decking Board, Enhance Naturals, Grooved Edge, 1nx6, 16 ft Length","Decking Board, Enhance Naturals, Grooved Edge, 1nx6, 16 ft Length",,,,,,,,,,,,,,,,,,,,,,,,,,,Decking Board,Collection,Enhance Naturals,,Material,,,Edge Profile,Grooved,,Nominal Size,1nx6,,Length,16,ft,Color,,,Additional Information,,,,,,,,,,,,,,,,,,,,,,,,,,,,,,,,,,,,,,,,,,,,,,,,,,,,,,,,,,,,,,,,,,,,,,,,,,,,,,,,,,,,,,,,,,,,,,,,,,,,,,,,,,,,,,,,,,,,,,,,,,,,,,,,,,,,,,,30103600,,,,,,,,,,,,,,,,,,,,,,,,,,,,,,,,,,,,,,,,,,,
,,,,,,,Building Materials,Decking,Composite & PVC Decking,,543076420,1nx6-20' Cinnamon Cove Grooved - Trex Enhance Naturals Decking,TREX,-- No Unilog Brand --,-- No DIB Brand --,Boise Cascade Building Materials (BOICA),Boise Cascade Building Materials,TREX,,543076420,,Building Materials>Decking & Railing>Composite & PVC Decking,"Boise Cascade Building Materials TREX, Decking Board, 543076420",DECKING 1NX6 20FT GROOVED,"TREX 543076420 Decking Board, Enhance Naturals, Grooved Edge, 1nx6, 20 ft Length","TREX Decking Board, Enhance Naturals, Grooved Edge, 1nx6, 20 ft Length","Decking Board, Enhance Naturals, Grooved Edge, 1nx6, 20 ft Length",,,,,,,,,,,,,,,,,,,,,,,,,,,Decking Board,Collection,Enhance Naturals,,Material,,,Edge Profile,Grooved,,Nominal Size,1nx6,,Length,20,ft,Color,,,Additional Information,,,,,,,,,,,,,,,,,,,,,,,,,,,,,,,,,,,,,,,,,,,,,,,,,,,,,,,,,,,,,,,,,,,,,,,,,,,,,,,,,,,,,,,,,,,,,,,,,,,,,,,,,,,,,,,,,,,,,,,,,,,,,,,,,,,,,,,30103600,,,,,,,,,,,,,,,,,,,,,,,,,,,,,,,,,,,,,,,,,,,
,,,,,,,Building Materials,Decking,Composite & PVC Decking,,1516870,1nx6-16' Golden Hour Sq Edge - Trex Enhance Naturals Decking,TREX,-- No Unilog Brand --,-- No DIB Brand --,Boise Cascade Building Materials (BOICA),Boise Cascade Building Materials,TREX,,1516870,,Building Materials>Decking & Railing>Composite & PVC Decking,"Boise Cascade Building Materials TREX, Decking Board, 1516870, Enhance Naturals",DECKING 1NX6 16FT SQUARE,"TREX 1516870 Decking Board, Enhance Naturals, Square Edge, 1nx6, 16 ft Length","TREX Decking Board, Enhance Naturals, Square Edge, 1nx6, 16 ft Length","Decking Board, Enhance Naturals, Square Edge, 1nx6, 16 ft Length",,,,,,,,,,,,,,,,,,,,,,,,,,,Decking Board,Collection,Enhance Naturals,,Material,,,Edge Profile,Square,,Nominal Size,1nx6,,Length,16,ft,Color,,,Additional Information,,,,,,,,,,,,,,,,,,,,,,,,,,,,,,,,,,,,,,,,,,,,,,,,,,,,,,,,,,,,,,,,,,,,,,,,,,,,,,,,,,,,,,,,,,,,,,,,,,,,,,,,,,,,,,,,,,,,,,,,,,,,,,,,,,,,,,,30103600,,,,,,,,,,,,,,,,,,,,,,,,,,,,,,,,,,,,,,,,,,,
,,,,,,,Building Materials,Decking,Composite & PVC Decking,,1516871,1nx6-20' Golden Hour Sq Edge - Trex Enhance Naturals Decking,TREX,-- No Unilog Brand --,-- No DIB Brand --,Boise Cascade Building Materials (BOICA),Boise Cascade Building Materials,TREX,,1516871,,Building Materials>Decking & Railing>Composite & PVC Decking,"Boise Cascade Building Materials TREX, Decking Board, 1516871, Enhance Naturals",DECKING 1NX6 20FT SQUARE,"TREX 1516871 Decking Board, Enhance Naturals, Square Edge, 1nx6, 20 ft Length","TREX Decking Board, Enhance Naturals, Square Edge, 1nx6, 20 ft Length","Decking Board, Enhance Naturals, Square Edge, 1nx6, 20 ft Length",,,,,,,,,,,,,,,,,,,,,,,,,,,Decking Board,Collection,Enhance Naturals,,Material,,,Edge Profile,Square,,Nominal Size,1nx6,,Length,20,ft,Color,,,Additional Information,,,,,,,,,,,,,,,,,,,,,,,,,,,,,,,,,,,,,,,,,,,,,,,,,,,,,,,,,,,,,,,,,,,,,,,,,,,,,,,,,,,,,,,,,,,,,,,,,,,,,,,,,,,,,,,,,,,,,,,,,,,,,,,,,,,,,,,30103600,,,,,,,,,,,,,,,,,,,,,,,,,,,,,,,,,,,,,,,,,,,
,,,,,,,Building Materials,Decking,Composite & PVC Decking,,1516872,1nx6-12' Golden Hour Grooved - Trex Enhance Naturals Decking,TREX,-- No Unilog Brand --,-- No DIB Brand --,Boise Cascade Building Materials (BOICA),Boise Cascade Building Materials,TREX,,1516872,,Building Materials>Decking & Railing>Composite & PVC Decking,"Boise Cascade Building Materials TREX, Decking Board, 1516872, Enhance Naturals",DECKING 1NX6 12FT GROOVED,"TREX 1516872 Decking Board, Enhance Naturals, Grooved Edge, 1nx6, 12 ft Length","TREX Decking Board, Enhance Naturals, Grooved Edge, 1nx6, 12 ft Length","Decking Board, Enhance Naturals, Grooved Edge, 1nx6, 12 ft Length",,,,,,,,,,,,,,,,,,,,,,,,,,,Decking Board,Collection,Enhance Naturals,,Material,,,Edge Profile,Grooved,,Nominal Size,1nx6,,Length,12,ft,Color,,,Additional Information,,,,,,,,,,,,,,,,,,,,,,,,,,,,,,,,,,,,,,,,,,,,,,,,,,,,,,,,,,,,,,,,,,,,,,,,,,,,,,,,,,,,,,,,,,,,,,,,,,,,,,,,,,,,,,,,,,,,,,,,,,,,,,,,,,,,,,,30103600,,,,,,,,,,,,,,,,,,,,,,,,,,,,,,,,,,,,,,,,,,,
,,,,,,,Building Materials,Decking,Composite & PVC Decking,,1516873,1nx6-16' Golden Hour Grooved - Trex Enhance Naturals Decking,TREX,-- No Unilog Brand --,-- No DIB Brand --,Boise Cascade Building Materials (BOICA),Boise Cascade Building Materials,TREX,,1516873,,Building Materials>Decking & Railing>Composite & PVC Decking,"Boise Cascade Building Materials TREX, Decking Board, 1516873, Enhance Naturals",DECKING 1NX6 16FT GROOVED,"TREX 1516873 Decking Board, Enhance Naturals, Grooved Edge, 1nx6, 16 ft Length","TREX Decking Board, Enhance Naturals, Grooved Edge, 1nx6, 16 ft Length","Decking Board, Enhance Naturals, Grooved Edge, 1nx6, 16 ft Length",,,,,,,,,,,,,,,,,,,,,,,,,,,Decking Board,Collection,Enhance Naturals,,Material,,,Edge Profile,Grooved,,Nominal Size,1nx6,,Length,16,ft,Color,,,Additional Information,,,,,,,,,,,,,,,,,,,,,,,,,,,,,,,,,,,,,,,,,,,,,,,,,,,,,,,,,,,,,,,,,,,,,,,,,,,,,,,,,,,,,,,,,,,,,,,,,,,,,,,,,,,,,,,,,,,,,,,,,,,,,,,,,,,,,,,30103600,,,,,,,,,,,,,,,,,,,,,,,,,,,,,,,,,,,,,,,,,,,
,,,,,,,Building Materials,Decking,Composite & PVC Decking,,1516874,1nx6-20' Golden Hour Grooved - Trex Enhance Naturals Decking,TREX,-- No Unilog Brand --,-- No DIB Brand --,Boise Cascade Building Materials (BOICA),Boise Cascade Building Materials,TREX,,1516874,,Building Materials>Decking & Railing>Composite & PVC Decking,"Boise Cascade Building Materials TREX, Decking Board, 1516874, Enhance Naturals",DECKING 1NX6 20FT GROOVED,"TREX 1516874 Decking Board, Enhance Naturals, Grooved Edge, 1nx6, 20 ft Length","TREX Decking Board, Enhance Naturals, Grooved Edge, 1nx6, 20 ft Length","Decking Board, Enhance Naturals, Grooved Edge, 1nx6, 20 ft Length",,,,,,,,,,,,,,,,,,,,,,,,,,,Decking Board,Collection,Enhance Naturals,,Material,,,Edge Profile,Grooved,,Nominal Size,1nx6,,Length,20,ft,Color,,,Additional Information,,,,,,,,,,,,,,,,,,,,,,,,,,,,,,,,,,,,,,,,,,,,,,,,,,,,,,,,,,,,,,,,,,,,,,,,,,,,,,,,,,,,,,,,,,,,,,,,,,,,,,,,,,,,,,,,,,,,,,,,,,,,,,,,,,,,,,,30103600,,,,,,,,,,,,,,,,,,,,,,,,,,,,,,,,,,,,,,,,,,,
,,,,,,,Building Materials,Decking,Composite & PVC Decking,,1516879,1nx6-16' Pebble Beach Sq Edge - Trex Enhance Basics Decking,TREX,-- No Unilog Brand --,-- No DIB Brand --,Boise Cascade Building Materials (BOICA),Boise Cascade Building Materials,TREX,,1516879,,Building Materials>Decking & Railing>Composite & PVC Decking,"Boise Cascade Building Materials TREX, Decking Board, 1516879, Enhance Basics",DECKING 1NX6 16FT SQUARE,"TREX 1516879 Decking Board, Enhance Basics, Square Edge, 1nx6, 16 ft Length","TREX Decking Board, Enhance Basics, Square Edge, 1nx6, 16 ft Length","Decking Board, Enhance Basics, Square Edge, 1nx6, 16 ft Length",,,,,,,,,,,,,,,,,,,,,,,,,,,Decking Board,Collection,Enhance Basics,,Material,,,Edge Profile,Square,,Nominal Size,1nx6,,Length,16,ft,Color,,,Additional Information,,,,,,,,,,,,,,,,,,,,,,,,,,,,,,,,,,,,,,,,,,,,,,,,,,,,,,,,,,,,,,,,,,,,,,,,,,,,,,,,,,,,,,,,,,,,,,,,,,,,,,,,,,,,,,,,,,,,,,,,,,,,,,,,,,,,,,,30103600,,,,,,,,,,,,,,,,,,,,,,,,,,,,,,,,,,,,,,,,,,,
,,,,,,,Building Materials,Decking,Composite & PVC Decking,,1516880,1nx6-20' Pebble Beach Sq Edge - Trex Enhance Basics Decking,TREX,-- No Unilog Brand --,-- No DIB Brand --,Boise Cascade Building Materials (BOICA),Boise Cascade Building Materials,TREX,,1516880,,Building Materials>Decking & Railing>Composite & PVC Decking,"Boise Cascade Building Materials TREX, Decking Board, 1516880, Enhance Basics",DECKING 1NX6 20FT SQUARE,"TREX 1516880 Decking Board, Enhance Basics, Square Edge, 1nx6, 20 ft Length","TREX Decking Board, Enhance Basics, Square Edge, 1nx6, 20 ft Length","Decking Board, Enhance Basics, Square Edge, 1nx6, 20 ft Length",,,,,,,,,,,,,,,,,,,,,,,,,,,Decking Board,Collection,Enhance Basics,,Material,,,Edge Profile,Square,,Nominal Size,1nx6,,Length,20,ft,Color,,,Additional Information,,,,,,,,,,,,,,,,,,,,,,,,,,,,,,,,,,,,,,,,,,,,,,,,,,,,,,,,,,,,,,,,,,,,,,,,,,,,,,,,,,,,,,,,,,,,,,,,,,,,,,,,,,,,,,,,,,,,,,,,,,,,,,,,,,,,,,,30103600,,,,,,,,,,,,,,,,,,,,,,,,,,,,,,,,,,,,,,,,,,,
,,,,,,,Building Materials,Decking,Composite & PVC Decking,,1516881,1nx6-12' Pebble Beach Grooved - Trex Enhance Basics Decking,TREX,-- No Unilog Brand --,-- No DIB Brand --,Boise Cascade Building Materials (BOICA),Boise Cascade Building Materials,TREX,,1516881,,Building Materials>Decking & Railing>Composite & PVC Decking,"Boise Cascade Building Materials TREX, Decking Board, 1516881, Enhance Basics",DECKING 1NX6 12FT GROOVED,"TREX 1516881 Decking Board, Enhance Basics, Grooved Edge, 1nx6, 12 ft Length","TREX Decking Board, Enhance Basics, Grooved Edge, 1nx6, 12 ft Length","Decking Board, Enhance Basics, Grooved Edge, 1nx6, 12 ft Length",,,,,,,,,,,,,,,,,,,,,,,,,,,Decking Board,Collection,Enhance Basics,,Material,,,Edge Profile,Grooved,,Nominal Size,1nx6,,Length,12,ft,Color,,,Additional Information,,,,,,,,,,,,,,,,,,,,,,,,,,,,,,,,,,,,,,,,,,,,,,,,,,,,,,,,,,,,,,,,,,,,,,,,,,,,,,,,,,,,,,,,,,,,,,,,,,,,,,,,,,,,,,,,,,,,,,,,,,,,,,,,,,,,,,,30103600,,,,,,,,,,,,,,,,,,,,,,,,,,,,,,,,,,,,,,,,,,,
,,,,,,,Building Materials,Decking,Composite & PVC Decking,,1516882,1nx6-16' Pebble Beach Grooved - Trex Enhance Basics Decking,TREX,-- No Unilog Brand --,-- No DIB Brand --,Boise Cascade Building Materials (BOICA),Boise Cascade Building Materials,TREX,,1516882,,Building Materials>Decking & Railing>Composite & PVC Decking,"Boise Cascade Building Materials TREX, Decking Board, 1516882, Enhance Basics",DECKING 1NX6 16FT GROOVED,"TREX 1516882 Decking Board, Enhance Basics, Grooved Edge, 1nx6, 16 ft Length","TREX Decking Board, Enhance Basics, Grooved Edge, 1nx6, 16 ft Length","Decking Board, Enhance Basics, Grooved Edge, 1nx6, 16 ft Length",,,,,,,,,,,,,,,,,,,,,,,,,,,Decking Board,Collection,Enhance Basics,,Material,,,Edge Profile,Grooved,,Nominal Size,1nx6,,Length,16,ft,Color,,,Additional Information,,,,,,,,,,,,,,,,,,,,,,,,,,,,,,,,,,,,,,,,,,,,,,,,,,,,,,,,,,,,,,,,,,,,,,,,,,,,,,,,,,,,,,,,,,,,,,,,,,,,,,,,,,,,,,,,,,,,,,,,,,,,,,,,,,,,,,,30103600,,,,,,,,,,,,,,,,,,,,,,,,,,,,,,,,,,,,,,,,,,,
,,,,,,,Building Materials,Decking,Composite & PVC Decking,,1516883,1nx6-20' Pebble Beach Grooved - Trex Enhance Basics Decking,TREX,-- No Unilog Brand --,-- No DIB Brand --,Boise Cascade Building Materials (BOICA),Boise Cascade Building Materials,TREX,,1516883,,Building Materials>Decking & Railing>Composite & PVC Decking,"Boise Cascade Building Materials TREX, Decking Board, 1516883, Enhance Basics",DECKING 1NX6 20FT GROOVED,"TREX 1516883 Decking Board, Enhance Basics, Grooved Edge, 1nx6, 20 ft Length","TREX Decking Board, Enhance Basics, Grooved Edge, 1nx6, 20 ft Length","Decking Board, Enhance Basics, Grooved Edge, 1nx6, 20 ft Length",,,,,,,,,,,,,,,,,,,,,,,,,,,Decking Board,Collection,Enhance Basics,,Material,,,Edge Profile,Grooved,,Nominal Size,1nx6,,Length,20,ft,Color,,,Additional Information,,,,,,,,,,,,,,,,,,,,,,,,,,,,,,,,,,,,,,,,,,,,,,,,,,,,,,,,,,,,,,,,,,,,,,,,,,,,,,,,,,,,,,,,,,,,,,,,,,,,,,,,,,,,,,,,,,,,,,,,,,,,,,,,,,,,,,,30103600,,,,,,,,,,,,,,,,,,,,,,,,,,,,,,,,,,,,,,,,,,,
,,,,,,,Building Materials,Decking,Composite & PVC Decking,,543005016,7/8nx6-16' Malted Barley Sq Edge - Trex Select 2.0 Decking,TREX,-- No Unilog Brand --,-- No DIB Brand --,Boise Cascade Building Materials (BOICA),Boise Cascade Building Materials,TREX,,543005016,,Building Materials>Decking & Railing>Composite & PVC Decking,"Boise Cascade Building Materials TREX, Decking Board, 543005016, Select 2.0",DECKING 7/8NX6 16FT SQUARE,"TREX 543005016 Decking Board, Select 2.0, Square Edge, 7/8nx6, 16 ft Length","TREX Decking Board, Select 2.0, Square Edge, 7/8nx6, 16 ft Length","Decking Board, Select 2.0, Square Edge, 7/8nx6, 16 ft Length",,,,,,,,,,,,,,,,,,,,,,,,,,,Decking Board,Collection,Select 2.0,,Material,,,Edge Profile,Square,,Nominal Size,7/8nx6,,Length,16,ft,Color,,,Additional Information,,,,,,,,,,,,,,,,,,,,,,,,,,,,,,,,,,,,,,,,,,,,,,,,,,,,,,,,,,,,,,,,,,,,,,,,,,,,,,,,,,,,,,,,,,,,,,,,,,,,,,,,,,,,,,,,,,,,,,,,,,,,,,,,,,,,,,,30103600,,,,,,,,,,,,,,,,,,,,,,,,,,,,,,,,,,,,,,,,,,,
,,,,,,,Building Materials,Decking,Composite & PVC Decking,,543005020,7/8nx6-20' Malted Barley Sq Edge - Trex Select 2.0 Decking,TREX,-- No Unilog Brand --,-- No DIB Brand --,Boise Cascade Building Materials (BOICA),Boise Cascade Building Materials,TREX,,543005020,,Building Materials>Decking & Railing>Composite & PVC Decking,"Boise Cascade Building Materials TREX, Decking Board, 543005020, Select 2.0",DECKING 7/8NX6 20FT SQUARE,"TREX 543005020 Decking Board, Select 2.0, Square Edge, 7/8nx6, 20 ft Length","TREX Decking Board, Select 2.0, Square Edge, 7/8nx6, 20 ft Length","Decking Board, Select 2.0, Square Edge, 7/8nx6, 20 ft Length",,,,,,,,,,,,,,,,,,,,,,,,,,,Decking Board,Collection,Select 2.0,,Material,,,Edge Profile,Square,,Nominal Size,7/8nx6,,Length,20,ft,Color,,,Additional Information,,,,,,,,,,,,,,,,,,,,,,,,,,,,,,,,,,,,,,,,,,,,,,,,,,,,,,,,,,,,,,,,,,,,,,,,,,,,,,,,,,,,,,,,,,,,,,,,,,,,,,,,,,,,,,,,,,,,,,,,,,,,,,,,,,,,,,,30103600,,,,,,,,,,,,,,,,,,,,,,,,,,,,,,,,,,,,,,,,,,,
,,,,,,,Building Materials,Decking,Composite & PVC Decking,,543005412,7/8nx6-12' Malted Barley Grooved - Trex Select 2.0 Decking,TREX,-- No Unilog Brand --,-- No DIB Brand --,Boise Cascade Building Materials (BOICA),Boise Cascade Building Materials,TREX,,543005412,,Building Materials>Decking & Railing>Composite & PVC Decking,"Boise Cascade Building Materials TREX, Decking Board, 543005412, Select 2.0",DECKING 7/8NX6 12FT GROOVED,"TREX 543005412 Decking Board, Select 2.0, Grooved Edge, 7/8nx6, 12 ft Length","TREX Decking Board, Select 2.0, Grooved Edge, 7/8nx6, 12 ft Length","Decking Board, Select 2.0, Grooved Edge, 7/8nx6, 12 ft Length",,,,,,,,,,,,,,,,,,,,,,,,,,,Decking Board,Collection,Select 2.0,,Material,,,Edge Profile,Grooved,,Nominal Size,7/8nx6,,Length,12,ft,Color,,,Additional Information,,,,,,,,,,,,,,,,,,,,,,,,,,,,,,,,,,,,,,,,,,,,,,,,,,,,,,,,,,,,,,,,,,,,,,,,,,,,,,,,,,,,,,,,,,,,,,,,,,,,,,,,,,,,,,,,,,,,,,,,,,,,,,,,,,,,,,,30103600,,,,,,,,,,,,,,,,,,,,,,,,,,,,,,,,,,,,,,,,,,,
,,,,,,,Building Materials,Decking,Composite & PVC Decking,,543005416,7/8nx6-16' Malted Barley Grooved - Trex Select 2.0 Decking,TREX,-- No Unilog Brand --,-- No DIB Brand --,Boise Cascade Building Materials (BOICA),Boise Cascade Building Materials,TREX,,543005416,,Building Materials>Decking & Railing>Composite & PVC Decking,"Boise Cascade Building Materials TREX, Decking Board, 543005416, Select 2.0",DECKING 7/8NX6 16FT GROOVED,"TREX 543005416 Decking Board, Select 2.0, Grooved Edge, 7/8nx6, 16 ft Length","TREX Decking Board, Select 2.0, Grooved Edge, 7/8nx6, 16 ft Length","Decking Board, Select 2.0, Grooved Edge, 7/8nx6, 16 ft Length",,,,,,,,,,,,,,,,,,,,,,,,,,,Decking Board,Collection,Select 2.0,,Material,,,Edge Profile,Grooved,,Nominal Size,7/8nx6,,Length,16,ft,Color,,,Additional Information,,,,,,,,,,,,,,,,,,,,,,,,,,,,,,,,,,,,,,,,,,,,,,,,,,,,,,,,,,,,,,,,,,,,,,,,,,,,,,,,,,,,,,,,,,,,,,,,,,,,,,,,,,,,,,,,,,,,,,,,,,,,,,,,,,,,,,,30103600,,,,,,,,,,,,,,,,,,,,,,,,,,,,,,,,,,,,,,,,,,,
,,,,,,,Building Materials,Decking,Composite & PVC Decking,,543005420,7/8nx6-20' Malted Barley Grooved - Trex Select 2.0 Decking,TREX,-- No Unilog Brand --,-- No DIB Brand --,Boise Cascade Building Materials (BOICA),Boise Cascade Building Materials,TREX,,543005420,,Building Materials>Decking & Railing>Composite & PVC Decking,"Boise Cascade Building Materials TREX, Decking Board, 543005420, Select 2.0",DECKING 7/8NX6 20FT GROOVED,"TREX 543005420 Decking Board, Select 2.0, Grooved Edge, 7/8nx6, 20 ft Length","TREX Decking Board, Select 2.0, Grooved Edge, 7/8nx6, 20 ft Length","Decking Board, Select 2.0, Grooved Edge, 7/8nx6, 20 ft Length",,,,,,,,,,,,,,,,,,,,,,,,,,,Decking Board,Collection,Select 2.0,,Material,,,Edge Profile,Grooved,,Nominal Size,7/8nx6,,Length,20,ft,Color,,,Additional Information,,,,,,,,,,,,,,,,,,,,,,,,,,,,,,,,,,,,,,,,,,,,,,,,,,,,,,,,,,,,,,,,,,,,,,,,,,,,,,,,,,,,,,,,,,,,,,,,,,,,,,,,,,,,,,,,,,,,,,,,,,,,,,,,,,,,,,,30103600,,,,,,,,,,,,,,,,,,,,,,,,,,,,,,,,,,,,,,,,,,,
,,,,,,,Building Materials,Decking,Composite & PVC Decking,,1516891,7/8nx6-16' Millstone Sq Edge - Trex Select 2.0 Decking,TREX,-- No Unilog Brand --,-- No DIB Brand --,Boise Cascade Building Materials (BOICA),Boise Cascade Building Materials,TREX,,1516891,,Building Materials>Decking & Railing>Composite & PVC Decking,"Boise Cascade Building Materials TREX, Decking Board, 1516891, Select 2.0",DECKING 7/8NX6 16FT SQUARE,"TREX 1516891 Decking Board, Select 2.0, Square Edge, 7/8nx6, 16 ft Length","TREX Decking Board, Select 2.0, Square Edge, 7/8nx6, 16 ft Length","Decking Board, Select 2.0, Square Edge, 7/8nx6, 16 ft Length",,,,,,,,,,,,,,,,,,,,,,,,,,,Decking Board,Collection,Select 2.0,,Material,,,Edge Profile,Square,,Nominal Size,7/8nx6,,Length,16,ft,Color,,,Additional Information,,,,,,,,,,,,,,,,,,,,,,,,,,,,,,,,,,,,,,,,,,,,,,,,,,,,,,,,,,,,,,,,,,,,,,,,,,,,,,,,,,,,,,,,,,,,,,,,,,,,,,,,,,,,,,,,,,,,,,,,,,,,,,,,,,,,,,,30103600,,,,,,,,,,,,,,,,,,,,,,,,,,,,,,,,,,,,,,,,,,,
,,,,,,,Building Materials,Decking,Composite & PVC Decking,,1516892,7/8nx6-20' Millstone Sq Edge -Trex Select 2.0 Decking,TREX,-- No Unilog Brand --,-- No DIB Brand --,Boise Cascade Building Materials (BOICA),Boise Cascade Building Materials,TREX,,1516892,,Building Materials>Decking & Railing>Composite & PVC Decking,"Boise Cascade Building Materials TREX, Decking Board, 1516892, Select 2.0",DECKING 7/8NX6 20FT SQUARE,"TREX 1516892 Decking Board, Select 2.0, Square Edge, 7/8nx6, 20 ft Length","TREX Decking Board, Select 2.0, Square Edge, 7/8nx6, 20 ft Length","Decking Board, Select 2.0, Square Edge, 7/8nx6, 20 ft Length",,,,,,,,,,,,,,,,,,,,,,,,,,,Decking Board,Collection,Select 2.0,,Material,,,Edge Profile,Square,,Nominal Size,7/8nx6,,Length,20,ft,Color,,,Additional Information,,,,,,,,,,,,,,,,,,,,,,,,,,,,,,,,,,,,,,,,,,,,,,,,,,,,,,,,,,,,,,,,,,,,,,,,,,,,,,,,,,,,,,,,,,,,,,,,,,,,,,,,,,,,,,,,,,,,,,,,,,,,,,,,,,,,,,,30103600,,,,,,,,,,,,,,,,,,,,,,,,,,,,,,,,,,,,,,,,,,,
,,,,,,,Building Materials,Decking,Composite & PVC Decking,,1516893,7/8nx6-12' Millstone Grooved - Trex Select 2.0 Decking,TREX,-- No Unilog Brand --,-- No DIB Brand --,Boise Cascade Building Materials (BOICA),Boise Cascade Building Materials,TREX,,1516893,,Building Materials>Decking & Railing>Composite & PVC Decking,"Boise Cascade Building Materials TREX, Decking Board, 1516893, Select 2.0",DECKING 7/8NX6 12FT GROOVED,"TREX 1516893 Decking Board, Select 2.0, Grooved Edge, 7/8nx6, 12 ft Length","TREX Decking Board, Select 2.0, Grooved Edge, 7/8nx6, 12 ft Length","Decking Board, Select 2.0, Grooved Edge, 7/8nx6, 12 ft Length",,,,,,,,,,,,,,,,,,,,,,,,,,,Decking Board,Collection,Select 2.0,,Material,,,Edge Profile,Grooved,,Nominal Size,7/8nx6,,Length,12,ft,Color,,,Additional Information,,,,,,,,,,,,,,,,,,,,,,,,,,,,,,,,,,,,,,,,,,,,,,,,,,,,,,,,,,,,,,,,,,,,,,,,,,,,,,,,,,,,,,,,,,,,,,,,,,,,,,,,,,,,,,,,,,,,,,,,,,,,,,,,,,,,,,,30103600,,,,,,,,,,,,,,,,,,,,,,,,,,,,,,,,,,,,,,,,,,,
,,,,,,,Building Materials,Decking,Composite & PVC Decking,,1516894,7/8nx6-16' Millstone Grooved - Trex Select 2.0 Decking,TREX,-- No Unilog Brand --,-- No DIB Brand --,Boise Cascade Building Materials (BOICA),Boise Cascade Building Materials,TREX,,1516894,,Building Materials>Decking & Railing>Composite & PVC Decking,"Boise Cascade Building Materials TREX, Decking Board, 1516894, Select 2.0",DECKING 7/8NX6 16FT GROOVED,"TREX 1516894 Decking Board, Select 2.0, Grooved Edge, 7/8nx6, 16 ft Length","TREX Decking Board, Select 2.0, Grooved Edge, 7/8nx6, 16 ft Length","Decking Board, Select 2.0, Grooved Edge, 7/8nx6, 16 ft Length",,,,,,,,,,,,,,,,,,,,,,,,,,,Decking Board,Collection,Select 2.0,,Material,,,Edge Profile,Grooved,,Nominal Size,7/8nx6,,Length,16,ft,Color,,,Additional Information,,,,,,,,,,,,,,,,,,,,,,,,,,,,,,,,,,,,,,,,,,,,,,,,,,,,,,,,,,,,,,,,,,,,,,,,,,,,,,,,,,,,,,,,,,,,,,,,,,,,,,,,,,,,,,,,,,,,,,,,,,,,,,,,,,,,,,,30103600,,,,,,,,,,,,,,,,,,,,,,,,,,,,,,,,,,,,,,,,,,,
,,,,,,,Building Materials,Decking,Composite & PVC Decking,,1516895,7/8nx6-20' Millstone Grooved - Trex Select 2.0 Decking,TREX,-- No Unilog Brand --,-- No DIB Brand --,Boise Cascade Building Materials (BOICA),Boise Cascade Building Materials,TREX,,1516895,,Building Materials>Decking & Railing>Composite & PVC Decking,"Boise Cascade Building Materials TREX, Decking Board, 1516895, Select 2.0",DECKING 7/8NX6 20FT GROOVED,"TREX 1516895 Decking Board, Select 2.0, Grooved Edge, 7/8nx6, 20 ft Length","TREX Decking Board, Select 2.0, Grooved Edge, 7/8nx6, 20 ft Length","Decking Board, Select 2.0, Grooved Edge, 7/8nx6, 20 ft Length",,,,,,,,,,,,,,,,,,,,,,,,,,,Decking Board,Collection,Select 2.0,,Material,,,Edge Profile,Grooved,,Nominal Size,7/8nx6,,Length,20,ft,Color,,,Additional Information,,,,,,,,,,,,,,,,,,,,,,,,,,,,,,,,,,,,,,,,,,,,,,,,,,,,,,,,,,,,,,,,,,,,,,,,,,,,,,,,,,,,,,,,,,,,,,,,,,,,,,,,,,,,,,,,,,,,,,,,,,,,,,,,,,,,,,,30103600,,,,,,,,,,,,,,,,,,,,,,,,,,,,,,,,,,,,,,,,,,,
,,,,,,,Building Materials,Decking,Composite & PVC Decking,,543007016,7/8nx6-16' Whiskey Barrel Sq Edge - Trex Select 2.0 Decking,TREX,-- No Unilog Brand --,-- No DIB Brand --,Boise Cascade Building Materials (BOICA),Boise Cascade Building Materials,TREX,,543007016,,Building Materials>Decking & Railing>Composite & PVC Decking,"Boise Cascade Building Materials TREX, Decking Board, 543007016, Select 2.0",DECKING 7/8NX6 16FT SQUARE,"TREX 543007016 Decking Board, Select 2.0, Square Edge, 7/8nx6, 16 ft Length","TREX Decking Board, Select 2.0, Square Edge, 7/8nx6, 16 ft Length","Decking Board, Select 2.0, Square Edge, 7/8nx6, 16 ft Length",,,,,,,,,,,,,,,,,,,,,,,,,,,Decking Board,Collection,Select 2.0,,Material,,,Edge Profile,Square,,Nominal Size,7/8nx6,,Length,16,ft,Color,,,Additional Information,,,,,,,,,,,,,,,,,,,,,,,,,,,,,,,,,,,,,,,,,,,,,,,,,,,,,,,,,,,,,,,,,,,,,,,,,,,,,,,,,,,,,,,,,,,,,,,,,,,,,,,,,,,,,,,,,,,,,,,,,,,,,,,,,,,,,,,30103600,,,,,,,,,,,,,,,,,,,,,,,,,,,,,,,,,,,,,,,,,,,
,,,,,,,Building Materials,Decking,Composite & PVC Decking,,543007020,7/8nx6-20' Whiskey Barrel Sq Edge - Trex Select 2.0 Decking,TREX,-- No Unilog Brand --,-- No DIB Brand --,Boise Cascade Building Materials (BOICA),Boise Cascade Building Materials,TREX,,543007020,,Building Materials>Decking & Railing>Composite & PVC Decking,"Boise Cascade Building Materials TREX, Decking Board, 543007020, Select 2.0",DECKING 7/8NX6 20FT SQUARE,"TREX 543007020 Decking Board, Select 2.0, Square Edge, 7/8nx6, 20 ft Length","TREX Decking Board, Select 2.0, Square Edge, 7/8nx6, 20 ft Length","Decking Board, Select 2.0, Square Edge, 7/8nx6, 20 ft Length",,,,,,,,,,,,,,,,,,,,,,,,,,,Decking Board,Collection,Select 2.0,,Material,,,Edge Profile,Square,,Nominal Size,7/8nx6,,Length,20,ft,Color,,,Additional Information,,,,,,,,,,,,,,,,,,,,,,,,,,,,,,,,,,,,,,,,,,,,,,,,,,,,,,,,,,,,,,,,,,,,,,,,,,,,,,,,,,,,,,,,,,,,,,,,,,,,,,,,,,,,,,,,,,,,,,,,,,,,,,,,,,,,,,,30103600,,,,,,,,,,,,,,,,,,,,,,,,,,,,,,,,,,,,,,,,,,,
,,,,,,,Building Materials,Decking,Composite & PVC Decking,,543007412,7/8nx6-12' Whiskey Barrel Grooved - Trex Select 2.0 Decking,TREX,-- No Unilog Brand --,-- No DIB Brand --,Boise Cascade Building Materials (BOICA),Boise Cascade Building Materials,TREX,,543007412,,Building Materials>Decking & Railing>Composite & PVC Decking,"Boise Cascade Building Materials TREX, Decking Board, 543007412, Select 2.0",DECKING 7/8NX6 12FT GROOVED,"TREX 543007412 Decking Board, Select 2.0, Grooved Edge, 7/8nx6, 12 ft Length","TREX Decking Board, Select 2.0, Grooved Edge, 7/8nx6, 12 ft Length","Decking Board, Select 2.0, Grooved Edge, 7/8nx6, 12 ft Length",,,,,,,,,,,,,,,,,,,,,,,,,,,Decking Board,Collection,Select 2.0,,Material,,,Edge Profile,Grooved,,Nominal Size,7/8nx6,,Length,12,ft,Color,,,Additional Information,,,,,,,,,,,,,,,,,,,,,,,,,,,,,,,,,,,,,,,,,,,,,,,,,,,,,,,,,,,,,,,,,,,,,,,,,,,,,,,,,,,,,,,,,,,,,,,,,,,,,,,,,,,,,,,,,,,,,,,,,,,,,,,,,,,,,,,30103600,,,,,,,,,,,,,,,,,,,,,,,,,,,,,,,,,,,,,,,,,,,
,,,,,,,Building Materials,Decking,Composite & PVC Decking,,543007416,7/8nx6-16' Whiskey Barrel Grooved - Trex Select 2.0 Decking,TREX,-- No Unilog Brand --,-- No DIB Brand --,Boise Cascade Building Materials (BOICA),Boise Cascade Building Materials,TREX,,543007416,,Building Materials>Decking & Railing>Composite & PVC Decking,"Boise Cascade Building Materials TREX, Decking Board, 543007416, Select 2.0",DECKING 7/8NX6 16FT GROOVED,"TREX 543007416 Decking Board, Select 2.0, Grooved Edge, 7/8nx6, 16 ft Length","TREX Decking Board, Select 2.0, Grooved Edge, 7/8nx6, 16 ft Length","Decking Board, Select 2.0, Grooved Edge, 7/8nx6, 16 ft Length",,,,,,,,,,,,,,,,,,,,,,,,,,,Decking Board,Collection,Select 2.0,,Material,,,Edge Profile,Grooved,,Nominal Size,7/8nx6,,Length,16,ft,Color,,,Additional Information,,,,,,,,,,,,,,,,,,,,,,,,,,,,,,,,,,,,,,,,,,,,,,,,,,,,,,,,,,,,,,,,,,,,,,,,,,,,,,,,,,,,,,,,,,,,,,,,,,,,,,,,,,,,,,,,,,,,,,,,,,,,,,,,,,,,,,,30103600,,,,,,,,,,,,,,,,,,,,,,,,,,,,,,,,,,,,,,,,,,,
,,,,,,,Building Materials,Decking,Composite & PVC Decking,,543007420,7/8nx6-20' Whiskey Barrel Grooved - Trex Select 2.0 Decking,TREX,-- No Unilog Brand --,-- No DIB Brand --,Boise Cascade Building Materials (BOICA),Boise Cascade Building Materials,TREX,,543007420,,Building Materials>Decking & Railing>Composite & PVC Decking,"Boise Cascade Building Materials TREX, Decking Board, 543007420, Select 2.0",DECKING 7/8NX6 20FT GROOVED,"TREX 543007420 Decking Board, Select 2.0, Grooved Edge, 7/8nx6, 20 ft Length","TREX Decking Board, Select 2.0, Grooved Edge, 7/8nx6, 20 ft Length","Decking Board, Select 2.0, Grooved Edge, 7/8nx6, 20 ft Length",,,,,,,,,,,,,,,,,,,,,,,,,,,Decking Board,Collection,Select 2.0,,Material,,,Edge Profile,Grooved,,Nominal Size,7/8nx6,,Length,20,ft,Color,,,Additional Information,,,,,,,,,,,,,,,,,,,,,,,,,,,,,,,,,,,,,,,,,,,,,,,,,,,,,,,,,,,,,,,,,,,,,,,,,,,,,,,,,,,,,,,,,,,,,,,,,,,,,,,,,,,,,,,,,,,,,,,,,,,,,,,,,,,,,,,30103600,,,,,,,,,,,,,,,,,,,,,,,,,,,,,,,,,,,,,,,,,,,
,,,,,,,Building Materials,Decking,Fascia & Trim,,ADR5117512CS,1x12-12' Coastline - Vintage Azek PVC Fascia,TIMBERTECH,-- No Unilog Brand --,-- No DIB Brand --,Parksite (6151),Parksite,TIMBERTECH,,ADR5117512CS,,Building Materials>Decking & Railing>Deck Fascia & Trim,"Parksite TIMBERTECH, Fascia Board, ADR5117512CS, 1x12, 12 ft Length",FASCIA 1X12 12FT,"TIMBERTECH ADR5117512CS Fascia Board, 1x12, 12 ft Length","TIMBERTECH Fascia Board, PVC, 1x12, 12 ft Length","Fascia Board, 1x12, 12 ft Length",,,,,,,,,,,,,,,,,,,,,,,,,,,Fascia Board,Collection,,,Material,PVC,,Nominal Size,1x12,,Length,12,ft,Color,,,Additional Information,,,,,,,,,,,,,,,,,,,,,,,,,,,,,,,,,,,,,,,,,,,,,,,,,,,,,,,,,,,,,,,,,,,,,,,,,,,,,,,,,,,,,,,,,,,,,,,,,,,,,,,,,,,,,,,,,,,,,,,,,,,,,,,,,,,,,,,,,,30103600,,,,,,,,,,,,,,,,,,,,,,,,,,,,,,,,,,,,,,,,,,,
,,,,,,,Building Materials,Decking,Fascia & Trim,,ADR5117512MH,1x12-12' Mahogany - Vintage Azek PVC Fascia,TIMBERTECH,-- No Unilog Brand --,-- No DIB Brand --,Parksite (6151),Parksite,TIMBERTECH,,ADR5117512MH,,Building Materials>Decking & Railing>Deck Fascia & Trim,"Parksite TIMBERTECH, Fascia Board, ADR5117512MH, 1x12, 12 ft Length",FASCIA 1X12 12FT,"TIMBERTECH ADR5117512MH Fascia Board, 1x12, 12 ft Length","TIMBERTECH Fascia Board, PVC, 1x12, 12 ft Length","Fascia Board, 1x12, 12 ft Length",,,,,,,,,,,,,,,,,,,,,,,,,,,Fascia Board,Collection,,,Material,PVC,,Nominal Size,1x12,,Length,12,ft,Color,,,Additional Information,,,,,,,,,,,,,,,,,,,,,,,,,,,,,,,,,,,,,,,,,,,,,,,,,,,,,,,,,,,,,,,,,,,,,,,,,,,,,,,,,,,,,,,,,,,,,,,,,,,,,,,,,,,,,,,,,,,,,,,,,,,,,,,,,,,,,,,,,,30103600,,,,,,,,,,,,,,,,,,,,,,,,,,,,,,,,,,,,,,,,,,,
,,,,,,,Building Materials,Decking,Fascia & Trim,,ADR5117512WT,1x12-12' Weathered Teak - Vintage Azek PVC Fascia,TIMBERTECH,-- No Unilog Brand --,-- No DIB Brand --,Parksite (6151),Parksite,TIMBERTECH,,ADR5117512WT,,Building Materials>Decking & Railing>Deck Fascia & Trim,"Parksite TIMBERTECH, Fascia Board, ADR5117512WT, 1x12, 12 ft Length",FASCIA 1X12 12FT,"TIMBERTECH ADR5117512WT Fascia Board, 1x12, 12 ft Length","TIMBERTECH Fascia Board, PVC, 1x12, 12 ft Length","Fascia Board, 1x12, 12 ft Length",,,,,,,,,,,,,,,,,,,,,,,,,,,Fascia Board,Collection,,,Material,PVC,,Nominal Size,1x12,,Length,12,ft,Color,,,Additional Information,,,,,,,,,,,,,,,,,,,,,,,,,,,,,,,,,,,,,,,,,,,,,,,,,,,,,,,,,,,,,,,,,,,,,,,,,,,,,,,,,,,,,,,,,,,,,,,,,,,,,,,,,,,,,,,,,,,,,,,,,,,,,,,,,,,,,,,,,,30103600,,,,,,,,,,,,,,,,,,,,,,,,,,,,,,,,,,,,,,,,,,,
,,,,,,,Building Materials,Decking,Fascia & Trim,,ADR5117512AW,1x12-12' American Walnut - Landmark Azek PVC Fascia,TIMBERTECH,-- No Unilog Brand --,-- No DIB Brand --,Parksite (6151),Parksite,TIMBERTECH,,ADR5117512AW,,Building Materials>Decking & Railing>Deck Fascia & Trim,"Parksite TIMBERTECH, Fascia Board, ADR5117512AW, 1x12, 12 ft Length",FASCIA 1X12 12FT,"TIMBERTECH ADR5117512AW Fascia Board, 1x12, 12 ft Length","TIMBERTECH Fascia Board, PVC, 1x12, 12 ft Length","Fascia Board, 1x12, 12 ft Length",,,,,,,,,,,,,,,,,,,,,,,,,,,Fascia Board,Collection,,,Material,PVC,,Nominal Size,1x12,,Length,12,ft,Color,,,Additional Information,,,,,,,,,,,,,,,,,,,,,,,,,,,,,,,,,,,,,,,,,,,,,,,,,,,,,,,,,,,,,,,,,,,,,,,,,,,,,,,,,,,,,,,,,,,,,,,,,,,,,,,,,,,,,,,,,,,,,,,,,,,,,,,,,,,,,,,,,,30103600,,,,,,,,,,,,,,,,,,,,,,,,,,,,,,,,,,,,,,,,,,,
,,,,,,,Building Materials,Decking,Fascia & Trim,,ADR5117512CG,1x12-12' Castle Gate - Landmark Azek PVC Fascia,TIMBERTECH,-- No Unilog Brand --,-- No DIB Brand --,Parksite (6151),Parksite,TIMBERTECH,,ADR5117512CG,,Building Materials>Decking & Railing>Deck Fascia & Trim,"Parksite TIMBERTECH, Fascia Board, ADR5117512CG, 1x12, 12 ft Length",FASCIA 1X12 12FT,"TIMBERTECH ADR5117512CG Fascia Board, 1x12, 12 ft Length","TIMBERTECH Fascia Board, PVC, 1x12, 12 ft Length","Fascia Board, 1x12, 12 ft Length",,,,,,,,,,,,,,,,,,,,,,,,,,,Fascia Board,Collection,,,Material,PVC,,Nominal Size,1x12,,Length,12,ft,Color,,,Additional Information,,,,,,,,,,,,,,,,,,,,,,,,,,,,,,,,,,,,,,,,,,,,,,,,,,,,,,,,,,,,,,,,,,,,,,,,,,,,,,,,,,,,,,,,,,,,,,,,,,,,,,,,,,,,,,,,,,,,,,,,,,,,,,,,,,,,,,,,,,30103600,,,,,,,,,,,,,,,,,,,,,,,,,,,,,,,,,,,,,,,,,,,
,,,,,,,Building Materials,Decking,Fascia & Trim,,ADR5117512FW,1x12-12' French White Oak - Landmark Azek PVC Fascia,TIMBERTECH,-- No Unilog Brand --,-- No DIB Brand --,Parksite (6151),Parksite,TIMBERTECH,,ADR5117512FW,,Building Materials>Decking & Railing>Deck Fascia & Trim,"Parksite TIMBERTECH, Fascia Board, ADR5117512FW, 1x12, 12 ft Length",FASCIA 1X12 12FT,"TIMBERTECH ADR5117512FW Fascia Board, 1x12, 12 ft Length","TIMBERTECH Fascia Board, PVC, 1x12, 12 ft Length","Fascia Board, 1x12, 12 ft Length",,,,,,,,,,,,,,,,,,,,,,,,,,,Fascia Board,Collection,,,Material,PVC,,Nominal Size,1x12,,Length,12,ft,Color,,,Additional Information,,,,,,,,,,,,,,,,,,,,,,,,,,,,,,,,,,,,,,,,,,,,,,,,,,,,,,,,,,,,,,,,,,,,,,,,,,,,,,,,,,,,,,,,,,,,,,,,,,,,,,,,,,,,,,,,,,,,,,,,,,,,,,,,,,,,,,,,,,30103600,,,,,,,,,,,,,,,,,,,,,,,,,,,,,,,,,,,,,,,,,,,
,,,,,,,Building Materials,Decking,Fascia & Trim,,1508395,1x8-12' Brownstone - Harvest Azek PVC Fascia,TIMBERTECH,-- No Unilog Brand --,-- No DIB Brand --,Parksite (6151),Parksite,TIMBERTECH,,1508395,,Building Materials>Decking & Railing>Deck Fascia & Trim,"Parksite TIMBERTECH, Fascia Board, 1508395, 1x8, 12 ft Length",FASCIA 1X8 12FT,"TIMBERTECH 1508395 Fascia Board, 1x8, 12 ft Length","TIMBERTECH Fascia Board, PVC, 1x8, 12 ft Length","Fascia Board, 1x8, 12 ft Length",,,,,,,,,,,,,,,,,,,,,,,,,,,Fascia Board,Collection,,,Material,PVC,,Nominal Size,1x8,,Length,12,ft,Color,,,Additional Information,,,,,,,,,,,,,,,,,,,,,,,,,,,,,,,,,,,,,,,,,,,,,,,,,,,,,,,,,,,,,,,,,,,,,,,,,,,,,,,,,,,,,,,,,,,,,,,,,,,,,,,,,,,,,,,,,,,,,,,,,,,,,,,,,,,,,,,,,,30103600,,,,,,,,,,,,,,,,,,,,,,,,,,,,,,,,,,,,,,,,,,,
,,,,,,,Building Materials,Decking,Fascia & Trim,,1508396,1x8-12' Slate Gray - Harvest Azek PVC Fascia,TIMBERTECH,-- No Unilog Brand --,-- No DIB Brand --,Parksite (6151),Parksite,TIMBERTECH,,1508396,,Building Materials>Decking & Railing>Deck Fascia & Trim,"Parksite TIMBERTECH, Fascia Board, 1508396, 1x8, 12 ft Length",FASCIA 1X8 12FT,"TIMBERTECH 1508396 Fascia Board, 1x8, 12 ft Length","TIMBERTECH Fascia Board, PVC, 1x8, 12 ft Length","Fascia Board, 1x8, 12 ft Length",,,,,,,,,,,,,,,,,,,,,,,,,,,Fascia Board,Collection,,,Material,PVC,,Nominal Size,1x8,,Length,12,ft,Color,,,Additional Information,,,,,,,,,,,,,,,,,,,,,,,,,,,,,,,,,,,,,,,,,,,,,,,,,,,,,,,,,,,,,,,,,,,,,,,,,,,,,,,,,,,,,,,,,,,,,,,,,,,,,,,,,,,,,,,,,,,,,,,,,,,,,,,,,,,,,,,,,,30103600,,,,,,,,,,,,,,,,,,,,,,,,,,,,,,,,,,,,,,,,,,,
,,,,,,,Building Materials,Decking,Fascia & Trim,,ADCR5117512BS,1x12-12' Brownstone - Harvest Azek PVC Fascia,TIMBERTECH,-- No Unilog Brand --,-- No DIB Brand --,Parksite (6151),Parksite,TIMBERTECH,,ADCR5117512BS,,Building Materials>Decking & Railing>Deck Fascia & Trim,"Parksite TIMBERTECH, Fascia Board, ADCR5117512BS, 1x12, 12 ft Length",FASCIA 1X12 12FT,"TIMBERTECH ADCR5117512BS Fascia Board, 1x12, 12 ft Length","TIMBERTECH Fascia Board, PVC, 1x12, 12 ft Length","Fascia Board, 1x12, 12 ft Length",,,,,,,,,,,,,,,,,,,,,,,,,,,Fascia Board,Collection,,,Material,PVC,,Nominal Size,1x12,,Length,12,ft,Color,,,Additional Information,,,,,,,,,,,,,,,,,,,,,,,,,,,,,,,,,,,,,,,,,,,,,,,,,,,,,,,,,,,,,,,,,,,,,,,,,,,,,,,,,,,,,,,,,,,,,,,,,,,,,,,,,,,,,,,,,,,,,,,,,,,,,,,,,,,,,,,,,,30103600,,,,,,,,,,,,,,,,,,,,,,,,,,,,,,,,,,,,,,,,,,,
,,,,,,,Building Materials,Decking,Fascia & Trim,,ADCR5117512SG,1x12-12' Slate Gray - Harvest Azek PVC Fascia,TIMBERTECH,-- No Unilog Brand --,-- No DIB Brand --,Parksite (6151),Parksite,TIMBERTECH,,ADCR5117512SG,,Building Materials>Decking & Railing>Deck Fascia & Trim,"Parksite TIMBERTECH, Fascia Board, ADCR5117512SG, 1x12, 12 ft Length",FASCIA 1X12 12FT,"TIMBERTECH ADCR5117512SG Fascia Board, 1x12, 12 ft Length","TIMBERTECH Fascia Board, PVC, 1x12, 12 ft Length","Fascia Board, 1x12, 12 ft Length",,,,,,,,,,,,,,,,,,,,,,,,,,,Fascia Board,Collection,,,Material,PVC,,Nominal Size,1x12,,Length,12,ft,Color,,,Additional Information,,,,,,,,,,,,,,,,,,,,,,,,,,,,,,,,,,,,,,,,,,,,,,,,,,,,,,,,,,,,,,,,,,,,,,,,,,,,,,,,,,,,,,,,,,,,,,,,,,,,,,,,,,,,,,,,,,,,,,,,,,,,,,,,,,,,,,,,,,30103600,,,,,,,,,,,,,,,,,,,,,,,,,,,,,,,,,,,,,,,,,,,
,,,,,,,Building Materials,Decking,Fascia & Trim,,543140908,1x8-12' Biscayne - Trex Lineage,TREX,-- No Unilog Brand --,-- No DIB Brand --,U S Lumber (3073),Boise Cascade Building Materials,TREX,,543140908,,Building Materials>Decking & Railing>Deck Fascia & Trim,"Boise Cascade Building Materials TREX, Fascia Board, 543140908, 1x8",FASCIA 1X8 12FT,"TREX 543140908 Fascia Board, 1x8, 12 ft Length","TREX Fascia Board, 1x8, 12 ft Length","Fascia Board, 1x8, 12 ft Length",,,,,,,,,,,,,,,,,,,,,,,,,,,Fascia Board,Collection,,,Material,,,Nominal Size,1x8,,Length,12,ft,Color,,,Additional Information,,,,,,,,,,,,,,,,,,,,,,,,,,,,,,,,,,,,,,,,,,,,,,,,,,,,,,,,,,,,,,,,,,,,,,,,,,,,,,,,,,,,,,,,,,,,,,,,,,,,,,,,,,,,,,,,,,,,,,,,,,,,,,,,,,,,,,,,,,30103600,,,,,,,,,,,,,,,,,,,,,,,,,,,,,,,,,,,,,,,,,,,
,,,,,,,Building Materials,Decking,Fascia & Trim,,543142908,1x8-12' Carmel - Trex Lineage,TREX,-- No Unilog Brand --,-- No DIB Brand --,U S Lumber (3073),Boise Cascade Building Materials,TREX,,543142908,,Building Materials>Decking & Railing>Deck Fascia & Trim,"Boise Cascade Building Materials TREX, Fascia Board, 543142908, 1x8",FASCIA 1X8 12FT,"TREX 543142908 Fascia Board, 1x8, 12 ft Length","TREX Fascia Board, 1x8, 12 ft Length","Fascia Board, 1x8, 12 ft Length",,,,,,,,,,,,,,,,,,,,,,,,,,,Fascia Board,Collection,,,Material,,,Nominal Size,1x8,,Length,12,ft,Color,,,Additional Information,,,,,,,,,,,,,,,,,,,,,,,,,,,,,,,,,,,,,,,,,,,,,,,,,,,,,,,,,,,,,,,,,,,,,,,,,,,,,,,,,,,,,,,,,,,,,,,,,,,,,,,,,,,,,,,,,,,,,,,,,,,,,,,,,,,,,,,,,,30103600,,,,,,,,,,,,,,,,,,,,,,,,,,,,,,,,,,,,,,,,,,,
,,,,,,,Building Materials,Decking,Fascia & Trim,,543143908,1x8-12' Jasper - Trex Lineage,TREX,-- No Unilog Brand --,-- No DIB Brand --,U S Lumber (3073),Boise Cascade Building Materials,TREX,,543143908,,Building Materials>Decking & Railing>Deck Fascia & Trim,"Boise Cascade Building Materials TREX, Fascia Board, 543143908, 1x8",FASCIA 1X8 12FT,"TREX 543143908 Fascia Board, 1x8, 12 ft Length","TREX Fascia Board, 1x8, 12 ft Length","Fascia Board, 1x8, 12 ft Length",,,,,,,,,,,,,,,,,,,,,,,,,,,Fascia Board,Collection,,,Material,,,Nominal Size,1x8,,Length,12,ft,Color,,,Additional Information,,,,,,,,,,,,,,,,,,,,,,,,,,,,,,,,,,,,,,,,,,,,,,,,,,,,,,,,,,,,,,,,,,,,,,,,,,,,,,,,,,,,,,,,,,,,,,,,,,,,,,,,,,,,,,,,,,,,,,,,,,,,,,,,,,,,,,,,,,30103600,,,,,,,,,,,,,,,,,,,,,,,,,,,,,,,,,,,,,,,,,,,
,,,,,,,Building Materials,Decking,Fascia & Trim,,543140912,1x12-12' Biscayne - Trex Lineage,TREX,-- No Unilog Brand --,-- No DIB Brand --,U S Lumber (3073),Boise Cascade Building Materials,TREX,,543140912,,Building Materials>Decking & Railing>Deck Fascia & Trim,"Boise Cascade Building Materials TREX, Fascia Board, 543140912, 1x12",FASCIA 1X12 12FT,"TREX 543140912 Fascia Board, 1x12, 12 ft Length","TREX Fascia Board, 1x12, 12 ft Length","Fascia Board, 1x12, 12 ft Length",,,,,,,,,,,,,,,,,,,,,,,,,,,Fascia Board,Collection,,,Material,,,Nominal Size,1x12,,Length,12,ft,Color,,,Additional Information,,,,,,,,,,,,,,,,,,,,,,,,,,,,,,,,,,,,,,,,,,,,,,,,,,,,,,,,,,,,,,,,,,,,,,,,,,,,,,,,,,,,,,,,,,,,,,,,,,,,,,,,,,,,,,,,,,,,,,,,,,,,,,,,,,,,,,,,,,30103600,,,,,,,,,,,,,,,,,,,,,,,,,,,,,,,,,,,,,,,,,,,
,,,,,,,Building Materials,Decking,Fascia & Trim,,543142912,1x12-12' Carmel - Trex Lineage,TREX,-- No Unilog Brand --,-- No DIB Brand --,U S Lumber (3073),Boise Cascade Building Materials,TREX,,543142912,,Building Materials>Decking & Railing>Deck Fascia & Trim,"Boise Cascade Building Materials TREX, Fascia Board, 543142912, 1x12",FASCIA 1X12 12FT,"TREX 543142912 Fascia Board, 1x12, 12 ft Length","TREX Fascia Board, 1x12, 12 ft Length","Fascia Board, 1x12, 12 ft Length",,,,,,,,,,,,,,,,,,,,,,,,,,,Fascia Board,Collection,,,Material,,,Nominal Size,1x12,,Length,12,ft,Color,,,Additional Information,,,,,,,,,,,,,,,,,,,,,,,,,,,,,,,,,,,,,,,,,,,,,,,,,,,,,,,,,,,,,,,,,,,,,,,,,,,,,,,,,,,,,,,,,,,,,,,,,,,,,,,,,,,,,,,,,,,,,,,,,,,,,,,,,,,,,,,,,,30103600,,,,,,,,,,,,,,,,,,,,,,,,,,,,,,,,,,,,,,,,,,,
,,,,,,,Building Materials,Decking,Fascia & Trim,,543143912,1x12-12' Jasper - Trex Lineage,TREX,-- No Unilog Brand --,-- No DIB Brand --,U S Lumber (3073),Boise Cascade Building Materials,TREX,,543143912,,Building Materials>Decking & Railing>Deck Fascia & Trim,"Boise Cascade Building Materials TREX, Fascia Board, 543143912, 1x12",FASCIA 1X12 12FT,"TREX 543143912 Fascia Board, 1x12, 12 ft Length","TREX Fascia Board, 1x12, 12 ft Length","Fascia Board, 1x12, 12 ft Length",,,,,,,,,,,,,,,,,,,,,,,,,,,Fascia Board,Collection,,,Material,,,Nominal Size,1x12,,Length,12,ft,Color,,,Additional Information,,,,,,,,,,,,,,,,,,,,,,,,,,,,,,,,,,,,,,,,,,,,,,,,,,,,,,,,,,,,,,,,,,,,,,,,,,,,,,,,,,,,,,,,,,,,,,,,,,,,,,,,,,,,,,,,,,,,,,,,,,,,,,,,,,,,,,,,,,30103600,,,,,,,,,,,,,,,,,,,,,,,,,,,,,,,,,,,,,,,,,,,
,,,,,,,Building Materials,Decking,Fascia & Trim,,1513715,1x12-12' Hatteras - Trex Lineage,TREX,-- No Unilog Brand --,-- No DIB Brand --,Boise Cascade Building Materials (BOICA),Boise Cascade Building Materials,TREX,,1513715,,Building Materials>Decking & Railing>Deck Fascia & Trim,"Boise Cascade Building Materials TREX, Fascia Board, 1513715, 1x12, 12 ft Length",FASCIA 1X12 12FT,"TREX 1513715 Fascia Board, 1x12, 12 ft Length","TREX Fascia Board, 1x12, 12 ft Length","Fascia Board, 1x12, 12 ft Length",,,,,,,,,,,,,,,,,,,,,,,,,,,Fascia Board,Collection,,,Material,,,Nominal Size,1x12,,Length,12,ft,Color,,,Additional Information,,,,,,,,,,,,,,,,,,,,,,,,,,,,,,,,,,,,,,,,,,,,,,,,,,,,,,,,,,,,,,,,,,,,,,,,,,,,,,,,,,,,,,,,,,,,,,,,,,,,,,,,,,,,,,,,,,,,,,,,,,,,,,,,,,,,,,,,,,30103600,,,,,,,,,,,,,,,,,,,,,,,,,,,,,,,,,,,,,,,,,,,
,,,,,,,Building Materials,Decking,Fascia & Trim,,1513716,1x12-12' Salt Flat - Trex Lineage,TREX,-- No Unilog Brand --,-- No DIB Brand --,Boise Cascade Building Materials (BOICA),Boise Cascade Building Materials,TREX,,1513716,,Building Materials>Decking & Railing>Deck Fascia & Trim,"Boise Cascade Building Materials TREX, Fascia Board, 1513716, 1x12, 12 ft Length",FASCIA 1X12 12FT,"TREX 1513716 Fascia Board, 1x12, 12 ft Length","TREX Fascia Board, 1x12, 12 ft Length","Fascia Board, 1x12, 12 ft Length",,,,,,,,,,,,,,,,,,,,,,,,,,,Fascia Board,Collection,,,Material,,,Nominal Size,1x12,,Length,12,ft,Color,,,Additional Information,,,,,,,,,,,,,,,,,,,,,,,,,,,,,,,,,,,,,,,,,,,,,,,,,,,,,,,,,,,,,,,,,,,,,,,,,,,,,,,,,,,,,,,,,,,,,,,,,,,,,,,,,,,,,,,,,,,,,,,,,,,,,,,,,,,,,,,,,,30103600,,,,,,,,,,,,,,,,,,,,,,,,,,,,,,,,,,,,,,,,,,,
,,,,,,,Building Materials,Decking,Fascia & Trim,,1513722,1x8-12' Honey Grove - Trex Enhance Naturals Fascia,TREX,-- No Unilog Brand --,-- No DIB Brand --,Boise Cascade Building Materials (BOICA),Boise Cascade Building Materials,TREX,,1513722,,Building Materials>Decking & Railing>Deck Fascia & Trim,"Boise Cascade Building Materials TREX, Fascia Board, 1513722, 1x8, 12 ft Length",FASCIA 1X8 12FT,"TREX 1513722 Fascia Board, 1x8, 12 ft Length","TREX Fascia Board, 1x8, 12 ft Length","Fascia Board, 1x8, 12 ft Length",,,,,,,,,,,,,,,,,,,,,,,,,,,Fascia Board,Collection,,,Material,,,Nominal Size,1x8,,Length,12,ft,Color,,,Additional Information,,,,,,,,,,,,,,,,,,,,,,,,,,,,,,,,,,,,,,,,,,,,,,,,,,,,,,,,,,,,,,,,,,,,,,,,,,,,,,,,,,,,,,,,,,,,,,,,,,,,,,,,,,,,,,,,,,,,,,,,,,,,,,,,,,,,,,,,,,30103600,,,,,,,,,,,,,,,,,,,,,,,,,,,,,,,,,,,,,,,,,,,
,,,,,,,Building Materials,Decking,Fascia & Trim,,1513723,1x12-12' Honey Grove - Trex Enhance Naturals Fascia,TREX,-- No Unilog Brand --,-- No DIB Brand --,Boise Cascade Building Materials (BOICA),Boise Cascade Building Materials,TREX,,1513723,,Building Materials>Decking & Railing>Deck Fascia & Trim,"Boise Cascade Building Materials TREX, Fascia Board, 1513723, 1x12, 12 ft Length",FASCIA 1X12 12FT,"TREX 1513723 Fascia Board, 1x12, 12 ft Length","TREX Fascia Board, 1x12, 12 ft Length","Fascia Board, 1x12, 12 ft Length",,,,,,,,,,,,,,,,,,,,,,,,,,,Fascia Board,Collection,,,Material,,,Nominal Size,1x12,,Length,12,ft,Color,,,Additional Information,,,,,,,,,,,,,,,,,,,,,,,,,,,,,,,,,,,,,,,,,,,,,,,,,,,,,,,,,,,,,,,,,,,,,,,,,,,,,,,,,,,,,,,,,,,,,,,,,,,,,,,,,,,,,,,,,,,,,,,,,,,,,,,,,,,,,,,,,,30103600,,,,,,,,,,,,,,,,,,,,,,,,,,,,,,,,,,,,,,,,,,,
,,,,,,,Building Materials,Decking,Fascia & Trim,,1513729,1x8-12' Tide Pool - Trex Enhance Basics Fascia,TREX,-- No Unilog Brand --,-- No DIB Brand --,Boise Cascade Building Materials (BOICA),Boise Cascade Building Materials,TREX,,1513729,,Building Materials>Decking & Railing>Deck Fascia & Trim,"Boise Cascade Building Materials TREX, Fascia Board, 1513729, 1x8, 12 ft Length",FASCIA 1X8 12FT,"TREX 1513729 Fascia Board, 1x8, 12 ft Length","TREX Fascia Board, 1x8, 12 ft Length","Fascia Board, 1x8, 12 ft Length",,,,,,,,,,,,,,,,,,,,,,,,,,,Fascia Board,Collection,,,Material,,,Nominal Size,1x8,,Length,12,ft,Color,,,Additional Information,,,,,,,,,,,,,,,,,,,,,,,,,,,,,,,,,,,,,,,,,,,,,,,,,,,,,,,,,,,,,,,,,,,,,,,,,,,,,,,,,,,,,,,,,,,,,,,,,,,,,,,,,,,,,,,,,,,,,,,,,,,,,,,,,,,,,,,,,,30103600,,,,,,,,,,,,,,,,,,,,,,,,,,,,,,,,,,,,,,,,,,,
,,,,,,,Building Materials,Decking,Fascia & Trim,,1513730,1x12-12' Tide Pool - Trex Enhance Basics Fascia,TREX,-- No Unilog Brand --,-- No DIB Brand --,Boise Cascade Building Materials (BOICA),Boise Cascade Building Materials,TREX,,1513730,,Building Materials>Decking & Railing>Deck Fascia & Trim,"Boise Cascade Building Materials TREX, Fascia Board, 1513730, 1x12, 12 ft Length",FASCIA 1X12 12FT,"TREX 1513730 Fascia Board, 1x12, 12 ft Length","TREX Fascia Board, 1x12, 12 ft Length","Fascia Board, 1x12, 12 ft Length",,,,,,,,,,,,,,,,,,,,,,,,,,,Fascia Board,Collection,,,Material,,,Nominal Size,1x12,,Length,12,ft,Color,,,Additional Information,,,,,,,,,,,,,,,,,,,,,,,,,,,,,,,,,,,,,,,,,,,,,,,,,,,,,,,,,,,,,,,,,,,,,,,,,,,,,,,,,,,,,,,,,,,,,,,,,,,,,,,,,,,,,,,,,,,,,,,,,,,,,,,,,,,,,,,,,,30103600,,,,,,,,,,,,,,,,,,,,,,,,,,,,,,,,,,,,,,,,,,,
,,,,,,,Building Materials,Decking,Fascia & Trim,,543076916,1x8-12' Cinnamon Cove - Trex Enhance Naturals Fascia,TREX,-- No Unilog Brand --,-- No DIB Brand --,Boise Cascade Building Materials (BOICA),Boise Cascade Building Materials,TREX,,543076916,,Building Materials>Decking & Railing>Deck Fascia & Trim,"Boise Cascade Building Materials TREX, Fascia Board, 543076916, 1x8",FASCIA 1X8 12FT,"TREX 543076916 Fascia Board, 1x8, 12 ft Length","TREX Fascia Board, 1x8, 12 ft Length","Fascia Board, 1x8, 12 ft Length",,,,,,,,,,,,,,,,,,,,,,,,,,,Fascia Board,Collection,,,Material,,,Nominal Size,1x8,,Length,12,ft,Color,,,Additional Information,,,,,,,,,,,,,,,,,,,,,,,,,,,,,,,,,,,,,,,,,,,,,,,,,,,,,,,,,,,,,,,,,,,,,,,,,,,,,,,,,,,,,,,,,,,,,,,,,,,,,,,,,,,,,,,,,,,,,,,,,,,,,,,,,,,,,,,,,,30103600,,,,,,,,,,,,,,,,,,,,,,,,,,,,,,,,,,,,,,,,,,,
,,,,,,,Building Materials,Decking,Fascia & Trim,,1516876,1x8-12' Golden Hour - Trex Enhance Naturals Fascia,TREX,-- No Unilog Brand --,-- No DIB Brand --,Boise Cascade Building Materials (BOICA),Boise Cascade Building Materials,TREX,,1516876,,Building Materials>Decking & Railing>Deck Fascia & Trim,"Boise Cascade Building Materials TREX, Fascia Board, 1516876, 1x8, 12 ft Length",FASCIA 1X8 12FT,"TREX 1516876 Fascia Board, 1x8, 12 ft Length","TREX Fascia Board, 1x8, 12 ft Length","Fascia Board, 1x8, 12 ft Length",,,,,,,,,,,,,,,,,,,,,,,,,,,Fascia Board,Collection,,,Material,,,Nominal Size,1x8,,Length,12,ft,Color,,,Additional Information,,,,,,,,,,,,,,,,,,,,,,,,,,,,,,,,,,,,,,,,,,,,,,,,,,,,,,,,,,,,,,,,,,,,,,,,,,,,,,,,,,,,,,,,,,,,,,,,,,,,,,,,,,,,,,,,,,,,,,,,,,,,,,,,,,,,,,,,,,30103600,,,,,,,,,,,,,,,,,,,,,,,,,,,,,,,,,,,,,,,,,,,
,,,,,,,Building Materials,Decking,Fascia & Trim,,543076936,1x12-12' Cinnamon Cove - Trex Enhance Naturals Fascia,TREX,-- No Unilog Brand --,-- No DIB Brand --,Boise Cascade Building Materials (BOICA),Boise Cascade Building Materials,TREX,,543076936,,Building Materials>Decking & Railing>Deck Fascia & Trim,"Boise Cascade Building Materials TREX, Fascia Board, 543076936, 1x12",FASCIA 1X12 12FT,"TREX 543076936 Fascia Board, 1x12, 12 ft Length","TREX Fascia Board, 1x12, 12 ft Length","Fascia Board, 1x12, 12 ft Length",,,,,,,,,,,,,,,,,,,,,,,,,,,Fascia Board,Collection,,,Material,,,Nominal Size,1x12,,Length,12,ft,Color,,,Additional Information,,,,,,,,,,,,,,,,,,,,,,,,,,,,,,,,,,,,,,,,,,,,,,,,,,,,,,,,,,,,,,,,,,,,,,,,,,,,,,,,,,,,,,,,,,,,,,,,,,,,,,,,,,,,,,,,,,,,,,,,,,,,,,,,,,,,,,,,,,30103600,,,,,,,,,,,,,,,,,,,,,,,,,,,,,,,,,,,,,,,,,,,
,,,,,,,Building Materials,Decking,Fascia & Trim,,1516878,1x12-12' Golden Hour - Trex Enhance Naturals Fascia,TREX,-- No Unilog Brand --,-- No DIB Brand --,Boise Cascade Building Materials (BOICA),Boise Cascade Building Materials,TREX,,1516878,,Building Materials>Decking & Railing>Deck Fascia & Trim,"Boise Cascade Building Materials TREX, Fascia Board, 1516878, 1x12, 12 ft Length",FASCIA 1X12 12FT,"TREX 1516878 Fascia Board, 1x12, 12 ft Length","TREX Fascia Board, 1x12, 12 ft Length","Fascia Board, 1x12, 12 ft Length",,,,,,,,,,,,,,,,,,,,,,,,,,,Fascia Board,Collection,,,Material,,,Nominal Size,1x12,,Length,12,ft,Color,,,Additional Information,,,,,,,,,,,,,,,,,,,,,,,,,,,,,,,,,,,,,,,,,,,,,,,,,,,,,,,,,,,,,,,,,,,,,,,,,,,,,,,,,,,,,,,,,,,,,,,,,,,,,,,,,,,,,,,,,,,,,,,,,,,,,,,,,,,,,,,,,,30103600,,,,,,,,,,,,,,,,,,,,,,,,,,,,,,,,,,,,,,,,,,,
,,,,,,,Building Materials,Decking,Fascia & Trim,,1516884,1x8-12' Pebble Beach - Trex Enhance Basics Fascia,TREX,-- No Unilog Brand --,-- No DIB Brand --,Boise Cascade Building Materials (BOICA),Boise Cascade Building Materials,TREX,,1516884,,Building Materials>Decking & Railing>Deck Fascia & Trim,"Boise Cascade Building Materials TREX, Fascia Board, 1516884, 1x8, 12 ft Length",FASCIA 1X8 12FT,"TREX 1516884 Fascia Board, 1x8, 12 ft Length","TREX Fascia Board, 1x8, 12 ft Length","Fascia Board, 1x8, 12 ft Length",,,,,,,,,,,,,,,,,,,,,,,,,,,Fascia Board,Collection,,,Material,,,Nominal Size,1x8,,Length,12,ft,Color,,,Additional Information,,,,,,,,,,,,,,,,,,,,,,,,,,,,,,,,,,,,,,,,,,,,,,,,,,,,,,,,,,,,,,,,,,,,,,,,,,,,,,,,,,,,,,,,,,,,,,,,,,,,,,,,,,,,,,,,,,,,,,,,,,,,,,,,,,,,,,,,,,30103600,,,,,,,,,,,,,,,,,,,,,,,,,,,,,,,,,,,,,,,,,,,
,,,,,,,Building Materials,Decking,Fascia & Trim,,1516885,1x12-12' Pebble Beach - Trex Enhance Basics Fascia,TREX,-- No Unilog Brand --,-- No DIB Brand --,Boise Cascade Building Materials (BOICA),Boise Cascade Building Materials,TREX,,1516885,,Building Materials>Decking & Railing>Deck Fascia & Trim,"Boise Cascade Building Materials TREX, Fascia Board, 1516885, 1x12, 12 ft Length",FASCIA 1X12 12FT,"TREX 1516885 Fascia Board, 1x12, 12 ft Length","TREX Fascia Board, 1x12, 12 ft Length","Fascia Board, 1x12, 12 ft Length",,,,,,,,,,,,,,,,,,,,,,,,,,,Fascia Board,Collection,,,Material,,,Nominal Size,1x12,,Length,12,ft,Color,,,Additional Information,,,,,,,,,,,,,,,,,,,,,,,,,,,,,,,,,,,,,,,,,,,,,,,,,,,,,,,,,,,,,,,,,,,,,,,,,,,,,,,,,,,,,,,,,,,,,,,,,,,,,,,,,,,,,,,,,,,,,,,,,,,,,,,,,,,,,,,,,,30103600,,,,,,,,,,,,,,,,,,,,,,,,,,,,,,,,,,,,,,,,,,,
,,,,,,,Building Materials,Decking,Fascia & Trim,,543005916,1x8-12' Malted Barley - Trex Select 2.0 Fascia,TREX,-- No Unilog Brand --,-- No DIB Brand --,Boise Cascade Building Materials (BOICA),Boise Cascade Building Materials,TREX,,543005916,,Building Materials>Decking & Railing>Deck Fascia & Trim,"Boise Cascade Building Materials TREX, Fascia Board, 543005916, 1x8",FASCIA 1X8 12FT,"TREX 543005916 Fascia Board, 1x8, 12 ft Length","TREX Fascia Board, 1x8, 12 ft Length","Fascia Board, 1x8, 12 ft Length",,,,,,,,,,,,,,,,,,,,,,,,,,,Fascia Board,Collection,,,Material,,,Nominal Size,1x8,,Length,12,ft,Color,,,Additional Information,,,,,,,,,,,,,,,,,,,,,,,,,,,,,,,,,,,,,,,,,,,,,,,,,,,,,,,,,,,,,,,,,,,,,,,,,,,,,,,,,,,,,,,,,,,,,,,,,,,,,,,,,,,,,,,,,,,,,,,,,,,,,,,,,,,,,,,,,,30103600,,,,,,,,,,,,,,,,,,,,,,,,,,,,,,,,,,,,,,,,,,,
,,,,,,,Building Materials,Decking,Fascia & Trim,,1516902,1x8-12' Millstone - Trex Select 2.0 Fascia,TREX,-- No Unilog Brand --,-- No DIB Brand --,Boise Cascade Building Materials (BOICA),Boise Cascade Building Materials,TREX,,1516902,,Building Materials>Decking & Railing>Deck Fascia & Trim,"Boise Cascade Building Materials TREX, Fascia Board, 1516902, 1x8, 12 ft Length",FASCIA 1X8 12FT,"TREX 1516902 Fascia Board, 1x8, 12 ft Length","TREX Fascia Board, 1x8, 12 ft Length","Fascia Board, 1x8, 12 ft Length",,,,,,,,,,,,,,,,,,,,,,,,,,,Fascia Board,Collection,,,Material,,,Nominal Size,1x8,,Length,12,ft,Color,,,Additional Information,,,,,,,,,,,,,,,,,,,,,,,,,,,,,,,,,,,,,,,,,,,,,,,,,,,,,,,,,,,,,,,,,,,,,,,,,,,,,,,,,,,,,,,,,,,,,,,,,,,,,,,,,,,,,,,,,,,,,,,,,,,,,,,,,,,,,,,,,,30103600,,,,,,,,,,,,,,,,,,,,,,,,,,,,,,,,,,,,,,,,,,,
,,,,,,,Building Materials,Decking,Fascia & Trim,,543007916,1x8-12' Whiskey Barrel - Trex Select 2.0 Fascia,TREX,-- No Unilog Brand --,-- No DIB Brand --,Boise Cascade Building Materials (BOICA),Boise Cascade Building Materials,TREX,,543007916,,Building Materials>Decking & Railing>Deck Fascia & Trim,"Boise Cascade Building Materials TREX, Fascia Board, 543007916, 1x8",FASCIA 1X8 12FT,"TREX 543007916 Fascia Board, 1x8, 12 ft Length","TREX Fascia Board, 1x8, 12 ft Length","Fascia Board, 1x8, 12 ft Length",,,,,,,,,,,,,,,,,,,,,,,,,,,Fascia Board,Collection,,,Material,,,Nominal Size,1x8,,Length,12,ft,Color,,,Additional Information,,,,,,,,,,,,,,,,,,,,,,,,,,,,,,,,,,,,,,,,,,,,,,,,,,,,,,,,,,,,,,,,,,,,,,,,,,,,,,,,,,,,,,,,,,,,,,,,,,,,,,,,,,,,,,,,,,,,,,,,,,,,,,,,,,,,,,,,,,30103600,,,,,,,,,,,,,,,,,,,,,,,,,,,,,,,,,,,,,,,,,,,
,,,,,,,Building Materials,Decking,Fascia & Trim,,543005936,1x12-12' Malted Barley - Trex Select 2.0 Fascia,TREX,-- No Unilog Brand --,-- No DIB Brand --,Boise Cascade Building Materials (BOICA),Boise Cascade Building Materials,TREX,,543005936,,Building Materials>Decking & Railing>Deck Fascia & Trim,"Boise Cascade Building Materials TREX, Fascia Board, 543005936, 1x12",FASCIA 1X12 12FT,"TREX 543005936 Fascia Board, 1x12, 12 ft Length","TREX Fascia Board, 1x12, 12 ft Length","Fascia Board, 1x12, 12 ft Length",,,,,,,,,,,,,,,,,,,,,,,,,,,Fascia Board,Collection,,,Material,,,Nominal Size,1x12,,Length,12,ft,Color,,,Additional Information,,,,,,,,,,,,,,,,,,,,,,,,,,,,,,,,,,,,,,,,,,,,,,,,,,,,,,,,,,,,,,,,,,,,,,,,,,,,,,,,,,,,,,,,,,,,,,,,,,,,,,,,,,,,,,,,,,,,,,,,,,,,,,,,,,,,,,,,,,30103600,,,,,,,,,,,,,,,,,,,,,,,,,,,,,,,,,,,,,,,,,,,
,,,,,,,Building Materials,Decking,Fascia & Trim,,1516905,1x12-12' Millstone - Trex Select 2.0 Fascia,TREX,-- No Unilog Brand --,-- No DIB Brand --,Boise Cascade Building Materials (BOICA),Boise Cascade Building Materials,TREX,,1516905,,Building Materials>Decking & Railing>Deck Fascia & Trim,"Boise Cascade Building Materials TREX, Fascia Board, 1516905, 1x12, 12 ft Length",FASCIA 1X12 12FT,"TREX 1516905 Fascia Board, 1x12, 12 ft Length","TREX Fascia Board, 1x12, 12 ft Length","Fascia Board, 1x12, 12 ft Length",,,,,,,,,,,,,,,,,,,,,,,,,,,Fascia Board,Collection,,,Material,,,Nominal Size,1x12,,Length,12,ft,Color,,,Additional Information,,,,,,,,,,,,,,,,,,,,,,,,,,,,,,,,,,,,,,,,,,,,,,,,,,,,,,,,,,,,,,,,,,,,,,,,,,,,,,,,,,,,,,,,,,,,,,,,,,,,,,,,,,,,,,,,,,,,,,,,,,,,,,,,,,,,,,,,,,30103600,,,,,,,,,,,,,,,,,,,,,,,,,,,,,,,,,,,,,,,,,,,
,,,,,,,Building Materials,Decking,Fascia & Trim,,543007936,1x12-12' Whiskey Barrel - Trex Select 2.0 Fascia,TREX,-- No Unilog Brand --,-- No DIB Brand --,Boise Cascade Building Materials (BOICA),Boise Cascade Building Materials,TREX,,543007936,,Building Materials>Decking & Railing>Deck Fascia & Trim,"Boise Cascade Building Materials TREX, Fascia Board, 543007936, 1x12",FASCIA 1X12 12FT,"TREX 543007936 Fascia Board, 1x12, 12 ft Length","TREX Fascia Board, 1x12, 12 ft Length","Fascia Board, 1x12, 12 ft Length",,,,,,,,,,,,,,,,,,,,,,,,,,,Fascia Board,Collection,,,Material,,,Nominal Size,1x12,,Length,12,ft,Color,,,Additional Information,,,,,,,,,,,,,,,,,,,,,,,,,,,,,,,,,,,,,,,,,,,,,,,,,,,,,,,,,,,,,,,,,,,,,,,,,,,,,,,,,,,,,,,,,,,,,,,,,,,,,,,,,,,,,,,,,,,,,,,,,,,,,,,,,,,,,,,,,,30103600,,,,,,,,,,,,,,,,,,,,,,,,,,,,,,,,,,,,,,,,,,,
,,,,,,,Building Materials,Decking,Fascia & Trim,,543144908,1x8-12' Island Mist - Trex Lineage,TREX,-- No Unilog Brand --,-- No DIB Brand --,U S Lumber (3073),Boise Cascade Building Materials,TREX,,543144908,,Building Materials>Decking & Railing>Deck Fascia & Trim,"Boise Cascade Building Materials TREX, Fascia Board, 543144908, 1x8",FASCIA 1X8 12FT,"TREX 543144908 Fascia Board, 1x8, 12 ft Length","TREX Fascia Board, 1x8, 12 ft Length","Fascia Board, 1x8, 12 ft Length",,,,,,,,,,,,,,,,,,,,,,,,,,,Fascia Board,Collection,,,Material,,,Nominal Size,1x8,,Length,12,ft,Color,,,Additional Information,,,,,,,,,,,,,,,,,,,,,,,,,,,,,,,,,,,,,,,,,,,,,,,,,,,,,,,,,,,,,,,,,,,,,,,,,,,,,,,,,,,,,,,,,,,,,,,,,,,,,,,,,,,,,,,,,,,,,,,,,,,,,,,,,,,,,,,,,,30103600,,,,,,,,,,,,,,,,,,,,,,,,,,,,,,,,,,,,,,,,,,,
,,,,,,,Building Materials,Decking,Fascia & Trim,,543141908,1x8-12' Rainier - Trex Lineage,TREX,-- No Unilog Brand --,-- No DIB Brand --,U S Lumber (3073),Boise Cascade Building Materials,TREX,,543141908,,Building Materials>Decking & Railing>Deck Fascia & Trim,"Boise Cascade Building Materials TREX, Fascia Board, 543141908, 1x8",FASCIA 1X8 12FT,"TREX 543141908 Fascia Board, 1x8, 12 ft Length","TREX Fascia Board, 1x8, 12 ft Length","Fascia Board, 1x8, 12 ft Length",,,,,,,,,,,,,,,,,,,,,,,,,,,Fascia Board,Collection,,,Material,,,Nominal Size,1x8,,Length,12,ft,Color,,,Additional Information,,,,,,,,,,,,,,,,,,,,,,,,,,,,,,,,,,,,,,,,,,,,,,,,,,,,,,,,,,,,,,,,,,,,,,,,,,,,,,,,,,,,,,,,,,,,,,,,,,,,,,,,,,,,,,,,,,,,,,,,,,,,,,,,,,,,,,,,,,30103600,,,,,,,,,,,,,,,,,,,,,,,,,,,,,,,,,,,,,,,,,,,
,,,,,,,Building Materials,Decking,Fascia & Trim,,543144912,1x12-12' Island Mist - Trex Lineage,TREX,-- No Unilog Brand --,-- No DIB Brand --,U S Lumber (3073),Boise Cascade Building Materials,TREX,,543144912,,Building Materials>Decking & Railing>Deck Fascia & Trim,"Boise Cascade Building Materials TREX, Fascia Board, 543144912, 1x12",FASCIA 1X12 12FT,"TREX 543144912 Fascia Board, 1x12, 12 ft Length","TREX Fascia Board, 1x12, 12 ft Length","Fascia Board, 1x12, 12 ft Length",,,,,,,,,,,,,,,,,,,,,,,,,,,Fascia Board,Collection,,,Material,,,Nominal Size,1x12,,Length,12,ft,Color,,,Additional Information,,,,,,,,,,,,,,,,,,,,,,,,,,,,,,,,,,,,,,,,,,,,,,,,,,,,,,,,,,,,,,,,,,,,,,,,,,,,,,,,,,,,,,,,,,,,,,,,,,,,,,,,,,,,,,,,,,,,,,,,,,,,,,,,,,,,,,,,,,30103600,,,,,,,,,,,,,,,,,,,,,,,,,,,,,,,,,,,,,,,,,,,
,,,,,,,Building Materials,Decking,Fascia & Trim,,543141912,1x12-12' Rainier - Trex Lineage,TREX,-- No Unilog Brand --,-- No DIB Brand --,U S Lumber (3073),Boise Cascade Building Materials,TREX,,543141912,,Building Materials>Decking & Railing>Deck Fascia & Trim,"Boise Cascade Building Materials TREX, Fascia Board, 543141912, 1x12",FASCIA 1X12 12FT,"TREX 543141912 Fascia Board, 1x12, 12 ft Length","TREX Fascia Board, 1x12, 12 ft Length","Fascia Board, 1x12, 12 ft Length",,,,,,,,,,,,,,,,,,,,,,,,,,,Fascia Board,Collection,,,Material,,,Nominal Size,1x12,,Length,12,ft,Color,,,Additional Information,,,,,,,,,,,,,,,,,,,,,,,,,,,,,,,,,,,,,,,,,,,,,,,,,,,,,,,,,,,,,,,,,,,,,,,,,,,,,,,,,,,,,,,,,,,,,,,,,,,,,,,,,,,,,,,,,,,,,,,,,,,,,,,,,,,,,,,,,,30103600,,,,,,,,,,,,,,,,,,,,,,,,,,,,,,,,,,,,,,,,,,,
,,,,,,,Building Materials,Decking,Fascia & Trim,,1513713,1x8-12' Hatteras - Trex Lineage,TREX,-- No Unilog Brand --,-- No DIB Brand --,Boise Cascade Building Materials (BOICA),Boise Cascade Building Materials,TREX,,1513713,,Building Materials>Decking & Railing>Deck Fascia & Trim,"Boise Cascade Building Materials TREX, Fascia Board, 1513713, 1x8, 12 ft Length",FASCIA 1X8 12FT,"TREX 1513713 Fascia Board, 1x8, 12 ft Length","TREX Fascia Board, 1x8, 12 ft Length","Fascia Board, 1x8, 12 ft Length",,,,,,,,,,,,,,,,,,,,,,,,,,,Fascia Board,Collection,,,Material,,,Nominal Size,1x8,,Length,12,ft,Color,,,Additional Information,,,,,,,,,,,,,,,,,,,,,,,,,,,,,,,,,,,,,,,,,,,,,,,,,,,,,,,,,,,,,,,,,,,,,,,,,,,,,,,,,,,,,,,,,,,,,,,,,,,,,,,,,,,,,,,,,,,,,,,,,,,,,,,,,,,,,,,,,,30103600,,,,,,,,,,,,,,,,,,,,,,,,,,,,,,,,,,,,,,,,,,,
,,,,,,,Building Materials,Decking,Fascia & Trim,,1513714,1x8-12' Salt Flat - Trex Lineage,TREX,-- No Unilog Brand --,-- No DIB Brand --,Boise Cascade Building Materials (BOICA),Boise Cascade Building Materials,TREX,,1513714,,Building Materials>Decking & Railing>Deck Fascia & Trim,"Boise Cascade Building Materials TREX, Fascia Board, 1513714, 1x8, 12 ft Length",FASCIA 1X8 12FT,"TREX 1513714 Fascia Board, 1x8, 12 ft Length","TREX Fascia Board, 1x8, 12 ft Length","Fascia Board, 1x8, 12 ft Length",,,,,,,,,,,,,,,,,,,,,,,,,,,Fascia Board,Collection,,,Material,,,Nominal Size,1x8,,Length,12,ft,Color,,,Additional Information,,,,,,,,,,,,,,,,,,,,,,,,,,,,,,,,,,,,,,,,,,,,,,,,,,,,,,,,,,,,,,,,,,,,,,,,,,,,,,,,,,,,,,,,,,,,,,,,,,,,,,,,,,,,,,,,,,,,,,,,,,,,,,,,,,,,,,,,,,30103600,,,,,,,,,,,,,,,,,,,,,,,,,,,,,,,,,,,,,,,,,,,
,,,,,,,Building Materials,Decking,Posts & Sleeves,,73012503,4x4 Wh Heritage Post Trim RDI,-- Unbranded --,-- No Unilog Brand --,-- No DIB Brand --,-,,RDI,,73012503,,"Building Materials>Decking & Railing>Posts, Sleeves & Caps","RDI, Post, 73012503, Post Trim, 4x4, White",POST PST TRIM 4X4 WH,"RDI 73012503 Post, Post Trim, 4x4, White","RDI Post, Post Trim, 4x4, White","Post, Post Trim, 4x4, White",,,,,,,,,,,,,,,,,,,,,,,,,,,Post,Product Type,Post Trim,,Nominal Size,4x4,,Length,,,Material,,,Color,White,,Additional Information,,,,,,,,,,,,,,,,,,,,,,,,,,,,,,,,,,,,,,,,,,,,,,,,,,,,,,,,,,,,,,,,,,,,,,,,,,,,,,,,,,,,,,,,,,,,,,,,,,,,,,,,,,,,,,,,,,,,,,,,,,,,,,,,,,,,,,,,,,30151800,,,,,,,,,,,,,,,,,,,,,,,,,,,,,,,,,,,,,,,,,,,
,,,,,,,Building Materials,Decking,Posts & Sleeves,,73018131,6x6 Wh Elite Post Trim 4pc RDI,-- Unbranded --,-- No Unilog Brand --,-- No DIB Brand --,-,,RDI,,73018131,,"Building Materials>Decking & Railing>Posts, Sleeves & Caps","RDI, Post, 73018131, Post Trim, 6x6, White",POST PST TRIM 6X6 WH,"RDI 73018131 Post, Post Trim, 6x6, White","RDI Post, Post Trim, 6x6, White","Post, Post Trim, 6x6, White",,,,,,,,,,,,,,,,,,,,,,,,,,,Post,Product Type,Post Trim,,Nominal Size,6x6,,Length,,,Material,,,Color,White,,Additional Information,,,,,,,,,,,,,,,,,,,,,,,,,,,,,,,,,,,,,,,,,,,,,,,,,,,,,,,,,,,,,,,,,,,,,,,,,,,,,,,,,,,,,,,,,,,,,,,,,,,,,,,,,,,,,,,,,,,,,,,,,,,,,,,,,,,,,,,,,,30151800,,,,,,,,,,,,,,,,,,,,,,,,,,,,,,,,,,,,,,,,,,,
,,,,,,,Building Materials,Decking,Posts & Sleeves,,73018091,4x4 Wh Elite Post Trim RDI,-- Unbranded --,-- No Unilog Brand --,-- No DIB Brand --,-,,RDI,,73018091,,"Building Materials>Decking & Railing>Posts, Sleeves & Caps","RDI, Post, 73018091, Post Trim, 4x4, White",POST PST TRIM 4X4 WH,"RDI 73018091 Post, Post Trim, 4x4, White","RDI Post, Post Trim, 4x4, White","Post, Post Trim, 4x4, White",,,,,,,,,,,,,,,,,,,,,,,,,,,Post,Product Type,Post Trim,,Nominal Size,4x4,,Length,,,Material,,,Color,White,,Additional Information,,,,,,,,,,,,,,,,,,,,,,,,,,,,,,,,,,,,,,,,,,,,,,,,,,,,,,,,,,,,,,,,,,,,,,,,,,,,,,,,,,,,,,,,,,,,,,,,,,,,,,,,,,,,,,,,,,,,,,,,,,,,,,,,,,,,,,,,,,30151800,,,,,,,,,,,,,,,,,,,,,,,,,,,,,,,,,,,,,,,,,,,
,,,,,,,Building Materials,Decking,Posts & Sleeves,,73018066,Clay 6x6 Elite Post Trim RDI - 4pc,-- Unbranded --,-- No Unilog Brand --,-- No DIB Brand --,-,,RDI,,73018066,,"Building Materials>Decking & Railing>Posts, Sleeves & Caps","RDI, Post, 73018066, Post Trim, 6x6, Clay",POST PST TRIM 6X6 CLAY,"RDI 73018066 Post, Post Trim, 6x6, Clay","RDI Post, Post Trim, 6x6, Clay","Post, Post Trim, 6x6, Clay",,,,,,,,,,,,,,,,,,,,,,,,,,,Post,Product Type,Post Trim,,Nominal Size,6x6,,Length,,,Material,,,Color,Clay,,Additional Information,,,,,,,,,,,,,,,,,,,,,,,,,,,,,,,,,,,,,,,,,,,,,,,,,,,,,,,,,,,,,,,,,,,,,,,,,,,,,,,,,,,,,,,,,,,,,,,,,,,,,,,,,,,,,,,,,,,,,,,,,,,,,,,,,,,,,,,,,,30151800,,,,,,,,,,,,,,,,,,,,,,,,,,,,,,,,,,,,,,,,,,,
,,,,,,,Building Materials,Decking,Posts & Sleeves,,73018076,4x4 Wh Flat Post Cap RDI,-- Unbranded --,-- No Unilog Brand --,-- No DIB Brand --,-,,RDI,,73018076,,"Building Materials>Decking & Railing>Posts, Sleeves & Caps","RDI, Post, 73018076, Post Cap, 4x4, White",POST POST CAP 4X4 WH,"RDI 73018076 Post, Post Cap, 4x4, White","RDI Post, Post Cap, 4x4, White","Post, Post Cap, 4x4, White",,,,,,,,,,,,,,,,,,,,,,,,,,,Post,Product Type,Post Cap,,Nominal Size,4x4,,Length,,,Material,,,Color,White,,Additional Information,,,,,,,,,,,,,,,,,,,,,,,,,,,,,,,,,,,,,,,,,,,,,,,,,,,,,,,,,,,,,,,,,,,,,,,,,,,,,,,,,,,,,,,,,,,,,,,,,,,,,,,,,,,,,,,,,,,,,,,,,,,,,,,,,,,,,,,,,,30151800,,,,,,,,,,,,,,,,,,,,,,,,,,,,,,,,,,,,,,,,,,,
,,,,,,,Building Materials,Decking,Posts & Sleeves,,61109087,Wh 4x4-39 Blank Post RDI,-- Unbranded --,-- No Unilog Brand --,-- No DIB Brand --,-,,RDI,,61109087,,"Building Materials>Decking & Railing>Posts, Sleeves & Caps","RDI, Post, 61109087, Support Post, 4x4, White",POST SUP PST 4X4 WH,"RDI 61109087 Post, Support Post, 4x4, White","RDI Post, Support Post, 4x4, White","Post, Support Post, 4x4, White",,,,,,,,,,,,,,,,,,,,,,,,,,,Post,Product Type,Support Post,,Nominal Size,4x4,,Length,,,Material,,,Color,White,,Additional Information,,,,,,,,,,,,,,,,,,,,,,,,,,,,,,,,,,,,,,,,,,,,,,,,,,,,,,,,,,,,,,,,,,,,,,,,,,,,,,,,,,,,,,,,,,,,,,,,,,,,,,,,,,,,,,,,,,,,,,,,,,,,,,,,,,,,,,,,,,30151800,,,,,,,,,,,,,,,,,,,,,,,,,,,,,,,,,,,,,,,,,,,
,,,,,,,Building Materials,Decking,Posts & Sleeves,,73018731,Wh 6x6-108 Post Sleeve RDI,-- Unbranded --,-- No Unilog Brand --,-- No DIB Brand --,-,,RDI,,73018731,,"Building Materials>Decking & Railing>Posts, Sleeves & Caps","RDI, Post, 73018731, Post Sleeve, 6x6, White",POST PST SLV 6X6 WH,"RDI 73018731 Post, Post Sleeve, 6x6, White","RDI Post, Post Sleeve, 6x6, White","Post, Post Sleeve, 6x6, White",,,,,,,,,,,,,,,,,,,,,,,,,,,Post,Product Type,Post Sleeve,,Nominal Size,6x6,,Length,,,Material,,,Color,White,,Additional Information,,,,,,,,,,,,,,,,,,,,,,,,,,,,,,,,,,,,,,,,,,,,,,,,,,,,,,,,,,,,,,,,,,,,,,,,,,,,,,,,,,,,,,,,,,,,,,,,,,,,,,,,,,,,,,,,,,,,,,,,,,,,,,,,,,,,,,,,,,30151800,,,,,,,,,,,,,,,,,,,,,,,,,,,,,,,,,,,,,,,,,,,
,,,,,,,Building Materials,Decking,Posts & Sleeves,,61109090,Wh 4x4-108 Post Sleeve RDI,-- Unbranded --,-- No Unilog Brand --,-- No DIB Brand --,-,,RDI,,61109090,,"Building Materials>Decking & Railing>Posts, Sleeves & Caps","RDI, Post, 61109090, Post Sleeve, 4x4, White",POST PST SLV 4X4 WH,"RDI 61109090 Post, Post Sleeve, 4x4, White","RDI Post, Post Sleeve, 4x4, White","Post, Post Sleeve, 4x4, White",,,,,,,,,,,,,,,,,,,,,,,,,,,Post,Product Type,Post Sleeve,,Nominal Size,4x4,,Length,,,Material,,,Color,White,,Additional Information,,,,,,,,,,,,,,,,,,,,,,,,,,,,,,,,,,,,,,,,,,,,,,,,,,,,,,,,,,,,,,,,,,,,,,,,,,,,,,,,,,,,,,,,,,,,,,,,,,,,,,,,,,,,,,,,,,,,,,,,,,,,,,,,,,,,,,,,,,30151800,,,,,,,,,,,,,,,,,,,,,,,,,,,,,,,,,,,,,,,,,,,
,,,,,,,Building Materials,Decking,Posts & Sleeves,,73053603,Clay 4x4-108 Post Sleeve RDI,-- Unbranded --,-- No Unilog Brand --,-- No DIB Brand --,-,,RDI,,73053603,,"Building Materials>Decking & Railing>Posts, Sleeves & Caps","RDI, Post, 73053603, Post Sleeve, 4x4, Clay",POST PST SLV 4X4 CLAY,"RDI 73053603 Post, Post Sleeve, 4x4, Clay","RDI Post, Post Sleeve, 4x4, Clay","Post, Post Sleeve, 4x4, Clay",,,,,,,,,,,,,,,,,,,,,,,,,,,Post,Product Type,Post Sleeve,,Nominal Size,4x4,,Length,,,Material,,,Color,Clay,,Additional Information,,,,,,,,,,,,,,,,,,,,,,,,,,,,,,,,,,,,,,,,,,,,,,,,,,,,,,,,,,,,,,,,,,,,,,,,,,,,,,,,,,,,,,,,,,,,,,,,,,,,,,,,,,,,,,,,,,,,,,,,,,,,,,,,,,,,,,,,,,30151800,,,,,,,,,,,,,,,,,,,,,,,,,,,,,,,,,,,,,,,,,,,
,,,,,,,Building Materials,Decking,Posts & Sleeves,,73053608,Clay 6x6-108 Post Sleeve RDI,-- Unbranded --,-- No Unilog Brand --,-- No DIB Brand --,-,,RDI,,73053608,,"Building Materials>Decking & Railing>Posts, Sleeves & Caps","RDI, Post, 73053608, Post Sleeve, 6x6, Clay",POST PST SLV 6X6 CLAY,"RDI 73053608 Post, Post Sleeve, 6x6, Clay","RDI Post, Post Sleeve, 6x6, Clay","Post, Post Sleeve, 6x6, Clay",,,,,,,,,,,,,,,,,,,,,,,,,,,Post,Product Type,Post Sleeve,,Nominal Size,6x6,,Length,,,Material,,,Color,Clay,,Additional Information,,,,,,,,,,,,,,,,,,,,,,,,,,,,,,,,,,,,,,,,,,,,,,,,,,,,,,,,,,,,,,,,,,,,,,,,,,,,,,,,,,,,,,,,,,,,,,,,,,,,,,,,,,,,,,,,,,,,,,,,,,,,,,,,,,,,,,,,,,30151800,,,,,,,,,,,,,,,,,,,,,,,,,,,,,,,,,,,,,,,,,,,
,,,,,,,Building Materials,Decking,Posts & Sleeves,,543340896,"4x4-37"" Black Alum Post Sleeve Select Alum Railing - w/Cap & Skirt",TREX,-- No Unilog Brand --,-- No DIB Brand --,Boise Cascade Building Materials (BOICA),Boise Cascade Building Materials,TREX,,543340896,,"Building Materials>Decking & Railing>Posts, Sleeves & Caps","Boise Cascade Building Materials TREX, Post, 543340896, Post Sleeve, 4x4, Black",POST PST SLV 4X4 BK,"TREX 543340896 Post With Cap & Skirt, Post Sleeve, 4x4, Black","TREX Post With Cap & Skirt, Post Sleeve, 4x4, 37 in Length, Aluminum, Black","Post, Post Sleeve, 4x4, Black",,,,,,,,,,,,,,,,,,,,,,With Cap & Skirt,,,,,Post,Product Type,Post Sleeve,,Nominal Size,4x4,,Length,37,in,Material,Aluminum,,Color,Black,,Additional Information,,,,,,,,,,,,,,,,,,,,,,,,,,,,,,,,,,,,,,,,,,,,,,,,,,,,,,,,,,,,,,,,,,,,,,,,,,,,,,,,,,,,,,,,,,,,,,,,,,,,,,,,,,,,,,,,,,,,,,,,,,,,,,,,,,,,,,,,,,30151800,,,,,,,,,,,,,,,,,,,,,,,,,,,,,,,,,,,,,,,,,,,
,,,,,,,Building Materials,Decking,Posts & Sleeves,,543340898,"4x4-43"" Black Alum Post Sleeve Select Alum Railing w/Cap & Skirt",TREX,-- No Unilog Brand --,-- No DIB Brand --,Boise Cascade Building Materials (BOICA),Boise Cascade Building Materials,TREX,,543340898,,"Building Materials>Decking & Railing>Posts, Sleeves & Caps","Boise Cascade Building Materials TREX, Post, 543340898, Post Sleeve, 4x4, Black",POST PST SLV 4X4 BK,"TREX 543340898 Post With Cap & Skirt, Post Sleeve, 4x4, Black","TREX Post With Cap & Skirt, Post Sleeve, 4x4, 43 in Length, Aluminum, Black","Post, Post Sleeve, 4x4, Black",,,,,,,,,,,,,,,,,,,,,,With Cap & Skirt,,,,,Post,Product Type,Post Sleeve,,Nominal Size,4x4,,Length,43,in,Material,Aluminum,,Color,Black,,Additional Information,,,,,,,,,,,,,,,,,,,,,,,,,,,,,,,,,,,,,,,,,,,,,,,,,,,,,,,,,,,,,,,,,,,,,,,,,,,,,,,,,,,,,,,,,,,,,,,,,,,,,,,,,,,,,,,,,,,,,,,,,,,,,,,,,,,,,,,,,,30151800,,,,,,,,,,,,,,,,,,,,,,,,,,,,,,,,,,,,,,,,,,,
,,,,,,,Building Materials,Decking,Posts & Sleeves,,73272TBK,6x6-10' Black Alum Deco - Support Post,DSI Westbury,-- No Unilog Brand --,-- No DIB Brand --,Palmer Donavin Mfg Company (PALDO),Palmer Donavin Mfg Company,DSI Westbury,,73272TBK,,"Building Materials>Decking & Railing>Posts, Sleeves & Caps","Palmer Donavin Mfg Company DSI Westbury, Post, 73272TBK, Support Post, 6x6",POST SUP PST 6X6 BK,"DSI Westbury 73272TBK Post, Support Post, 6x6, Black","DSI Westbury Post, Support Post, 6x6, Aluminum, Black","Post, Support Post, 6x6, Black",,,,,,,,,,,,,,,,,,,,,,,,,,,Post,Product Type,Support Post,,Nominal Size,6x6,,Length,,,Material,Aluminum,,Color,Black,,Additional Information,,,,,,,,,,,,,,,,,,,,,,,,,,,,,,,,,,,,,,,,,,,,,,,,,,,,,,,,,,,,,,,,,,,,,,,,,,,,,,,,,,,,,,,,,,,,,,,,,,,,,,,,,,,,,,,,,,,,,,,,,,,,,,,,,,,,,,,,,,30151800,,,,,,,,,,,,,,,,,,,,,,,,,,,,,,,,,,,,,,,,,,,
,,,,,,,Building Materials,Decking,Railing,,543302127,6' Wh Select T-Rail Kit Stair - w/Sq Composite Balusters,TREX,-- No Unilog Brand --,-- No DIB Brand --,U S Lumber (3073),Boise Cascade Building Materials,TREX,,543302127,,Building Materials>Decking & Railing>Railing Systems,"Boise Cascade Building Materials TREX, Railing Kit, 543302127, Stair Rail Kit",RAILING KIT STAIR RAIL 6FT WH,"TREX 543302127 Railing Kit With Sq Composite Balusters, Stair Rail Kit, 6 ft Length, Square Composite Balusters, White","TREX Railing Kit With Sq Composite Balusters, Stair Rail Kit, 6 ft Length, Square Composite Balusters, White","Railing Kit, Stair Rail Kit, 6 ft Length, Square Composite Balusters, White",,,,,,,,,,,,,,,,,,,,,,With Sq Composite Balusters,,,,,Railing Kit,Product Type,Stair Rail Kit,,Length,6,ft,Baluster Type,Square Composite,,Material,Composite,,Color,White,,Additional Information,,,,,,,,,,,,,,,,,,,,,,,,,,,,,,,,,,,,,,,,,,,,,,,,,,,,,,,,,,,,,,,,,,,,,,,,,,,,,,,,,,,,,,,,,,,,,,,,,,,,,,,,,,,,,,,,,,,,,,,,,,,,,,,,,,,,,,,,,,30151800,,,,,,,,,,,,,,,,,,,,,,,,,,,,,,,,,,,,,,,,,,,
,,,,,,,Building Materials,Decking,Railing,,543302147,8' Wh Select T-Rail Kit Stair - w/Sq Composite Balusters,TREX,-- No Unilog Brand --,-- No DIB Brand --,U S Lumber (3073),Boise Cascade Building Materials,TREX,,543302147,,Building Materials>Decking & Railing>Railing Systems,"Boise Cascade Building Materials TREX, Railing Kit, 543302147, Stair Rail Kit",RAILING KIT STAIR RAIL 8FT WH,"TREX 543302147 Railing Kit With Sq Composite Balusters, Stair Rail Kit, 8 ft Length, Square Composite Balusters, White","TREX Railing Kit With Sq Composite Balusters, Stair Rail Kit, 8 ft Length, Square Composite Balusters, White","Railing Kit, Stair Rail Kit, 8 ft Length, Square Composite Balusters, White",,,,,,,,,,,,,,,,,,,,,,With Sq Composite Balusters,,,,,Railing Kit,Product Type,Stair Rail Kit,,Length,8,ft,Baluster Type,Square Composite,,Material,Composite,,Color,White,,Additional Information,,,,,,,,,,,,,,,,,,,,,,,,,,,,,,,,,,,,,,,,,,,,,,,,,,,,,,,,,,,,,,,,,,,,,,,,,,,,,,,,,,,,,,,,,,,,,,,,,,,,,,,,,,,,,,,,,,,,,,,,,,,,,,,,,,,,,,,,,,30151800,,,,,,,,,,,,,,,,,,,,,,,,,,,,,,,,,,,,,,,,,,,
,,,,,,,Building Materials,Decking,Railing,,73019599,Finyline Wh 6' Str Rail Kit Sq,-- Unbranded --,-- No Unilog Brand --,-- No DIB Brand --,-,,RDI,,73019599,,Building Materials>Decking & Railing>Railing Systems,"RDI, Railing Kit, 73019599, Stair Rail Kit, 6 ft Length, White",RAILING KIT STAIR RAIL 6FT WH,"RDI 73019599 Railing Kit, Stair Rail Kit, 6 ft Length, White","RDI Railing Kit, Stair Rail Kit, 6 ft Length, White","Railing Kit, Stair Rail Kit, 6 ft Length, White",,,,,,,,,,,,,,,,,,,,,,,,,,,Railing Kit,Product Type,Stair Rail Kit,,Length,6,ft,Baluster Type,,,Material,,,Color,White,,Additional Information,,,,,,,,,,,,,,,,,,,,,,,,,,,,,,,,,,,,,,,,,,,,,,,,,,,,,,,,,,,,,,,,,,,,,,,,,,,,,,,,,,,,,,,,,,,,,,,,,,,,,,,,,,,,,,,,,,,,,,,,,,,,,,,,,,,,,,,,,,30151800,,,,,,,,,,,,,,,,,,,,,,,,,,,,,,,,,,,,,,,,,,,
,,,,,,,Building Materials,Decking,Railing,,73019648,Finyline Wh 8' Str Rail Kit Sq,-- Unbranded --,-- No Unilog Brand --,-- No DIB Brand --,-,,RDI,,73019648,,Building Materials>Decking & Railing>Railing Systems,"RDI, Railing Kit, 73019648, Stair Rail Kit, 8 ft Length, White",RAILING KIT STAIR RAIL 8FT WH,"RDI 73019648 Railing Kit, Stair Rail Kit, 8 ft Length, White","RDI Railing Kit, Stair Rail Kit, 8 ft Length, White","Railing Kit, Stair Rail Kit, 8 ft Length, White",,,,,,,,,,,,,,,,,,,,,,,,,,,Railing Kit,Product Type,Stair Rail Kit,,Length,8,ft,Baluster Type,,,Material,,,Color,White,,Additional Information,,,,,,,,,,,,,,,,,,,,,,,,,,,,,,,,,,,,,,,,,,,,,,,,,,,,,,,,,,,,,,,,,,,,,,,,,,,,,,,,,,,,,,,,,,,,,,,,,,,,,,,,,,,,,,,,,,,,,,,,,,,,,,,,,,,,,,,,,,30151800,,,,,,,,,,,,,,,,,,,,,,,,,,,,,,,,,,,,,,,,,,,
,,,,,,,Building Materials,Decking,Railing,,73019598,Finyline Wh 6' Str Rail Kit Rd - w/Black Alum Balusters,-- Unbranded --,-- No Unilog Brand --,-- No DIB Brand --,-,,RDI,,73019598,,Building Materials>Decking & Railing>Railing Systems,"RDI, Railing Kit, 73019598, Stair Rail Kit, 6 ft Length, Black",RAILING KIT STAIR RAIL 6FT BK,"RDI 73019598 Railing Kit With Black Alum Balusters, Stair Rail Kit, 6 ft Length","RDI Railing Kit With Black Alum Balusters, Stair Rail Kit, 6 ft Length, Aluminum","Railing Kit, Stair Rail Kit, 6 ft Length, Black",,,,,,,,,,,,,,,,,,,,,,With Black Alum Balusters,,,,,Railing Kit,Product Type,Stair Rail Kit,,Length,6,ft,Baluster Type,,,Material,Aluminum,,Color,Black,,Additional Information,,,,,,,,,,,,,,,,,,,,,,,,,,,,,,,,,,,,,,,,,,,,,,,,,,,,,,,,,,,,,,,,,,,,,,,,,,,,,,,,,,,,,,,,,,,,,,,,,,,,,,,,,,,,,,,,,,,,,,,,,,,,,,,,,,,,,,,,,,30151800,,,,,,,,,,,,,,,,,,,,,,,,,,,,,,,,,,,,,,,,,,,
,,,,,,,Building Materials,Decking,Railing,,73019647,Finyline Wh 8' Str Rail Kit Rd - w/Black Alum Balusters,-- Unbranded --,-- No Unilog Brand --,-- No DIB Brand --,-,,RDI,,73019647,,Building Materials>Decking & Railing>Railing Systems,"RDI, Railing Kit, 73019647, Stair Rail Kit, 8 ft Length, Black",RAILING KIT STAIR RAIL 8FT BK,"RDI 73019647 Railing Kit With Black Alum Balusters, Stair Rail Kit, 8 ft Length","RDI Railing Kit With Black Alum Balusters, Stair Rail Kit, 8 ft Length, Aluminum","Railing Kit, Stair Rail Kit, 8 ft Length, Black",,,,,,,,,,,,,,,,,,,,,,With Black Alum Balusters,,,,,Railing Kit,Product Type,Stair Rail Kit,,Length,8,ft,Baluster Type,,,Material,Aluminum,,Color,Black,,Additional Information,,,,,,,,,,,,,,,,,,,,,,,,,,,,,,,,,,,,,,,,,,,,,,,,,,,,,,,,,,,,,,,,,,,,,,,,,,,,,,,,,,,,,,,,,,,,,,,,,,,,,,,,,,,,,,,,,,,,,,,,,,,,,,,,,,,,,,,,,,30151800,,,,,,,,,,,,,,,,,,,,,,,,,,,,,,,,,,,,,,,,,,,
,,,,,,,Building Materials,Decking,Railing,,543300257,6' Black Select Classic Stair - Rail w/Rnd Black Alum Baluster,TREX,-- No Unilog Brand --,-- No DIB Brand --,Boise Cascade Building Materials (BOICA),Boise Cascade Building Materials,TREX,,543300257,,Building Materials>Decking & Railing>Railing Systems,"Boise Cascade Building Materials TREX, Railing Kit, 543300257, Stair Rail Kit",RAILING KIT STAIR RAIL 6FT BK,"TREX 543300257 Railing Kit With Rnd Black Alum Baluster, Stair Rail Kit, 6 ft Length, Round Aluminum Balusters","TREX Railing Kit With Rnd Black Alum Baluster, Stair Rail Kit, 6 ft Length, Round Aluminum Balusters, Aluminum","Railing Kit, Stair Rail Kit, 6 ft Length, Round Aluminum Balusters, Black",,,,,,,,,,,,,,,,,,,,,,With Rnd Black Alum Baluster,,,,,Railing Kit,Product Type,Stair Rail Kit,,Length,6,ft,Baluster Type,Round Aluminum,,Material,Aluminum,,Color,Black,,Additional Information,,,,,,,,,,,,,,,,,,,,,,,,,,,,,,,,,,,,,,,,,,,,,,,,,,,,,,,,,,,,,,,,,,,,,,,,,,,,,,,,,,,,,,,,,,,,,,,,,,,,,,,,,,,,,,,,,,,,,,,,,,,,,,,,,,,,,,,,,,30151800,,,,,,,,,,,,,,,,,,,,,,,,,,,,,,,,,,,,,,,,,,,
,,,,,,,Building Materials,Decking,Railing,,543300277,8' Black Select Classic Stair - Rail w/Rnd Black Alum Baluster,TREX,-- No Unilog Brand --,-- No DIB Brand --,Boise Cascade Building Materials (BOICA),Boise Cascade Building Materials,TREX,,543300277,,Building Materials>Decking & Railing>Railing Systems,"Boise Cascade Building Materials TREX, Railing Kit, 543300277, Stair Rail Kit",RAILING KIT STAIR RAIL 8FT BK,"TREX 543300277 Railing Kit With Rnd Black Alum Baluster, Stair Rail Kit, 8 ft Length, Round Aluminum Balusters","TREX Railing Kit With Rnd Black Alum Baluster, Stair Rail Kit, 8 ft Length, Round Aluminum Balusters, Aluminum","Railing Kit, Stair Rail Kit, 8 ft Length, Round Aluminum Balusters, Black",,,,,,,,,,,,,,,,,,,,,,With Rnd Black Alum Baluster,,,,,Railing Kit,Product Type,Stair Rail Kit,,Length,8,ft,Baluster Type,Round Aluminum,,Material,Aluminum,,Color,Black,,Additional Information,,,,,,,,,,,,,,,,,,,,,,,,,,,,,,,,,,,,,,,,,,,,,,,,,,,,,,,,,,,,,,,,,,,,,,,,,,,,,,,,,,,,,,,,,,,,,,,,,,,,,,,,,,,,,,,,,,,,,,,,,,,,,,,,,,,,,,,,,,30151800,,,,,,,,,,,,,,,,,,,,,,,,,,,,,,,,,,,,,,,,,,,
,,,,,,,Building Materials,Decking,Posts & Sleeves,,SPB-44BPL,"Patriot 4""x4""x37""/43"" Adjustable Self Leveling Support Post",-- Unbranded --,-- No Unilog Brand --,-- No DIB Brand --,-,,Trussway,,SPB-44BPL,,"Building Materials>Decking & Railing>Posts, Sleeves & Caps","Trussway, Post, SPB-44BPL, Support Post",POST SUP PST,"Trussway SPB-44BPL Post, Support Post","Trussway Post, Support Post, 43 in Length","Post, Support Post",,,,,,,,,,,,,,,,,,,,,,,,,,,Post,Product Type,Support Post,,Nominal Size,,,Length,43,in,Material,,,Color,,,Additional Information,,,,,,,,,,,,,,,,,,,,,,,,,,,,,,,,,,,,,,,,,,,,,,,,,,,,,,,,,,,,,,,,,,,,,,,,,,,,,,,,,,,,,,,,,,,,,,,,,,,,,,,,,,,,,,,,,,,,,,,,,,,,,,,,,,,,,,,,,,30151800,,,,,,,,,,,,,,,,,,,,,,,,,,,,,,,,,,,,,,,,,,,
,,,,,,,Building Materials,Adhesives & Sealants,Tapes,,925219,"2""x50' Deck Joist Tape - Protecto Wrap",-- Unbranded --,-- No Unilog Brand --,-- No DIB Brand --,Palmer Donavin Mfg Company (PALDO),,Protecto Wrap,,925219,,"Building Materials>Adhesives, Sealants & Tape>Tape","Protecto Wrap, Tape, 925219, Joist Tape",TAPE JOIST TAPE,"Protecto Wrap 925219 Tape, Joist Tape","Protecto Wrap Tape, Joist Tape","Tape, Joist Tape",,,,,,,,,,,,,,,,,,,,,,,,,,,Tape,Tape Type,Joist Tape,,Width,,,Length,,,Color,,,Additional Information,,,,,,,,,,,,,,,,,,,,,,,,,,,,,,,,,,,,,,,,,,,,,,,,,,,,,,,,,,,,,,,,,,,,,,,,,,,,,,,,,,,,,,,,,,,,,,,,,,,,,,,,,,,,,,,,,,,,,,,,,,,,,,,,,,,,,,,,,,,,,31201500,,,,,,,,,,,,,,,,,,,,,,,,,,,,,,,,,,,,,,,,,,,
,,,,,,,Building Materials,Panels,Sheathing & Drywall,,27233,24x48 WH Attic Access Door,AJM,-- No Unilog Brand --,-- No DIB Brand --,A J Manufacturing Inc (AJMAN),A J Manufacturing Inc,AJM,,27233,,Building Materials>Panels & Sheathing>Structural Panels,"A J Manufacturing Inc AJM, Panel, 27233, Access Door",PANEL ACCESS DOOR,"AJM 27233 Panel, Access Door","AJM Panel, Access Door","Panel, Access Door",,,,,,,,,,,,,,,,,,,,,,,,,,,Panel,Panel Type,Access Door,,Thickness,,,Nominal Size,,,R-Value,,,Additional Information,,,,,,,,,,,,,,,,,,,,,,,,,,,,,,,,,,,,,,,,,,,,,,,,,,,,,,,,,,,,,,,,,,,,,,,,,,,,,,,,,,,,,,,,,,,,,,,,,,,,,,,,,,,,,,,,,,,,,,,,,,,,,,,,,,,,,,,,,,,,,30103500,,,,,,,,,,,,,,,,,,,,,,,,,,,,,,,,,,,,,,,,,,,
,,,,,,,Building Materials,Windows & Doors,Windows & Doors,,1517602,6068R Gliding Patio Dr 4500 United Blk Ext/WH Int LowE Arg w/J,United Window & Door,-- No Unilog Brand --,-- No DIB Brand --,United Window & Door Manufacturing (UNIWI),United Window & Door Manufacturing,United Window & Door,,1517602,,Building Materials>Windows & Doors>Windows & Exterior Doors,"United Window & Door, Window, 1517602, Gliding Patio Door, Low-E Argon",WINDOW GLD PATIO DR,"United Window & Door 1517602 Window, Gliding Patio Door, Low-E Argon","United Window & Door Window, Gliding Patio Door, Low-E Argon","Window, Gliding Patio Door, Low-E Argon",,,,,,,,,,,,,,,,,,,,,,,,,,,Window,Product Type,Gliding Patio Door,,Nominal Size,,,Glazing,Low-E Argon,,Handing,,,Color,,,Additional Information,,,,,,,,,,,,,,,,,,,,,,,,,,,,,,,,,,,,,,,,,,,,,,,,,,,,,,,,,,,,,,,,,,,,,,,,,,,,,,,,,,,,,,,,,,,,,,,,,,,,,,,,,,,,,,,,,,,,,,,,,,,,,,,,,,,,,,,,,,30171500,,,,,,,,,,,,,,,,,,,,,,,,,,,,,,,,,,,,,,,,,,,
,,,,,,,Building Materials,Windows & Doors,Windows & Doors,,1517603,6068L Gliding Patio Dr 4500 United Blk Ext/WH Int LowE Arg w/J,United Window & Door,-- No Unilog Brand --,-- No DIB Brand --,United Window & Door Manufacturing (UNIWI),United Window & Door Manufacturing,United Window & Door,,1517603,,Building Materials>Windows & Doors>Windows & Exterior Doors,"United Window & Door, Window, 1517603, Gliding Patio Door, Low-E Argon",WINDOW GLD PATIO DR,"United Window & Door 1517603 Window, Gliding Patio Door, Low-E Argon","United Window & Door Window, Gliding Patio Door, Low-E Argon","Window, Gliding Patio Door, Low-E Argon",,,,,,,,,,,,,,,,,,,,,,,,,,,Window,Product Type,Gliding Patio Door,,Nominal Size,,,Glazing,Low-E Argon,,Handing,,,Color,,,Additional Information,,,,,,,,,,,,,,,,,,,,,,,,,,,,,,,,,,,,,,,,,,,,,,,,,,,,,,,,,,,,,,,,,,,,,,,,,,,,,,,,,,,,,,,,,,,,,,,,,,,,,,,,,,,,,,,,,,,,,,,,,,,,,,,,,,,,,,,,,,30171500,,,,,,,,,,,,,,,,,,,,,,,,,,,,,,,,,,,,,,,,,,,
,,,,,,,Building Materials,Windows & Doors,Windows & Doors,,1517604,6068L Gliding Patio Dr 4500 United White LowE Arg w/J,United Window & Door,-- No Unilog Brand --,-- No DIB Brand --,United Window & Door Manufacturing (UNIWI),United Window & Door Manufacturing,United Window & Door,,1517604,,Building Materials>Windows & Doors>Windows & Exterior Doors,"United Window & Door, Window, 1517604, Gliding Patio Door, Low-E Argon",WINDOW GLD PATIO DR,"United Window & Door 1517604 Window, Gliding Patio Door, Low-E Argon","United Window & Door Window, Gliding Patio Door, Low-E Argon","Window, Gliding Patio Door, Low-E Argon",,,,,,,,,,,,,,,,,,,,,,,,,,,Window,Product Type,Gliding Patio Door,,Nominal Size,,,Glazing,Low-E Argon,,Handing,,,Color,,,Additional Information,,,,,,,,,,,,,,,,,,,,,,,,,,,,,,,,,,,,,,,,,,,,,,,,,,,,,,,,,,,,,,,,,,,,,,,,,,,,,,,,,,,,,,,,,,,,,,,,,,,,,,,,,,,,,,,,,,,,,,,,,,,,,,,,,,,,,,,,,,30171500,,,,,,,,,,,,,,,,,,,,,,,,,,,,,,,,,,,,,,,,,,,
,,,,,,,Building Materials,Windows & Doors,Windows & Doors,,1517605,6068R Gliding Patio Dr 4500 United White LowE Arg w/J,United Window & Door,-- No Unilog Brand --,-- No DIB Brand --,United Window & Door Manufacturing (UNIWI),United Window & Door Manufacturing,United Window & Door,,1517605,,Building Materials>Windows & Doors>Windows & Exterior Doors,"United Window & Door, Window, 1517605, Gliding Patio Door, Low-E Argon",WINDOW GLD PATIO DR,"United Window & Door 1517605 Window, Gliding Patio Door, Low-E Argon","United Window & Door Window, Gliding Patio Door, Low-E Argon","Window, Gliding Patio Door, Low-E Argon",,,,,,,,,,,,,,,,,,,,,,,,,,,Window,Product Type,Gliding Patio Door,,Nominal Size,,,Glazing,Low-E Argon,,Handing,,,Color,,,Additional Information,,,,,,,,,,,,,,,,,,,,,,,,,,,,,,,,,,,,,,,,,,,,,,,,,,,,,,,,,,,,,,,,,,,,,,,,,,,,,,,,,,,,,,,,,,,,,,,,,,,,,,,,,,,,,,,,,,,,,,,,,,,,,,,,,,,,,,,,,,30171500,,,,,,,,,,,,,,,,,,,,,,,,,,,,,,,,,,,,,,,,,,,
,,,,,,,Building Materials,Windows & Doors,Windows & Doors,,FS C01 2004S,"FS C01 Velux Fxd Skylt Gry/Wh - w/Solar Shade RO 21""x26-7/8""",-- Unbranded --,-- No Unilog Brand --,-- No DIB Brand --,Velux America Inc (VELAM),Velux America Inc,Velux,,FS C01 2004S,,Building Materials>Windows & Doors>Windows & Exterior Doors,"Velux, Window, FS C01 2004S, Fixed Skylight",WINDOW FXD SKYLT,"Velux FS C01 2004S Window With Solar Shade RO 21""x26-7/8"", Fixed Skylight","Velux Window With Solar Shade RO 21""x26-7/8"", Fixed Skylight","Window, Fixed Skylight",,,,,,,,,,,,,,,,,,,,,,"With Solar Shade RO 21""x26-7/8""",,,,,Window,Product Type,Fixed Skylight,,Nominal Size,,,Glazing,,,Handing,,,Color,,,Additional Information,,,,,,,,,,,,,,,,,,,,,,,,,,,,,,,,,,,,,,,,,,,,,,,,,,,,,,,,,,,,,,,,,,,,,,,,,,,,,,,,,,,,,,,,,,,,,,,,,,,,,,,,,,,,,,,,,,,,,,,,,,,,,,,,,,,,,,,,,,30171500,,,,,,,,,,,,,,,,,,,,,,,,,,,,,,,,,,,,,,,,,,,
,,,,,,,Building Materials,Windows & Doors,Windows & Doors,,FS C04 2004S,"FS C04 Velux Fxd Skylt Gry/Wh - w/Solar Shade RO 21""x37-7/8""",-- Unbranded --,-- No Unilog Brand --,-- No DIB Brand --,Velux America Inc (VELAM),Velux America Inc,Velux,,FS C04 2004S,,Building Materials>Windows & Doors>Windows & Exterior Doors,"Velux, Window, FS C04 2004S, Fixed Skylight",WINDOW FXD SKYLT,"Velux FS C04 2004S Window With Solar Shade RO 21""x37-7/8"", Fixed Skylight","Velux Window With Solar Shade RO 21""x37-7/8"", Fixed Skylight","Window, Fixed Skylight",,,,,,,,,,,,,,,,,,,,,,"With Solar Shade RO 21""x37-7/8""",,,,,Window,Product Type,Fixed Skylight,,Nominal Size,,,Glazing,,,Handing,,,Color,,,Additional Information,,,,,,,,,,,,,,,,,,,,,,,,,,,,,,,,,,,,,,,,,,,,,,,,,,,,,,,,,,,,,,,,,,,,,,,,,,,,,,,,,,,,,,,,,,,,,,,,,,,,,,,,,,,,,,,,,,,,,,,,,,,,,,,,,,,,,,,,,,30171500,,,,,,,,,,,,,,,,,,,,,,,,,,,,,,,,,,,,,,,,,,,
,,,,,,,Building Materials,Windows & Doors,Windows & Doors,,FS C06 2004S,"FS C06 Velux Fxd Skylt Gry/Wh - w/Solar Shade RO 21""x45-7/8""",-- Unbranded --,-- No Unilog Brand --,-- No DIB Brand --,Velux America Inc (VELAM),Velux America Inc,Velux,,FS C06 2004S,,Building Materials>Windows & Doors>Windows & Exterior Doors,"Velux, Window, FS C06 2004S, Fixed Skylight",WINDOW FXD SKYLT,"Velux FS C06 2004S Window With Solar Shade RO 21""x45-7/8"", Fixed Skylight","Velux Window With Solar Shade RO 21""x45-7/8"", Fixed Skylight","Window, Fixed Skylight",,,,,,,,,,,,,,,,,,,,,,"With Solar Shade RO 21""x45-7/8""",,,,,Window,Product Type,Fixed Skylight,,Nominal Size,,,Glazing,,,Handing,,,Color,,,Additional Information,,,,,,,,,,,,,,,,,,,,,,,,,,,,,,,,,,,,,,,,,,,,,,,,,,,,,,,,,,,,,,,,,,,,,,,,,,,,,,,,,,,,,,,,,,,,,,,,,,,,,,,,,,,,,,,,,,,,,,,,,,,,,,,,,,,,,,,,,,30171500,,,,,,,,,,,,,,,,,,,,,,,,,,,,,,,,,,,,,,,,,,,
,,,,,,,Building Materials,Windows & Doors,Windows & Doors,,1501831,31.5x14.75 Bsmt ecoLitePlus WH - Hopper DLA w/Screen,PROVIA,-- No Unilog Brand --,-- No DIB Brand --,ProVia (PRODO),ProVia,PROVIA,,1501831,,Building Materials>Windows & Doors>Windows & Exterior Doors,"PROVIA, Window, 1501831, Hopper Window",WINDOW HOPPER,"PROVIA 1501831 Window With Screen, Hopper Window","PROVIA Window With Screen, Hopper Window","Window, Hopper Window",,,,,,,,,,,,,,,,,,,,,,With Screen,,,,,Window,Product Type,Hopper Window,,Nominal Size,,,Glazing,,,Handing,,,Color,,,Additional Information,,,,,,,,,,,,,,,,,,,,,,,,,,,,,,,,,,,,,,,,,,,,,,,,,,,,,,,,,,,,,,,,,,,,,,,,,,,,,,,,,,,,,,,,,,,,,,,,,,,,,,,,,,,,,,,,,,,,,,,,,,,,,,,,,,,,,,,,,,30171500,,,,,,,,,,,,,,,,,,,,,,,,,,,,,,,,,,,,,,,,,,,
,,,,,,,Building Materials,Windows & Doors,Windows & Doors,,1501832,31.5x22.75 Bsmt ecoLitePlus WH - Hopper DLA w/Screen,PROVIA,-- No Unilog Brand --,-- No DIB Brand --,ProVia (PRODO),ProVia,PROVIA,,1501832,,Building Materials>Windows & Doors>Windows & Exterior Doors,"PROVIA, Window, 1501832, Hopper Window",WINDOW HOPPER,"PROVIA 1501832 Window With Screen, Hopper Window","PROVIA Window With Screen, Hopper Window","Window, Hopper Window",,,,,,,,,,,,,,,,,,,,,,With Screen,,,,,Window,Product Type,Hopper Window,,Nominal Size,,,Glazing,,,Handing,,,Color,,,Additional Information,,,,,,,,,,,,,,,,,,,,,,,,,,,,,,,,,,,,,,,,,,,,,,,,,,,,,,,,,,,,,,,,,,,,,,,,,,,,,,,,,,,,,,,,,,,,,,,,,,,,,,,,,,,,,,,,,,,,,,,,,,,,,,,,,,,,,,,,,,30171500,,,,,,,,,,,,,,,,,,,,,,,,,,,,,,,,,,,,,,,,,,,
,,,,,,,Building Materials,Windows & Doors,Windows & Doors,,1515974,3030 Slider 3900 United Black WH Int LowE-2 w/Half Scrn w/J,United Window & Door,-- No Unilog Brand --,-- No DIB Brand --,-,United Window & Door Manufacturing,United Window & Door,,1515974,,Building Materials>Windows & Doors>Windows & Exterior Doors,"United Window & Door, Window, 1515974, Slider Window, Low-E Argon",WINDOW SLIDER,"United Window & Door 1515974 Window With Half Scrn W/J, Slider Window, Low-E Argon","United Window & Door Window With Half Scrn W/J, Slider Window, Low-E Argon","Window, Slider Window, Low-E Argon",,,,,,,,,,,,,,,,,,,,,,With Half Scrn W/J,,,,,Window,Product Type,Slider Window,,Nominal Size,,,Glazing,Low-E Argon,,Handing,,,Color,,,Additional Information,,,,,,,,,,,,,,,,,,,,,,,,,,,,,,,,,,,,,,,,,,,,,,,,,,,,,,,,,,,,,,,,,,,,,,,,,,,,,,,,,,,,,,,,,,,,,,,,,,,,,,,,,,,,,,,,,,,,,,,,,,,,,,,,,,,,,,,,,,30171500,,,,,,,,,,,,,,,,,,,,,,,,,,,,,,,,,,,,,,,,,,,
,,,,,,,Building Materials,Panels,Sheathing & Drywall,,640383,"1/2"" 54""x10 Drywall Easi-Lite",-- Unbranded --,-- No Unilog Brand --,-- No DIB Brand --,Certainteed Gypsum (2765),Certainteed Gypsum,CertainTeed,,640383,,Building Materials>Panels & Sheathing>Structural Panels,"CertainTeed, Panel, 640383, Drywall, 1/2 in Thickness",PANEL DRYWALL 1/2IN,"CertainTeed 640383 Panel, Drywall, 1/2 in Thickness","CertainTeed Panel, Drywall, 1/2 in Thickness","Panel, Drywall, 1/2 in Thickness",,,,,,,,,,,,,,,,,,,,,,,,,,,Panel,Panel Type,Drywall,,Thickness,1/2,in,Nominal Size,,,R-Value,,,Additional Information,,,,,,,,,,,,,,,,,,,,,,,,,,,,,,,,,,,,,,,,,,,,,,,,,,,,,,,,,,,,,,,,,,,,,,,,,,,,,,,,,,,,,,,,,,,,,,,,,,,,,,,,,,,,,,,,,,,,,,,,,,,,,,,,,,,,,,,,,,,,,30103500,,,,,,,,,,,,,,,,,,,,,,,,,,,,,,,,,,,,,,,,,,,
,,,,,,,Building Materials,Panels,Sheathing & Drywall,,653258,"5/8"" 4x9 Drywall Firelite",-- Unbranded --,-- No Unilog Brand --,-- No DIB Brand --,Certainteed Gypsum (2765),Certainteed Gypsum,CertainTeed,,653258,,Building Materials>Panels & Sheathing>Structural Panels,"CertainTeed, Panel, 653258, Drywall, 5/8 in Thickness",PANEL DRYWALL 5/8IN,"CertainTeed 653258 Panel, Drywall, 5/8 in Thickness","CertainTeed Panel, Drywall, 5/8 in Thickness","Panel, Drywall, 5/8 in Thickness",,,,,,,,,,,,,,,,,,,,,,,,,,,Panel,Panel Type,Drywall,,Thickness,5/8,in,Nominal Size,,,R-Value,,,Additional Information,,,,,,,,,,,,,,,,,,,,,,,,,,,,,,,,,,,,,,,,,,,,,,,,,,,,,,,,,,,,,,,,,,,,,,,,,,,,,,,,,,,,,,,,,,,,,,,,,,,,,,,,,,,,,,,,,,,,,,,,,,,,,,,,,,,,,,,,,,,,,30103500,,,,,,,,,,,,,,,,,,,,,,,,,,,,,,,,,,,,,,,,,,,
,,,,,,,Building Materials,Windows & Doors,Windows & Doors,,413S-DBA-36,"413S 36"" Alum Threshold DBZ",HAGER,-- No Unilog Brand --,-- No DIB Brand --,Hager Hinge Co (4189),Hager Hinge Co,HAGER,,413S-DBA-36,,Building Materials>Windows & Doors>Windows & Exterior Doors,"HAGER, Window, 413S-DBA-36, Threshold",WINDOW THRESHOLD,"HAGER 413S-DBA-36 Window, Threshold","HAGER Window, Threshold","Window, Threshold",,,,,,,,,,,,,,,,,,,,,,,,,,,Window,Product Type,Threshold,,Nominal Size,,,Glazing,,,Handing,,,Color,,,Additional Information,,,,,,,,,,,,,,,,,,,,,,,,,,,,,,,,,,,,,,,,,,,,,,,,,,,,,,,,,,,,,,,,,,,,,,,,,,,,,,,,,,,,,,,,,,,,,,,,,,,,,,,,,,,,,,,,,,,,,,,,,,,,,,,,,,,,,,,,,,30171500,,,,,,,,,,,,,,,,,,,,,,,,,,,,,,,,,,,,,,,,,,,
,,,,,,,Building Materials,Windows & Doors,Windows & Doors,,413S-DBA-72,"413S 72"" Alum Threshold DBZ",HAGER,-- No Unilog Brand --,-- No DIB Brand --,Hager Hinge Co (4189),Hager Hinge Co,HAGER,,413S-DBA-72,,Building Materials>Windows & Doors>Windows & Exterior Doors,"HAGER, Window, 413S-DBA-72, Threshold",WINDOW THRESHOLD,"HAGER 413S-DBA-72 Window, Threshold","HAGER Window, Threshold","Window, Threshold",,,,,,,,,,,,,,,,,,,,,,,,,,,Window,Product Type,Threshold,,Nominal Size,,,Glazing,,,Handing,,,Color,,,Additional Information,,,,,,,,,,,,,,,,,,,,,,,,,,,,,,,,,,,,,,,,,,,,,,,,,,,,,,,,,,,,,,,,,,,,,,,,,,,,,,,,,,,,,,,,,,,,,,,,,,,,,,,,,,,,,,,,,,,,,,,,,,,,,,,,,,,,,,,,,,30171500,,,,,,,,,,,,,,,,,,,,,,,,,,,,,,,,,,,,,,,,,,,
,,,,,,,Building Materials,Panels,Sheathing & Drywall,,1511506,4'x65' Zip Rainscreen,-- Unbranded --,-- No Unilog Brand --,-- No DIB Brand --,Huber Eng Wood LLC (3158),Huber Eng Wood LLC,,,1511506,,Building Materials>Panels & Sheathing>Structural Panels,"Huber Eng Wood LLC, Panel, 1511506, Rainscreen",PANEL RAINSCREEN,"1511506 Panel, Rainscreen","Panel, Rainscreen","Panel, Rainscreen",,,,,,,,,,,,,,,,,,,,,,,,,,,Panel,Panel Type,Rainscreen,,Thickness,,,Nominal Size,,,R-Value,,,Additional Information,,,,,,,,,,,,,,,,,,,,,,,,,,,,,,,,,,,,,,,,,,,,,,,,,,,,,,,,,,,,,,,,,,,,,,,,,,,,,,,,,,,,,,,,,,,,,,,,,,,,,,,,,,,,,,,,,,,,,,,,,,,,,,,,,,,,,,,,,,,,,30103500,,,,,,,,,,,,,,,,,,,,,,,,,,,,,,,,,,,,,,,,,,,
,,,,,,,Building Materials,Lumber,Dimensional Lumber,,1513577,1x8-12' Doug Fir STK Smooth 1S2E,COMMODITY - UNBRANDED,-- No Unilog Brand --,-- No DIB Brand --,Westwood Lumber Sales (WESLU),Westwood Lumber Sales,,,1513577,,Building Materials>Lumber & Composites>Dimensional Lumber,"Westwood Lumber Sales, Lumber, 1513577, Douglas Fir, 1x8, 12 ft Length, STK",LUMBER DFIR 1X8 12FT,"1513577 Lumber, Douglas Fir, 1x8, 12 ft Length, STK","Lumber, Douglas Fir, 1x8, 12 ft Length, STK, S1S2E","Lumber, Douglas Fir, 1x8, 12 ft Length, STK",,,,,,,,,,,,,,,,,,,,,,,,,,,Lumber,Species,Douglas Fir,,Nominal Size,1x8,,Length,12,ft,Grade,STK,,Surfacing,S1S2E,,Additional Information,,,,,,,,,,,,,,,,,,,,,,,,,,,,,,,,,,,,,,,,,,,,,,,,,,,,,,,,,,,,,,,,,,,,,,,,,,,,,,,,,,,,,,,,,,,,,,,,,,,,,,,,,,,,,,,,,,,,,,,,,,,,,,,,,,,,,,,,,,30103100,,,,,,,,,,,,,,,,,,,,,,,,,,,,,,,,,,,,,,,,,,,
,,,,,,,Building Materials,Lumber,Dimensional Lumber,,1513578,1x8-16' Doug Fir STK Smooth 1S2E,COMMODITY - UNBRANDED,-- No Unilog Brand --,-- No DIB Brand --,Westwood Lumber Sales (WESLU),Westwood Lumber Sales,,,1513578,,Building Materials>Lumber & Composites>Dimensional Lumber,"Westwood Lumber Sales, Lumber, 1513578, Douglas Fir, 1x8, 16 ft Length, STK",LUMBER DFIR 1X8 16FT,"1513578 Lumber, Douglas Fir, 1x8, 16 ft Length, STK","Lumber, Douglas Fir, 1x8, 16 ft Length, STK, S1S2E","Lumber, Douglas Fir, 1x8, 16 ft Length, STK",,,,,,,,,,,,,,,,,,,,,,,,,,,Lumber,Species,Douglas Fir,,Nominal Size,1x8,,Length,16,ft,Grade,STK,,Surfacing,S1S2E,,Additional Information,,,,,,,,,,,,,,,,,,,,,,,,,,,,,,,,,,,,,,,,,,,,,,,,,,,,,,,,,,,,,,,,,,,,,,,,,,,,,,,,,,,,,,,,,,,,,,,,,,,,,,,,,,,,,,,,,,,,,,,,,,,,,,,,,,,,,,,,,,30103100,,,,,,,,,,,,,,,,,,,,,,,,,,,,,,,,,,,,,,,,,,,
,,,,,,,Building Materials,Lumber,Dimensional Lumber,,1513579,1x12-12 'Doug Fir STK Smooth 1S2E,COMMODITY - UNBRANDED,-- No Unilog Brand --,-- No DIB Brand --,Westwood Lumber Sales (WESLU),Westwood Lumber Sales,,,1513579,,Building Materials>Lumber & Composites>Dimensional Lumber,"Westwood Lumber Sales, Lumber, 1513579, Douglas Fir, 1x12, STK",LUMBER DFIR 1X12,"1513579 Lumber, Douglas Fir, 1x12, STK","Lumber, Douglas Fir, 1x12, STK, S1S2E","Lumber, Douglas Fir, 1x12, STK",,,,,,,,,,,,,,,,,,,,,,,,,,,Lumber,Species,Douglas Fir,,Nominal Size,1x12,,Length,,,Grade,STK,,Surfacing,S1S2E,,Additional Information,,,,,,,,,,,,,,,,,,,,,,,,,,,,,,,,,,,,,,,,,,,,,,,,,,,,,,,,,,,,,,,,,,,,,,,,,,,,,,,,,,,,,,,,,,,,,,,,,,,,,,,,,,,,,,,,,,,,,,,,,,,,,,,,,,,,,,,,,,30103100,,,,,,,,,,,,,,,,,,,,,,,,,,,,,,,,,,,,,,,,,,,
,,,,,,,Building Materials,Lumber,Dimensional Lumber,,1513580,1x12-16' Doug Fir STK Smooth 1S2E,COMMODITY - UNBRANDED,-- No Unilog Brand --,-- No DIB Brand --,Westwood Lumber Sales (WESLU),Westwood Lumber Sales,,,1513580,,Building Materials>Lumber & Composites>Dimensional Lumber,"Westwood Lumber Sales, Lumber, 1513580, Douglas Fir, 1x12, 16 ft Length, STK",LUMBER DFIR 1X12 16FT,"1513580 Lumber, Douglas Fir, 1x12, 16 ft Length, STK","Lumber, Douglas Fir, 1x12, 16 ft Length, STK, S1S2E","Lumber, Douglas Fir, 1x12, 16 ft Length, STK",,,,,,,,,,,,,,,,,,,,,,,,,,,Lumber,Species,Douglas Fir,,Nominal Size,1x12,,Length,16,ft,Grade,STK,,Surfacing,S1S2E,,Additional Information,,,,,,,,,,,,,,,,,,,,,,,,,,,,,,,,,,,,,,,,,,,,,,,,,,,,,,,,,,,,,,,,,,,,,,,,,,,,,,,,,,,,,,,,,,,,,,,,,,,,,,,,,,,,,,,,,,,,,,,,,,,,,,,,,,,,,,,,,,30103100,,,,,,,,,,,,,,,,,,,,,,,,,,,,,,,,,,,,,,,,,,,
,,,,,,,Building Materials,Panels,Sheathing & Drywall,,1501767,"3/4"" 4x8T&G Huber Blue PlusOSB - Sub Floor",-- Unbranded --,-- No Unilog Brand --,-- No DIB Brand --,-,,Huber,,1501767,,Building Materials>Panels & Sheathing>Structural Panels,"Huber, Panel, 1501767, Subfloor OSB, 3/4 in Thickness",PANEL SUBFLOOR OSB 3/4IN,"Huber 1501767 Panel, Subfloor OSB, 3/4 in Thickness","Huber Panel, Subfloor OSB, 3/4 in Thickness","Panel, Subfloor OSB, 3/4 in Thickness",,,,,,,,,,,,,,,,,,,,,,,,,,,Panel,Panel Type,Subfloor OSB,,Thickness,3/4,in,Nominal Size,,,R-Value,,,Additional Information,,,,,,,,,,,,,,,,,,,,,,,,,,,,,,,,,,,,,,,,,,,,,,,,,,,,,,,,,,,,,,,,,,,,,,,,,,,,,,,,,,,,,,,,,,,,,,,,,,,,,,,,,,,,,,,,,,,,,,,,,,,,,,,,,,,,,,,,,,,,,30103500,,,,,,,,,,,,,,,,,,,,,,,,,,,,,,,,,,,,,,,,,,,
,,,,,,,Building Materials,Siding,Siding,,PP-8BL,8' Premier Rib XL Black,-- Unbranded --,-- No Unilog Brand --,-- No DIB Brand --,Premier Metals (PREME),Premier Metals,Premier Metals,,PP-8BL,,Building Materials>Siding & Accessories>Siding,"Premier Metals, Siding, PP-8BL, Metal Panel",SIDING METAL PANEL,"Premier Metals PP-8BL Siding, Metal Panel","Premier Metals Siding, Metal Panel","Siding, Metal Panel",,,,,,,,,,,,,,,,,,,,,,,,,,,Siding,Siding Type,Metal Panel,,Material,,,Nominal Size,,,Texture,,,Finish,,,Color,,,Additional Information,,,,,,,,,,,,,,,,,,,,,,,,,,,,,,,,,,,,,,,,,,,,,,,,,,,,,,,,,,,,,,,,,,,,,,,,,,,,,,,,,,,,,,,,,,,,,,,,,,,,,,,,,,,,,,,,,,,,,,,,,,,,,,,,,,,,,,,30161700,,,,,,,,,,,,,,,,,,,,,,,,,,,,,,,,,,,,,,,,,,,
,,,,,,,Building Materials,Siding,Siding,,PP-10BL,10' Premier Rib XL Black,-- Unbranded --,-- No Unilog Brand --,-- No DIB Brand --,Premier Metals (PREME),Premier Metals,Premier Metals,,PP-10BL,,Building Materials>Siding & Accessories>Siding,"Premier Metals, Siding, PP-10BL, Metal Panel",SIDING METAL PANEL,"Premier Metals PP-10BL Siding, Metal Panel","Premier Metals Siding, Metal Panel","Siding, Metal Panel",,,,,,,,,,,,,,,,,,,,,,,,,,,Siding,Siding Type,Metal Panel,,Material,,,Nominal Size,,,Texture,,,Finish,,,Color,,,Additional Information,,,,,,,,,,,,,,,,,,,,,,,,,,,,,,,,,,,,,,,,,,,,,,,,,,,,,,,,,,,,,,,,,,,,,,,,,,,,,,,,,,,,,,,,,,,,,,,,,,,,,,,,,,,,,,,,,,,,,,,,,,,,,,,,,,,,,,,30161700,,,,,,,,,,,,,,,,,,,,,,,,,,,,,,,,,,,,,,,,,,,
,,,,,,,Building Materials,Siding,Siding,,PP-12BL,12' Premier Rib XL Black,-- Unbranded --,-- No Unilog Brand --,-- No DIB Brand --,Premier Metals (PREME),Premier Metals,Premier Metals,,PP-12BL,,Building Materials>Siding & Accessories>Siding,"Premier Metals, Siding, PP-12BL, Metal Panel",SIDING METAL PANEL,"Premier Metals PP-12BL Siding, Metal Panel","Premier Metals Siding, Metal Panel","Siding, Metal Panel",,,,,,,,,,,,,,,,,,,,,,,,,,,Siding,Siding Type,Metal Panel,,Material,,,Nominal Size,,,Texture,,,Finish,,,Color,,,Additional Information,,,,,,,,,,,,,,,,,,,,,,,,,,,,,,,,,,,,,,,,,,,,,,,,,,,,,,,,,,,,,,,,,,,,,,,,,,,,,,,,,,,,,,,,,,,,,,,,,,,,,,,,,,,,,,,,,,,,,,,,,,,,,,,,,,,,,,,30161700,,,,,,,,,,,,,,,,,,,,,,,,,,,,,,,,,,,,,,,,,,,
,,,,,,,Building Materials,Siding,Siding,,PP-8CH,8' Premier Rib XL Charcoal,-- Unbranded --,-- No Unilog Brand --,-- No DIB Brand --,Premier Metals (PREME),Premier Metals,Premier Metals,,PP-8CH,,Building Materials>Siding & Accessories>Siding,"Premier Metals, Siding, PP-8CH, Metal Panel",SIDING METAL PANEL,"Premier Metals PP-8CH Siding, Metal Panel","Premier Metals Siding, Metal Panel","Siding, Metal Panel",,,,,,,,,,,,,,,,,,,,,,,,,,,Siding,Siding Type,Metal Panel,,Material,,,Nominal Size,,,Texture,,,Finish,,,Color,,,Additional Information,,,,,,,,,,,,,,,,,,,,,,,,,,,,,,,,,,,,,,,,,,,,,,,,,,,,,,,,,,,,,,,,,,,,,,,,,,,,,,,,,,,,,,,,,,,,,,,,,,,,,,,,,,,,,,,,,,,,,,,,,,,,,,,,,,,,,,,30161700,,,,,,,,,,,,,,,,,,,,,,,,,,,,,,,,,,,,,,,,,,,
,,,,,,,Building Materials,Siding,Siding,,PP-10CH,10' Premier Rib XL Charcoal,-- Unbranded --,-- No Unilog Brand --,-- No DIB Brand --,Premier Metals (PREME),Premier Metals,Premier Metals,,PP-10CH,,Building Materials>Siding & Accessories>Siding,"Premier Metals, Siding, PP-10CH, Metal Panel",SIDING METAL PANEL,"Premier Metals PP-10CH Siding, Metal Panel","Premier Metals Siding, Metal Panel","Siding, Metal Panel",,,,,,,,,,,,,,,,,,,,,,,,,,,Siding,Siding Type,Metal Panel,,Material,,,Nominal Size,,,Texture,,,Finish,,,Color,,,Additional Information,,,,,,,,,,,,,,,,,,,,,,,,,,,,,,,,,,,,,,,,,,,,,,,,,,,,,,,,,,,,,,,,,,,,,,,,,,,,,,,,,,,,,,,,,,,,,,,,,,,,,,,,,,,,,,,,,,,,,,,,,,,,,,,,,,,,,,,30161700,,,,,,,,,,,,,,,,,,,,,,,,,,,,,,,,,,,,,,,,,,,
,,,,,,,Building Materials,Siding,Siding,,PP-12CH,12' Premier Rib XL Charcoal,-- Unbranded --,-- No Unilog Brand --,-- No DIB Brand --,Premier Metals (PREME),Premier Metals,Premier Metals,,PP-12CH,,Building Materials>Siding & Accessories>Siding,"Premier Metals, Siding, PP-12CH, Metal Panel",SIDING METAL PANEL,"Premier Metals PP-12CH Siding, Metal Panel","Premier Metals Siding, Metal Panel","Siding, Metal Panel",,,,,,,,,,,,,,,,,,,,,,,,,,,Siding,Siding Type,Metal Panel,,Material,,,Nominal Size,,,Texture,,,Finish,,,Color,,,Additional Information,,,,,,,,,,,,,,,,,,,,,,,,,,,,,,,,,,,,,,,,,,,,,,,,,,,,,,,,,,,,,,,,,,,,,,,,,,,,,,,,,,,,,,,,,,,,,,,,,,,,,,,,,,,,,,,,,,,,,,,,,,,,,,,,,,,,,,,30161700,,,,,,,,,,,,,,,,,,,,,,,,,,,,,,,,,,,,,,,,,,,
,,,,,,,Building Materials,Siding,Siding,,PP-8WH,8' Premier Rib XL White,-- Unbranded --,-- No Unilog Brand --,-- No DIB Brand --,Premier Metals (PREME),Premier Metals,Premier Metals,,PP-8WH,,Building Materials>Siding & Accessories>Siding,"Premier Metals, Siding, PP-8WH, Metal Panel",SIDING METAL PANEL,"Premier Metals PP-8WH Siding, Metal Panel","Premier Metals Siding, Metal Panel","Siding, Metal Panel",,,,,,,,,,,,,,,,,,,,,,,,,,,Siding,Siding Type,Metal Panel,,Material,,,Nominal Size,,,Texture,,,Finish,,,Color,,,Additional Information,,,,,,,,,,,,,,,,,,,,,,,,,,,,,,,,,,,,,,,,,,,,,,,,,,,,,,,,,,,,,,,,,,,,,,,,,,,,,,,,,,,,,,,,,,,,,,,,,,,,,,,,,,,,,,,,,,,,,,,,,,,,,,,,,,,,,,,30161700,,,,,,,,,,,,,,,,,,,,,,,,,,,,,,,,,,,,,,,,,,,
,,,,,,,Building Materials,Siding,Siding,,PP-10WH,10' Premier Rib XL White,-- Unbranded --,-- No Unilog Brand --,-- No DIB Brand --,Premier Metals (PREME),Premier Metals,Premier Metals,,PP-10WH,,Building Materials>Siding & Accessories>Siding,"Premier Metals, Siding, PP-10WH, Metal Panel",SIDING METAL PANEL,"Premier Metals PP-10WH Siding, Metal Panel","Premier Metals Siding, Metal Panel","Siding, Metal Panel",,,,,,,,,,,,,,,,,,,,,,,,,,,Siding,Siding Type,Metal Panel,,Material,,,Nominal Size,,,Texture,,,Finish,,,Color,,,Additional Information,,,,,,,,,,,,,,,,,,,,,,,,,,,,,,,,,,,,,,,,,,,,,,,,,,,,,,,,,,,,,,,,,,,,,,,,,,,,,,,,,,,,,,,,,,,,,,,,,,,,,,,,,,,,,,,,,,,,,,,,,,,,,,,,,,,,,,,30161700,,,,,,,,,,,,,,,,,,,,,,,,,,,,,,,,,,,,,,,,,,,
,,,,,,,Building Materials,Roofing,Roofing,,1504345,OC Duration TruDef Wburg Gray (BDL),-- Unbranded --,-- No Unilog Brand --,-- No DIB Brand --,Palmer Donavin Mfg Company (PALDO),,Owens Corning,,1504345,,Building Materials>Roofing>Roofing Materials,"Owens Corning, Roofing Material, 1504345, Architectural Shingle",ROOFING MATERIAL ARCH SHGL,"Owens Corning 1504345 Roofing Material, Architectural Shingle","Owens Corning Roofing Material, Architectural Shingle","Roofing Material, Architectural Shingle",,,,,,,,,,,,,,,,,,,,,,,,,,,Roofing Material,Product Type,Architectural Shingle,,Coverage,,,Color,,,Additional Information,,,,,,,,,,,,,,,,,,,,,,,,,,,,,,,,,,,,,,,,,,,,,,,,,,,,,,,,,,,,,,,,,,,,,,,,,,,,,,,,,,,,,,,,,,,,,,,,,,,,,,,,,,,,,,,,,,,,,,,,,,,,,,,,,,,,,,,,,,,,,,,,30151500,,,,,,,,,,,,,,,,,,,,,,,,,,,,,,,,,,,,,,,,,,,
,,,,,,,Building Materials,Roofing,Roofing,,2733,3'x65' Henry Eaveguard - Ice Guard,-- Unbranded --,-- No Unilog Brand --,-- No DIB Brand --,Palmer Donavin Mfg Company (PALDO),,Henry,,2733,,Building Materials>Roofing>Roofing Materials,"Henry, Roofing Material, 2733, Ice & Water Barrier",ROOFING MATERIAL ICE BARR,"Henry 2733 Roofing Material, Ice & Water Barrier","Henry Roofing Material, Ice & Water Barrier","Roofing Material, Ice & Water Barrier",,,,,,,,,,,,,,,,,,,,,,,,,,,Roofing Material,Product Type,Ice & Water Barrier,,Coverage,,,Color,,,Additional Information,,,,,,,,,,,,,,,,,,,,,,,,,,,,,,,,,,,,,,,,,,,,,,,,,,,,,,,,,,,,,,,,,,,,,,,,,,,,,,,,,,,,,,,,,,,,,,,,,,,,,,,,,,,,,,,,,,,,,,,,,,,,,,,,,,,,,,,,,,,,,,,,30151500,,,,,,,,,,,,,,,,,,,,,,,,,,,,,,,,,,,,,,,,,,,
,,,,,,,Building Materials,Roofing,Roofing,,7547,Ice Guard OC Weathr Lk Mat 2sq,-- Unbranded --,-- No Unilog Brand --,-- No DIB Brand --,-,,,,7547,,Building Materials>Roofing>Roofing Materials,"Roofing Material, 7547, Ice & Water Barrier",ROOFING MATERIAL ICE BARR,"7547 Roofing Material, Ice & Water Barrier","Roofing Material, Ice & Water Barrier","Roofing Material, Ice & Water Barrier",,,,,,,,,,,,,,,,,,,,,,,,,,,Roofing Material,Product Type,Ice & Water Barrier,,Coverage,,,Color,,,Additional Information,,,,,,,,,,,,,,,,,,,,,,,,,,,,,,,,,,,,,,,,,,,,,,,,,,,,,,,,,,,,,,,,,,,,,,,,,,,,,,,,,,,,,,,,,,,,,,,,,,,,,,,,,,,,,,,,,,,,,,,,,,,,,,,,,,,,,,,,,,,,,,,,30151500,,,,,,,,,,,,,,,,,,,,,,,,,,,,,,,,,,,,,,,,,,,
,,,,,,,Building Materials,Siding,Siding,,8912220,"7-1/4""x12' Hardie Sdg Smooth - Primed HardiePlank",JAMESHARDIE,-- No Unilog Brand --,-- No DIB Brand --,Boise Cascade Building Materials (BOICA),Boise Cascade Building Materials,JAMESHARDIE,,8912220,,Building Materials>Siding & Accessories>Siding,"Boise Cascade Building Materials JAMESHARDIE, Siding, 8912220, Lap Siding",SIDING LAP SDG SMOOTH,"JAMESHARDIE 8912220 Siding, Lap Siding, Fiber Cement, Smooth","JAMESHARDIE Siding, Lap Siding, Fiber Cement, Smooth, Primed","Siding, Lap Siding, Fiber Cement, Smooth",,,,,,,,,,,,,,,,,,,,,,,,,,,Siding,Siding Type,Lap Siding,,Material,Fiber Cement,,Nominal Size,,,Texture,Smooth,,Finish,Primed,,Color,,,Additional Information,,,,,,,,,,,,,,,,,,,,,,,,,,,,,,,,,,,,,,,,,,,,,,,,,,,,,,,,,,,,,,,,,,,,,,,,,,,,,,,,,,,,,,,,,,,,,,,,,,,,,,,,,,,,,,,,,,,,,,,,,,,,,,,,,,,,,,,30161700,,,,,,,,,,,,,,,,,,,,,,,,,,,,,,,,,,,,,,,,,,,
,,,,,,,Building Materials,Siding,Siding,,8904015,4'x10' HardiePanel Smooth - Primed,JAMESHARDIE,-- No Unilog Brand --,-- No DIB Brand --,Boise Cascade Building Materials (BOICA),Boise Cascade Building Materials,JAMESHARDIE,,8904015,,Building Materials>Siding & Accessories>Siding,"Boise Cascade Building Materials JAMESHARDIE, Siding, 8904015, Panel Siding",SIDING PNL SDG SMOOTH,"JAMESHARDIE 8904015 Siding, Panel Siding, Smooth","JAMESHARDIE Siding, Panel Siding, Smooth, Primed","Siding, Panel Siding, Smooth",,,,,,,,,,,,,,,,,,,,,,,,,,,Siding,Siding Type,Panel Siding,,Material,,,Nominal Size,,,Texture,Smooth,,Finish,Primed,,Color,,,Additional Information,,,,,,,,,,,,,,,,,,,,,,,,,,,,,,,,,,,,,,,,,,,,,,,,,,,,,,,,,,,,,,,,,,,,,,,,,,,,,,,,,,,,,,,,,,,,,,,,,,,,,,,,,,,,,,,,,,,,,,,,,,,,,,,,,,,,,,,30161700,,,,,,,,,,,,,,,,,,,,,,,,,,,,,,,,,,,,,,,,,,,
,,,,,,,Building Materials,Siding,Siding,,25796,"6""x16' Smart Lap Sdg Cedar",LP SMARTSIDE,-- No Unilog Brand --,-- No DIB Brand --,U S Lumber (3073),U S Lumber,LP SMARTSIDE,,25796,,Building Materials>Siding & Accessories>Siding,"U S Lumber LP SMARTSIDE, Siding, 25796, Lap Siding, Engineered Wood, Cedar",SIDING LAP SDG CEDAR,"LP SMARTSIDE 25796 Siding, Lap Siding, Engineered Wood, Cedar","LP SMARTSIDE Siding, Lap Siding, Engineered Wood, Cedar","Siding, Lap Siding, Engineered Wood, Cedar",,,,,,,,,,,,,,,,,,,,,,,,,,,Siding,Siding Type,Lap Siding,,Material,Engineered Wood,,Nominal Size,,,Texture,Cedar,,Finish,,,Color,,,Additional Information,,,,,,,,,,,,,,,,,,,,,,,,,,,,,,,,,,,,,,,,,,,,,,,,,,,,,,,,,,,,,,,,,,,,,,,,,,,,,,,,,,,,,,,,,,,,,,,,,,,,,,,,,,,,,,,,,,,,,,,,,,,,,,,,,,,,,,,30161700,,,,,,,,,,,,,,,,,,,,,,,,,,,,,,,,,,,,,,,,,,,
,,,,,,,Building Materials,Siding,Siding,,40503,"3/8"" 16""x16' Smart Pan Cedar - No-Groove Sq Edge B&B",LP SMARTSIDE,-- No Unilog Brand --,-- No DIB Brand --,U S Lumber (3073),U S Lumber,LP SMARTSIDE,,40503,,Building Materials>Siding & Accessories>Siding,"U S Lumber LP SMARTSIDE, Siding, 40503, Panel Siding, Engineered Wood, Cedar",SIDING PNL SDG CEDAR,"LP SMARTSIDE 40503 Siding, Panel Siding, Engineered Wood, Cedar","LP SMARTSIDE Siding, Panel Siding, Engineered Wood, Cedar","Siding, Panel Siding, Engineered Wood, Cedar",,,,,,,,,,,,,,,,,,,,,,,,,,,Siding,Siding Type,Panel Siding,,Material,Engineered Wood,,Nominal Size,,,Texture,Cedar,,Finish,,,Color,,,Additional Information,,,,,,,,,,,,,,,,,,,,,,,,,,,,,,,,,,,,,,,,,,,,,,,,,,,,,,,,,,,,,,,,,,,,,,,,,,,,,,,,,,,,,,,,,,,,,,,,,,,,,,,,,,,,,,,,,,,,,,,,,,,,,,,,,,,,,,,30161700,,,,,,,,,,,,,,,,,,,,,,,,,,,,,,,,,,,,,,,,,,,
,,,,,,,Building Materials,Siding,Siding,,25825,"3/8"" 4x10 Smart Pan Cedar - No-Groove w/Shiplap Edges",LP SMARTSIDE,-- No Unilog Brand --,-- No DIB Brand --,U S Lumber (3073),U S Lumber,LP SMARTSIDE,,25825,,Building Materials>Siding & Accessories>Siding,"U S Lumber LP SMARTSIDE, Siding, 25825, Panel Siding, Engineered Wood, Cedar",SIDING PNL SDG CEDAR,"LP SMARTSIDE 25825 Siding With Shiplap Edges, Panel Siding, Engineered Wood, Cedar","LP SMARTSIDE Siding With Shiplap Edges, Panel Siding, Engineered Wood, Cedar","Siding, Panel Siding, Engineered Wood, Cedar",,,,,,,,,,,,,,,,,,,,,,With Shiplap Edges,,,,,Siding,Siding Type,Panel Siding,,Material,Engineered Wood,,Nominal Size,,,Texture,Cedar,,Finish,,,Color,,,Additional Information,,,,,,,,,,,,,,,,,,,,,,,,,,,,,,,,,,,,,,,,,,,,,,,,,,,,,,,,,,,,,,,,,,,,,,,,,,,,,,,,,,,,,,,,,,,,,,,,,,,,,,,,,,,,,,,,,,,,,,,,,,,,,,,,,,,,,,,30161700,,,,,,,,,,,,,,,,,,,,,,,,,,,,,,,,,,,,,,,,,,,
,,,,,,,Building Materials,Siding,Siding,,25822,"3/8"" 12""x16' Smart Vented Soff - Cedar Soffit",LP SMARTSIDE,-- No Unilog Brand --,-- No DIB Brand --,U S Lumber (3073),U S Lumber,LP SMARTSIDE,,25822,,Building Materials>Siding & Accessories>Siding,"U S Lumber LP SMARTSIDE, Siding, 25822, Soffit, Engineered Wood, Cedar",SIDING SOFFIT CEDAR,"LP SMARTSIDE 25822 Siding, Soffit, Engineered Wood, Cedar","LP SMARTSIDE Siding, Soffit, Engineered Wood, Cedar","Siding, Soffit, Engineered Wood, Cedar",,,,,,,,,,,,,,,,,,,,,,,,,,,Siding,Siding Type,Soffit,,Material,Engineered Wood,,Nominal Size,,,Texture,Cedar,,Finish,,,Color,,,Additional Information,,,,,,,,,,,,,,,,,,,,,,,,,,,,,,,,,,,,,,,,,,,,,,,,,,,,,,,,,,,,,,,,,,,,,,,,,,,,,,,,,,,,,,,,,,,,,,,,,,,,,,,,,,,,,,,,,,,,,,,,,,,,,,,,,,,,,,,30161700,,,,,,,,,,,,,,,,,,,,,,,,,,,,,,,,,,,,,,,,,,,
,,,,,,,Building Materials,Decking,Railing,,543650101,Black Alum ADA Wall Mount Trex,TREX,-- No Unilog Brand --,-- No DIB Brand --,Boise Cascade Building Materials (BOICA),Boise Cascade Building Materials,TREX,,543650101,,Building Materials>Decking & Railing>Railing Systems,"Boise Cascade Building Materials TREX, Railing Kit, 543650101, ADA Handrail",RAILING KIT ADA RAIL BK,"TREX 543650101 Railing Kit, ADA Handrail, Black","TREX Railing Kit, ADA Handrail, Aluminum, Black","Railing Kit, ADA Handrail, Black",,,,,,,,,,,,,,,,,,,,,,,,,,,Railing Kit,Product Type,ADA Handrail,,Length,,,Baluster Type,,,Material,Aluminum,,Color,Black,,Additional Information,,,,,,,,,,,,,,,,,,,,,,,,,,,,,,,,,,,,,,,,,,,,,,,,,,,,,,,,,,,,,,,,,,,,,,,,,,,,,,,,,,,,,,,,,,,,,,,,,,,,,,,,,,,,,,,,,,,,,,,,,,,,,,,,,,,,,,,,,,30151800,,,,,,,,,,,,,,,,,,,,,,,,,,,,,,,,,,,,,,,,,,,
,,,,,,,Building Materials,Decking,Railing,,543650010,Black Alum ADA Int End Cap - Trex,TREX,-- No Unilog Brand --,-- No DIB Brand --,Boise Cascade Building Materials (BOICA),Boise Cascade Building Materials,TREX,,543650010,,Building Materials>Decking & Railing>Railing Systems,"Boise Cascade Building Materials TREX, Railing Kit, 543650010, ADA Handrail",RAILING KIT ADA RAIL BK,"TREX 543650010 Railing Kit, ADA Handrail, Black","TREX Railing Kit, ADA Handrail, Aluminum, Black","Railing Kit, ADA Handrail, Black",,,,,,,,,,,,,,,,,,,,,,,,,,,Railing Kit,Product Type,ADA Handrail,,Length,,,Baluster Type,,,Material,Aluminum,,Color,Black,,Additional Information,,,,,,,,,,,,,,,,,,,,,,,,,,,,,,,,,,,,,,,,,,,,,,,,,,,,,,,,,,,,,,,,,,,,,,,,,,,,,,,,,,,,,,,,,,,,,,,,,,,,,,,,,,,,,,,,,,,,,,,,,,,,,,,,,,,,,,,,,,30151800,,,,,,,,,,,,,,,,,,,,,,,,,,,,,,,,,,,,,,,,,,,
,,,,,,,Building Materials,Decking,Railing,,543650048,8' Black Alum ADA Rail Trex,TREX,-- No Unilog Brand --,-- No DIB Brand --,Boise Cascade Building Materials (BOICA),Boise Cascade Building Materials,TREX,,543650048,,Building Materials>Decking & Railing>Railing Systems,"Boise Cascade Building Materials TREX, Railing Kit, 543650048, ADA Handrail",RAILING KIT ADA RAIL 8FT BK,"TREX 543650048 Railing Kit, ADA Handrail, 8 ft Length, Black","TREX Railing Kit, ADA Handrail, 8 ft Length, Aluminum, Black","Railing Kit, ADA Handrail, 8 ft Length, Black",,,,,,,,,,,,,,,,,,,,,,,,,,,Railing Kit,Product Type,ADA Handrail,,Length,8,ft,Baluster Type,,,Material,Aluminum,,Color,Black,,Additional Information,,,,,,,,,,,,,,,,,,,,,,,,,,,,,,,,,,,,,,,,,,,,,,,,,,,,,,,,,,,,,,,,,,,,,,,,,,,,,,,,,,,,,,,,,,,,,,,,,,,,,,,,,,,,,,,,,,,,,,,,,,,,,,,,,,,,,,,,,,30151800,,,,,,,,,,,,,,,,,,,,,,,,,,,,,,,,,,,,,,,,,,,
,,,,,,,Building Materials,Panels,Sheathing & Drywall,,1506969,"1-1/2"" 4x8 Huber Zip R6.6 - Insulated R-Sheathing",-- Unbranded --,-- No Unilog Brand --,-- No DIB Brand --,-,,Huber,,1506969,,Building Materials>Panels & Sheathing>Structural Panels,"Huber, Panel, 1506969, Insulated Sheathing, 1-1/2 in Thickness",PANEL INS SHTH 1-1/2IN,"Huber 1506969 Panel, Insulated Sheathing, 1-1/2 in Thickness","Huber Panel, Insulated Sheathing, 1-1/2 in Thickness, R-6.6","Panel, Insulated Sheathing, 1-1/2 in Thickness",,,,,,,,,,,,,,,,,,,,,,,,,,,Panel,Panel Type,Insulated Sheathing,,Thickness,1-1/2,in,Nominal Size,,,R-Value,6.6,,Additional Information,,,,,,,,,,,,,,,,,,,,,,,,,,,,,,,,,,,,,,,,,,,,,,,,,,,,,,,,,,,,,,,,,,,,,,,,,,,,,,,,,,,,,,,,,,,,,,,,,,,,,,,,,,,,,,,,,,,,,,,,,,,,,,,,,,,,,,,,,,,,,30103500,,,,,,,,,,,,,,,,,,,,,,,,,,,,,,,,,,,,,,,,,,,
,,,,,,,Building Materials,Panels,Sheathing & Drywall,,1514681,"1"" 4x8 Huber Zip R3.6 - Insulated R-Sheathing",-- Unbranded --,-- No Unilog Brand --,-- No DIB Brand --,-,,Huber,,1514681,,Building Materials>Panels & Sheathing>Structural Panels,"Huber, Panel, 1514681, Insulated Sheathing, 1 in Thickness",PANEL INS SHTH 1IN,"Huber 1514681 Panel, Insulated Sheathing, 1 in Thickness","Huber Panel, Insulated Sheathing, 1 in Thickness, R-3.6","Panel, Insulated Sheathing, 1 in Thickness",,,,,,,,,,,,,,,,,,,,,,,,,,,Panel,Panel Type,Insulated Sheathing,,Thickness,1,in,Nominal Size,,,R-Value,3.6,,Additional Information,,,,,,,,,,,,,,,,,,,,,,,,,,,,,,,,,,,,,,,,,,,,,,,,,,,,,,,,,,,,,,,,,,,,,,,,,,,,,,,,,,,,,,,,,,,,,,,,,,,,,,,,,,,,,,,,,,,,,,,,,,,,,,,,,,,,,,,,,,,,,30103500,,,,,,,,,,,,,,,,,,,,,,,,,,,,,,,,,,,,,,,,,,,
,,,,,,,Building Materials,Panels,Sheathing & Drywall,,1514726,"2"" 4x8 Huber Zip R9.6 - Insulated R-Sheathing",-- Unbranded --,-- No Unilog Brand --,-- No DIB Brand --,-,,Huber,,1514726,,Building Materials>Panels & Sheathing>Structural Panels,"Huber, Panel, 1514726, Insulated Sheathing, 2 in Thickness",PANEL INS SHTH 2IN,"Huber 1514726 Panel, Insulated Sheathing, 2 in Thickness","Huber Panel, Insulated Sheathing, 2 in Thickness, R-9.6","Panel, Insulated Sheathing, 2 in Thickness",,,,,,,,,,,,,,,,,,,,,,,,,,,Panel,Panel Type,Insulated Sheathing,,Thickness,2,in,Nominal Size,,,R-Value,9.6,,Additional Information,,,,,,,,,,,,,,,,,,,,,,,,,,,,,,,,,,,,,,,,,,,,,,,,,,,,,,,,,,,,,,,,,,,,,,,,,,,,,,,,,,,,,,,,,,,,,,,,,,,,,,,,,,,,,,,,,,,,,,,,,,,,,,,,,,,,,,,,,,,,,30103500,,,,,,,,,,,,,,,,,,,,,,,,,,,,,,,,,,,,,,,,,,,
,,,,,,,Building Materials,Panels,Sheathing & Drywall,,1728ABL,2x2 Black Fine Fissured 1728BL,-- Unbranded --,-- No Unilog Brand --,-- No DIB Brand --,Palmer Donavin Mfg Company (PALDO),,,,1728ABL,,Building Materials>Panels & Sheathing>Structural Panels,"Panel, 1728ABL, Ceiling Tile",PANEL CEILING TILE,"1728ABL Panel, Ceiling Tile","Panel, Ceiling Tile","Panel, Ceiling Tile",,,,,,,,,,,,,,,,,,,,,,,,,,,Panel,Panel Type,Ceiling Tile,,Thickness,,,Nominal Size,,,R-Value,,,Additional Information,,,,,,,,,,,,,,,,,,,,,,,,,,,,,,,,,,,,,,,,,,,,,,,,,,,,,,,,,,,,,,,,,,,,,,,,,,,,,,,,,,,,,,,,,,,,,,,,,,,,,,,,,,,,,,,,,,,,,,,,,,,,,,,,,,,,,,,,,,,,,30103500,,,,,,,,,,,,,,,,,,,,,,,,,,,,,,,,,,,,,,,,,,,
,,,,,,,Tools,Power Tools,Batteries & Chargers,,402-R,402R 12V12AH 8D Battery,-- Unbranded --,-- No Unilog Brand --,-- No DIB Brand --,MillerTech Energy Solutions (MILTE),MillerTech Energy Solutions,,,402-R,,Tools & Hardware>Power Tools>Batteries & Chargers,"MillerTech Energy Solutions, Battery, 402-R, 12 Ah Capacity",BATTERY 12AH,"402-R Battery, 12 Ah Capacity","Battery, 12 Ah Capacity","Battery, 12 Ah Capacity",,,,,,,,,,,,,,,,,,,,,,,,,,,Battery,Product Type,Battery,,Voltage Rating,,,Capacity,12,Ah,Quantity per Package,,,Additional Information,,,,,,,,,,,,,,,,,,,,,,,,,,,,,,,,,,,,,,,,,,,,,,,,,,,,,,,,,,,,,,,,,,,,,,,,,,,,,,,,,,,,,,,,,,,,,,,,,,,,,,,,,,,,,,,,,,,,,,,,,,,,,,,,,,,,,,,,,,,,,26111700,,,,,,,,,,,,,,,,,,,,,,,,,,,,,,,,,,,,,,,,,,,
,,,,,,,,,,,SL1672,SL1672 Jumpstart & Pwr Supply,-- Unbranded --,-- No Unilog Brand --,Schumacher,-,,Schumacher,,SL1672,,,"Schumacher, Product, SL1672",PRODUCT,Schumacher SL1672 Product,Schumacher Product,Product,,,,,,,,,,,,,,,,,,,,,,,,,,,Product,Product Type,,,Size,,,Material,,,Color,,,Additional Information,,,,,,,,,,,,,,,,,,,,,,,,,,,,,,,,,,,,,,,,,,,,,,,,,,,,,,,,,,,,,,,,,,,,,,,,,,,,,,,,,,,,,,,,,,,,,,,,,,,,,,,,,,,,,,,,,,,,,,,,,,,,,,,,,,,,,,,,,,,,,,,,,,,,,,,,,,,,,,,,,,,,,,,,,,,,,,,,,,,,,,,,
,,,,,,,Tools,Power Tools,Batteries & Chargers,,BM-DW20-YLW-6,BM-DW20-YLW-6 Dewalt - Battery Mounts 6pk,-- Unbranded --,-- No Unilog Brand --,StealthMounts,Metalmark Industrial Inc (METIN),Metalmark Industrial Inc,StealthMounts,,BM-DW20-YLW-6,,Tools & Hardware>Power Tools>Batteries & Chargers,"Metalmark Industrial Inc StealthMounts, Battery, BM-DW20-YLW-6",BATTERY MOUNT,StealthMounts BM-DW20-YLW-6 Battery,"StealthMounts Battery, 6 per Package","Battery, Mount",,,,,,,,,,,,,,,,,,,,,,,,,,,Battery,Product Type,Mount,,Voltage Rating,,,Capacity,,,Quantity per Package,6,,Additional Information,,,,,,,,,,,,,,,,,,,,,,,,,,,,,,,,,,,,,,,,,,,,,,,,,,,,,,,,,,,,,,,,,,,,,,,,,,,,,,,,,,,,,,,,,,,,,,,,,,,,,,,,,,,,,,,,,,,,,,,,,,,,,,,,,,,,,,,,,,,,,26111700,,,,,,,,,,,,,,,,,,,,,,,,,,,,,,,,,,,,,,,,,,,
,,,,,,,Electrical,Boxes & Enclosures,Boxes & Covers,,BHA1-UPC,16-24 Adjust Hanger,-- Unbranded --,-- No Unilog Brand --,Southwire,Southwire/g Turner (6603),Southwire/g Turner,Southwire,,BHA1-UPC,,"Electrical>Boxes, Conduit & Fittings>Electrical Boxes & Covers","Southwire, Electrical Box, BHA1-UPC, Hanger Bar",ELEC BOX HANGER BAR,"Southwire BHA1-UPC Electrical Box, Hanger Bar","Southwire Electrical Box, Hanger Bar","Electrical Box, Hanger Bar",,,,,,,,,,,,,,,,,,,,,,,,,,,Electrical Box,Product Type,Hanger Bar,,Size,,,Number of Gangs,,,Material,,,Additional Information,,,,,,,,,,,,,,,,,,,,,,,,,,,,,,,,,,,,,,,,,,,,,,,,,,,,,,,,,,,,,,,,,,,,,,,,,,,,,,,,,,,,,,,,,,,,,,,,,,,,,,,,,,,,,,,,,,,,,,,,,,,,,,,,,,,,,,,,,,,,,39131709,,,,,,,,,,,,,,,,,,,,,,,,,,,,,,,,,,,,,,,,,,,
,,,,,,,Electrical,Wiring Devices,Receptacles & Switches,,G1941-UPC,"G1941UPC 4"" Sq Cover Sw/Outlet",-- Unbranded --,-- No Unilog Brand --,Southwire,Southwire/g Turner (6603),Southwire/g Turner,Southwire,,G1941-UPC,,Electrical>Wiring Devices>Receptacles & Switches,"Southwire, Wiring Device, G1941-UPC, Receptacle",WIRING DEVICE RECPT,"Southwire G1941-UPC Wiring Device, Receptacle","Southwire Wiring Device, Receptacle","Wiring Device, Receptacle",,,,,,,,,,,,,,,,,,,,,,,,,,,Wiring Device,Device Type,Receptacle,,Amperage Rating,,,Voltage Rating,,,Number of Gangs,,,Color,,,Additional Information,,,,,,,,,,,,,,,,,,,,,,,,,,,,,,,,,,,,,,,,,,,,,,,,,,,,,,,,,,,,,,,,,,,,,,,,,,,,,,,,,,,,,,,,,,,,,,,,,,,,,,,,,,,,,,,,,,,,,,,,,,,,,,,,,,,,,,,,,,39121004,,,,,,,,,,,,,,,,,,,,,,,,,,,,,,,,,,,,,,,,,,,
,,,,,,,Electrical,Boxes & Enclosures,Boxes & Covers,,G1950-UPC,4x4 2G GFI Box Cover,-- Unbranded --,-- No Unilog Brand --,Southwire,Southwire/g Turner (6603),Southwire/g Turner,Southwire,,G1950-UPC,,"Electrical>Boxes, Conduit & Fittings>Electrical Boxes & Covers","Southwire, Electrical Box, G1950-UPC, Box Cover, 2 Gang",ELEC BOX BOX CVR 2,"Southwire G1950-UPC Electrical Box, Box Cover, 2-Gang","Southwire Electrical Box, Box Cover, 2 Gang","Electrical Box, Box Cover, 2-Gang",,,,,,,,,,,,,,,,,,,,,,,,,,,Electrical Box,Product Type,Box Cover,,Size,,,Number of Gangs,2,,Material,,,Additional Information,,,,,,,,,,,,,,,,,,,,,,,,,,,,,,,,,,,,,,,,,,,,,,,,,,,,,,,,,,,,,,,,,,,,,,,,,,,,,,,,,,,,,,,,,,,,,,,,,,,,,,,,,,,,,,,,,,,,,,,,,,,,,,,,,,,,,,,,,,,,,39131709,,,,,,,,,,,,,,,,,,,,,,,,,,,,,,,,,,,,,,,,,,,
,,,,,,,Electrical,Boxes & Enclosures,Boxes & Covers,,A410RCAR,4x4 1G PVC Box Cover,-- Unbranded --,-- No Unilog Brand --,Carlon,Thomas & Betts (7405),Thomas & Betts,Carlon,,A410RCAR,,"Electrical>Boxes, Conduit & Fittings>Electrical Boxes & Covers","Thomas & Betts Carlon, Electrical Box, A410RCAR, Box Cover, 1 Gang",ELEC BOX BOX CVR 1,"Carlon A410RCAR Electrical Box, Box Cover, 1-Gang","Carlon Electrical Box, Box Cover, 1 Gang, PVC","Electrical Box, Box Cover, 1-Gang",,,,,,,,,,,,,,,,,,,,,,,,,,,Electrical Box,Product Type,Box Cover,,Size,,,Number of Gangs,1,,Material,PVC,,Additional Information,,,,,,,,,,,,,,,,,,,,,,,,,,,,,,,,,,,,,,,,,,,,,,,,,,,,,,,,,,,,,,,,,,,,,,,,,,,,,,,,,,,,,,,,,,,,,,,,,,,,,,,,,,,,,,,,,,,,,,,,,,,,,,,,,,,,,,,,,,,,,39131709,,,,,,,,,,,,,,,,,,,,,,,,,,,,,,,,,,,,,,,,,,,
,,,,,,,Electrical,Boxes & Enclosures,Boxes & Covers,,G1951-UPC,4x4 2G GFCI Duplex Box Cover,-- Unbranded --,-- No Unilog Brand --,Southwire,Southwire/g Turner (6603),Southwire/g Turner,Southwire,,G1951-UPC,,"Electrical>Boxes, Conduit & Fittings>Electrical Boxes & Covers","Southwire, Electrical Box, G1951-UPC, Box Cover, 2 Gang",ELEC BOX BOX CVR 2,"Southwire G1951-UPC Electrical Box, Box Cover, 2-Gang","Southwire Electrical Box, Box Cover, 2 Gang","Electrical Box, Box Cover, 2-Gang",,,,,,,,,,,,,,,,,,,,,,,,,,,Electrical Box,Product Type,Box Cover,,Size,,,Number of Gangs,2,,Material,,,Additional Information,,,,,,,,,,,,,,,,,,,,,,,,,,,,,,,,,,,,,,,,,,,,,,,,,,,,,,,,,,,,,,,,,,,,,,,,,,,,,,,,,,,,,,,,,,,,,,,,,,,,,,,,,,,,,,,,,,,,,,,,,,,,,,,,,,,,,,,,,,,,,39131709,,,,,,,,,,,,,,,,,,,,,,,,,,,,,,,,,,,,,,,,,,,
,,,,,,,Electrical,Boxes & Enclosures,Boxes & Covers,,52C3-5/8-UPC,4x4 1G Box Cover,-- Unbranded --,-- No Unilog Brand --,Southwire,Southwire/g Turner (6603),Southwire/g Turner,Southwire,,52C3-5/8-UPC,,"Electrical>Boxes, Conduit & Fittings>Electrical Boxes & Covers","Southwire, Electrical Box, 52C3-5/8-UPC, Box Cover, 1 Gang",ELEC BOX BOX CVR 1,"Southwire 52C3-5/8-UPC Electrical Box, Box Cover, 1-Gang","Southwire Electrical Box, Box Cover, 1 Gang","Electrical Box, Box Cover, 1-Gang",,,,,,,,,,,,,,,,,,,,,,,,,,,Electrical Box,Product Type,Box Cover,,Size,,,Number of Gangs,1,,Material,,,Additional Information,,,,,,,,,,,,,,,,,,,,,,,,,,,,,,,,,,,,,,,,,,,,,,,,,,,,,,,,,,,,,,,,,,,,,,,,,,,,,,,,,,,,,,,,,,,,,,,,,,,,,,,,,,,,,,,,,,,,,,,,,,,,,,,,,,,,,,,,,,,,,39131709,,,,,,,,,,,,,,,,,,,,,,,,,,,,,,,,,,,,,,,,,,,
,,,,,,,Electrical,Boxes & Enclosures,Boxes & Covers,,52C14-5/8-UPC,4x4 1G Box Cover,-- Unbranded --,-- No Unilog Brand --,Southwire,Southwire/g Turner (6603),Southwire/g Turner,Southwire,,52C14-5/8-UPC,,"Electrical>Boxes, Conduit & Fittings>Electrical Boxes & Covers","Southwire, Electrical Box, 52C14-5/8-UPC, Box Cover, 1 Gang",ELEC BOX BOX CVR 1,"Southwire 52C14-5/8-UPC Electrical Box, Box Cover, 1-Gang","Southwire Electrical Box, Box Cover, 1 Gang","Electrical Box, Box Cover, 1-Gang",,,,,,,,,,,,,,,,,,,,,,,,,,,Electrical Box,Product Type,Box Cover,,Size,,,Number of Gangs,1,,Material,,,Additional Information,,,,,,,,,,,,,,,,,,,,,,,,,,,,,,,,,,,,,,,,,,,,,,,,,,,,,,,,,,,,,,,,,,,,,,,,,,,,,,,,,,,,,,,,,,,,,,,,,,,,,,,,,,,,,,,,,,,,,,,,,,,,,,,,,,,,,,,,,,,,,39131709,,,,,,,,,,,,,,,,,,,,,,,,,,,,,,,,,,,,,,,,,,,
,,,,,,,Electrical,Boxes & Enclosures,Boxes & Covers,,52C3-UPC,4x4 1G Box Cover,-- Unbranded --,-- No Unilog Brand --,Southwire,Southwire/g Turner (6603),Southwire/g Turner,Southwire,,52C3-UPC,,"Electrical>Boxes, Conduit & Fittings>Electrical Boxes & Covers","Southwire, Electrical Box, 52C3-UPC, Box Cover, 1 Gang",ELEC BOX BOX CVR 1,"Southwire 52C3-UPC Electrical Box, Box Cover, 1-Gang","Southwire Electrical Box, Box Cover, 1 Gang","Electrical Box, Box Cover, 1-Gang",,,,,,,,,,,,,,,,,,,,,,,,,,,Electrical Box,Product Type,Box Cover,,Size,,,Number of Gangs,1,,Material,,,Additional Information,,,,,,,,,,,,,,,,,,,,,,,,,,,,,,,,,,,,,,,,,,,,,,,,,,,,,,,,,,,,,,,,,,,,,,,,,,,,,,,,,,,,,,,,,,,,,,,,,,,,,,,,,,,,,,,,,,,,,,,,,,,,,,,,,,,,,,,,,,,,,39131709,,,,,,,,,,,,,,,,,,,,,,,,,,,,,,,,,,,,,,,,,,,
,,,,,,,Electrical,Boxes & Enclosures,Boxes & Covers,,54151-F-UPC,4x4x1-1/2 Oct Box w/Bracket,-- Unbranded --,-- No Unilog Brand --,Southwire,Southwire/g Turner (6603),Southwire/g Turner,Southwire,,54151-F-UPC,,"Electrical>Boxes, Conduit & Fittings>Electrical Boxes & Covers","Southwire, Electrical Box, 54151-F-UPC, Octagon Box",ELEC BOX OCT BOX,"Southwire 54151-F-UPC Electrical Box With Bracket, Octagon Box","Southwire Electrical Box With Bracket, Octagon Box","Electrical Box, Octagon Box",,,,,,,,,,,,,,,,,,,,,,With Bracket,,,,,Electrical Box,Product Type,Octagon Box,,Size,,,Number of Gangs,,,Material,,,Additional Information,,,,,,,,,,,,,,,,,,,,,,,,,,,,,,,,,,,,,,,,,,,,,,,,,,,,,,,,,,,,,,,,,,,,,,,,,,,,,,,,,,,,,,,,,,,,,,,,,,,,,,,,,,,,,,,,,,,,,,,,,,,,,,,,,,,,,,,,,,,,,39131709,,,,,,,,,,,,,,,,,,,,,,,,,,,,,,,,,,,,,,,,,,,
,,,,,,,Electrical,Boxes & Enclosures,Boxes & Covers,,54151-HUR-UPC,4x4x1-1/2 Oct Box w/Hanger,-- Unbranded --,-- No Unilog Brand --,Southwire,Southwire/g Turner (6603),Southwire/g Turner,Southwire,,54151-HUR-UPC,,"Electrical>Boxes, Conduit & Fittings>Electrical Boxes & Covers","Southwire, Electrical Box, 54151-HUR-UPC, Octagon Box",ELEC BOX OCT BOX,"Southwire 54151-HUR-UPC Electrical Box With Hanger, Octagon Box","Southwire Electrical Box With Hanger, Octagon Box","Electrical Box, Octagon Box",,,,,,,,,,,,,,,,,,,,,,With Hanger,,,,,Electrical Box,Product Type,Octagon Box,,Size,,,Number of Gangs,,,Material,,,Additional Information,,,,,,,,,,,,,,,,,,,,,,,,,,,,,,,,,,,,,,,,,,,,,,,,,,,,,,,,,,,,,,,,,,,,,,,,,,,,,,,,,,,,,,,,,,,,,,,,,,,,,,,,,,,,,,,,,,,,,,,,,,,,,,,,,,,,,,,,,,,,,39131709,,,,,,,,,,,,,,,,,,,,,,,,,,,,,,,,,,,,,,,,,,,
,,,,,,,Electrical,Boxes & Enclosures,Boxes & Covers,,54151-JR-UPC,4x4x1-1/2 Oct Box w/Brakcet,-- Unbranded --,-- No Unilog Brand --,Southwire,Southwire/g Turner (6603),Southwire/g Turner,Southwire,,54151-JR-UPC,,"Electrical>Boxes, Conduit & Fittings>Electrical Boxes & Covers","Southwire, Electrical Box, 54151-JR-UPC, Octagon Box",ELEC BOX OCT BOX,"Southwire 54151-JR-UPC Electrical Box With Brakcet, Octagon Box","Southwire Electrical Box With Brakcet, Octagon Box","Electrical Box, Octagon Box",,,,,,,,,,,,,,,,,,,,,,With Brakcet,,,,,Electrical Box,Product Type,Octagon Box,,Size,,,Number of Gangs,,,Material,,,Additional Information,,,,,,,,,,,,,,,,,,,,,,,,,,,,,,,,,,,,,,,,,,,,,,,,,,,,,,,,,,,,,,,,,,,,,,,,,,,,,,,,,,,,,,,,,,,,,,,,,,,,,,,,,,,,,,,,,,,,,,,,,,,,,,,,,,,,,,,,,,,,,39131709,,,,,,,,,,,,,,,,,,,,,,,,,,,,,,,,,,,,,,,,,,,
,,,,,,,Electrical,Boxes & Enclosures,Boxes & Covers,,54171-R-UPC,4x4x2 Oct Box,-- Unbranded --,-- No Unilog Brand --,Southwire,Southwire/g Turner (6603),Southwire/g Turner,Southwire,,54171-R-UPC,,"Electrical>Boxes, Conduit & Fittings>Electrical Boxes & Covers","Southwire, Electrical Box, 54171-R-UPC, Octagon Box",ELEC BOX OCT BOX,"Southwire 54171-R-UPC Electrical Box, Octagon Box","Southwire Electrical Box, Octagon Box","Electrical Box, Octagon Box",,,,,,,,,,,,,,,,,,,,,,,,,,,Electrical Box,Product Type,Octagon Box,,Size,,,Number of Gangs,,,Material,,,Additional Information,,,,,,,,,,,,,,,,,,,,,,,,,,,,,,,,,,,,,,,,,,,,,,,,,,,,,,,,,,,,,,,,,,,,,,,,,,,,,,,,,,,,,,,,,,,,,,,,,,,,,,,,,,,,,,,,,,,,,,,,,,,,,,,,,,,,,,,,,,,,,39131709,,,,,,,,,,,,,,,,,,,,,,,,,,,,,,,,,,,,,,,,,,,
,,,,,,,Electrical,Boxes & Enclosures,Boxes & Covers,,52151-S-UPC,4x4x1-1/2 Square Box,-- Unbranded --,-- No Unilog Brand --,Southwire,Southwire/g Turner (6603),Southwire/g Turner,Southwire,,52151-S-UPC,,"Electrical>Boxes, Conduit & Fittings>Electrical Boxes & Covers","Southwire, Electrical Box, 52151-S-UPC, Square Box",ELEC BOX SQ BOX,"Southwire 52151-S-UPC Electrical Box, Square Box","Southwire Electrical Box, Square Box","Electrical Box, Square Box",,,,,,,,,,,,,,,,,,,,,,,,,,,Electrical Box,Product Type,Square Box,,Size,,,Number of Gangs,,,Material,,,Additional Information,,,,,,,,,,,,,,,,,,,,,,,,,,,,,,,,,,,,,,,,,,,,,,,,,,,,,,,,,,,,,,,,,,,,,,,,,,,,,,,,,,,,,,,,,,,,,,,,,,,,,,,,,,,,,,,,,,,,,,,,,,,,,,,,,,,,,,,,,,,,,39131709,,,,,,,,,,,,,,,,,,,,,,,,,,,,,,,,,,,,,,,,,,,
,,,,,,,Electrical,Boxes & Enclosures,Boxes & Covers,,72171-3/4-1W-UPC,4-1/2x4-1/2x2 2G Box,-- Unbranded --,-- No Unilog Brand --,Southwire,Southwire/g Turner (6603),Southwire/g Turner,Southwire,,72171-3/4-1W-UPC,,"Electrical>Boxes, Conduit & Fittings>Electrical Boxes & Covers","Southwire, Electrical Box, 72171-3/4-1W-UPC, 2 Gang",ELEC BOX 2,"Southwire 72171-3/4-1W-UPC Electrical Box, 2-Gang","Southwire Electrical Box, 2 Gang","Electrical Box, 2-Gang",,,,,,,,,,,,,,,,,,,,,,,,,,,Electrical Box,Product Type,,,Size,,,Number of Gangs,2,,Material,,,Additional Information,,,,,,,,,,,,,,,,,,,,,,,,,,,,,,,,,,,,,,,,,,,,,,,,,,,,,,,,,,,,,,,,,,,,,,,,,,,,,,,,,,,,,,,,,,,,,,,,,,,,,,,,,,,,,,,,,,,,,,,,,,,,,,,,,,,,,,,,,,,,,39131709,,,,,,,,,,,,,,,,,,,,,,,,,,,,,,,,,,,,,,,,,,,
,,,,,,,Electrical,Wiring Devices,Receptacles & Switches,,5522-5EV,5522-5EV 2 Port Decor Plate,-- Unbranded --,-- No Unilog Brand --,-- No DIB Brand --,Cooper Wiring Devices (3560),Cooper Wiring Devices,,,5522-5EV,,Electrical>Wiring Devices>Receptacles & Switches,"Cooper Wiring Devices, Wiring Device, 5522-5EV, Wall Plate",WIRING DEVICE WLPLT,"5522-5EV Wiring Device, Wall Plate","Wiring Device, Wall Plate","Wiring Device, Wall Plate",,,,,,,,,,,,,,,,,,,,,,,,,,,Wiring Device,Device Type,Wall Plate,,Amperage Rating,,,Voltage Rating,,,Number of Gangs,,,Color,,,Additional Information,,,,,,,,,,,,,,,,,,,,,,,,,,,,,,,,,,,,,,,,,,,,,,,,,,,,,,,,,,,,,,,,,,,,,,,,,,,,,,,,,,,,,,,,,,,,,,,,,,,,,,,,,,,,,,,,,,,,,,,,,,,,,,,,,,,,,,,,,,39121004,,,,,,,,,,,,,,,,,,,,,,,,,,,,,,,,,,,,,,,,,,,
,,,,,,,Electrical,Wiring Devices,Receptacles & Switches,,AYCL-153PH-LA,AYCL-153PH-LA Lutron Dimmer LA,-- Unbranded --,-- No Unilog Brand --,-- No DIB Brand --,Fenton Bros Electric Inc (FENBR),Fenton Bros Electric Inc,Lutron,,AYCL-153PH-LA,,Electrical>Wiring Devices>Receptacles & Switches,"Fenton Bros Electric Inc Lutron, Wiring Device, AYCL-153PH-LA, Dimmer",WIRING DEVICE DIMMER LA,"Lutron AYCL-153PH-LA Wiring Device, Dimmer, Light Almond","Lutron Wiring Device, Dimmer, Light Almond","Wiring Device, Dimmer, Light Almond",,,,,,,,,,,,,,,,,,,,,,,,,,,Wiring Device,Device Type,Dimmer,,Amperage Rating,,,Voltage Rating,,,Number of Gangs,,,Color,Light Almond,,Additional Information,,,,,,,,,,,,,,,,,,,,,,,,,,,,,,,,,,,,,,,,,,,,,,,,,,,,,,,,,,,,,,,,,,,,,,,,,,,,,,,,,,,,,,,,,,,,,,,,,,,,,,,,,,,,,,,,,,,,,,,,,,,,,,,,,,,,,,,,,,39121004,,,,,,,,,,,,,,,,,,,,,,,,,,,,,,,,,,,,,,,,,,,
,,,,,,,Electrical,Wiring Devices,Receptacles & Switches,,AYCL-153PH-WH,AYCL-153PH-WH Lutron Dimmer Wh,-- Unbranded --,-- No Unilog Brand --,-- No DIB Brand --,Fenton Bros Electric Inc (FENBR),Fenton Bros Electric Inc,Lutron,,AYCL-153PH-WH,,Electrical>Wiring Devices>Receptacles & Switches,"Fenton Bros Electric Inc Lutron, Wiring Device, AYCL-153PH-WH, Dimmer, White",WIRING DEVICE DIMMER WH,"Lutron AYCL-153PH-WH Wiring Device, Dimmer, White","Lutron Wiring Device, Dimmer, White","Wiring Device, Dimmer, White",,,,,,,,,,,,,,,,,,,,,,,,,,,Wiring Device,Device Type,Dimmer,,Amperage Rating,,,Voltage Rating,,,Number of Gangs,,,Color,White,,Additional Information,,,,,,,,,,,,,,,,,,,,,,,,,,,,,,,,,,,,,,,,,,,,,,,,,,,,,,,,,,,,,,,,,,,,,,,,,,,,,,,,,,,,,,,,,,,,,,,,,,,,,,,,,,,,,,,,,,,,,,,,,,,,,,,,,,,,,,,,,,39121004,,,,,,,,,,,,,,,,,,,,,,,,,,,,,,,,,,,,,,,,,,,
,,,,,,,Electrical,Wiring Devices,Receptacles & Switches,,D23LP-R02-1RW,D23LPR021RW Plug In Dimmer Wh,-- Unbranded --,-- No Unilog Brand --,Leviton,Leviton Mfg Co (4927),Leviton Mfg Co,Leviton,,D23LP-R02-1RW,,Electrical>Wiring Devices>Receptacles & Switches,"Leviton, Wiring Device, D23LP-R02-1RW, Dimmer, White",WIRING DEVICE DIMMER WH,"Leviton D23LP-R02-1RW Wiring Device, Dimmer, White","Leviton Wiring Device, Dimmer, White","Wiring Device, Dimmer, White",,,,,,,,,,,,,,,,,,,,,,,,,,,Wiring Device,Device Type,Dimmer,,Amperage Rating,,,Voltage Rating,,,Number of Gangs,,,Color,White,,Additional Information,,,,,,,,,,,,,,,,,,,,,,,,,,,,,,,,,,,,,,,,,,,,,,,,,,,,,,,,,,,,,,,,,,,,,,,,,,,,,,,,,,,,,,,,,,,,,,,,,,,,,,,,,,,,,,,,,,,,,,,,,,,,,,,,,,,,,,,,,,39121004,,,,,,,,,,,,,,,,,,,,,,,,,,,,,,,,,,,,,,,,,,,
,,,,,,,Electrical,Wiring Devices,Receptacles & Switches,,TNOCD002,TNOCD002 125V Outdooor Timer,-- Unbranded --,-- No Unilog Brand --,Prime,Prime Wire & Cable (3562),Prime Wire & Cable,Prime,,TNOCD002,,Electrical>Wiring Devices>Receptacles & Switches,"Prime, Wiring Device, TNOCD002",WIRING DEVICE 125V,Prime TNOCD002 Wiring Device,"Prime Wiring Device, 125 V",Wiring Device,,,,,,,,,,,,,,,,,,,,,,,,,,,Wiring Device,Device Type,,,Amperage Rating,,,Voltage Rating,125,V,Number of Gangs,,,Color,,,Additional Information,,,,,,,,,,,,,,,,,,,,,,,,,,,,,,,,,,,,,,,,,,,,,,,,,,,,,,,,,,,,,,,,,,,,,,,,,,,,,,,,,,,,,,,,,,,,,,,,,,,,,,,,,,,,,,,,,,,,,,,,,,,,,,,,,,,,,,,,,,39121004,,,,,,,,,,,,,,,,,,,,,,,,,,,,,,,,,,,,,,,,,,,
,,,,,,,Electrical,Wiring Devices,Receptacles & Switches,,TNDHD002,TNDHD002 125V 7Day Timer,-- Unbranded --,-- No Unilog Brand --,Prime,Prime Wire & Cable (3562),Prime Wire & Cable,Prime,,TNDHD002,,Electrical>Wiring Devices>Receptacles & Switches,"Prime, Wiring Device, TNDHD002",WIRING DEVICE 125V,Prime TNDHD002 Wiring Device,"Prime Wiring Device, 125 V",Wiring Device,,,,,,,,,,,,,,,,,,,,,,,,,,,Wiring Device,Device Type,,,Amperage Rating,,,Voltage Rating,125,V,Number of Gangs,,,Color,,,Additional Information,,,,,,,,,,,,,,,,,,,,,,,,,,,,,,,,,,,,,,,,,,,,,,,,,,,,,,,,,,,,,,,,,,,,,,,,,,,,,,,,,,,,,,,,,,,,,,,,,,,,,,,,,,,,,,,,,,,,,,,,,,,,,,,,,,,,,,,,,,39121004,,,,,,,,,,,,,,,,,,,,,,,,,,,,,,,,,,,,,,,,,,,
,,,,,,,Electrical,Wiring Devices,Receptacles & Switches,,TNIDP12,TNIDP12 125V Dig Indoor Timer,-- Unbranded --,-- No Unilog Brand --,Prime,Prime Wire & Cable (3562),Prime Wire & Cable,Prime,,TNIDP12,,Electrical>Wiring Devices>Receptacles & Switches,"Prime, Wiring Device, TNIDP12",WIRING DEVICE 125V,Prime TNIDP12 Wiring Device,"Prime Wiring Device, 125 V",Wiring Device,,,,,,,,,,,,,,,,,,,,,,,,,,,Wiring Device,Device Type,,,Amperage Rating,,,Voltage Rating,125,V,Number of Gangs,,,Color,,,Additional Information,,,,,,,,,,,,,,,,,,,,,,,,,,,,,,,,,,,,,,,,,,,,,,,,,,,,,,,,,,,,,,,,,,,,,,,,,,,,,,,,,,,,,,,,,,,,,,,,,,,,,,,,,,,,,,,,,,,,,,,,,,,,,,,,,,,,,,,,,,39121004,,,,,,,,,,,,,,,,,,,,,,,,,,,,,,,,,,,,,,,,,,,
,,,,,,,Electrical,Wiring Devices,Receptacles & Switches,,TNIW24,TNIW24 125V 24hr Mech Timer,-- Unbranded --,-- No Unilog Brand --,Prime,Prime Wire & Cable (3562),Prime Wire & Cable,Prime,,TNIW24,,Electrical>Wiring Devices>Receptacles & Switches,"Prime, Wiring Device, TNIW24",WIRING DEVICE 125V,Prime TNIW24 Wiring Device,"Prime Wiring Device, 125 V",Wiring Device,,,,,,,,,,,,,,,,,,,,,,,,,,,Wiring Device,Device Type,,,Amperage Rating,,,Voltage Rating,125,V,Number of Gangs,,,Color,,,Additional Information,,,,,,,,,,,,,,,,,,,,,,,,,,,,,,,,,,,,,,,,,,,,,,,,,,,,,,,,,,,,,,,,,,,,,,,,,,,,,,,,,,,,,,,,,,,,,,,,,,,,,,,,,,,,,,,,,,,,,,,,,,,,,,,,,,,,,,,,,,39121004,,,,,,,,,,,,,,,,,,,,,,,,,,,,,,,,,,,,,,,,,,,
,,,,,,,Electrical,Lighting,Light Bulbs,,65-1222,65-1222 1' Led Lt Multi CCT,-- Unbranded --,-- No Unilog Brand --,-- No DIB Brand --,Satco Prod Inc (5573),Satco Prod Inc,Satco,,65-1222,,Electrical>Lamps & Light Bulbs>Light Bulbs,"Satco, Lamp, 65-1222",LAMP,Satco 65-1222 Lamp,"Satco Lamp, LED",Lamp,,,,,,,,,,,,,,,,,,,,,,,,,,,Lamp,Lamp Type,LED,,Wattage Equivalent,,,Bulb Shape,,,Base Type,,,Color Temperature,,,Quantity per Package,,,Dimmable,,,Additional Information,,,,,,,,,,,,,,,,,,,,,,,,,,,,,,,,,,,,,,,,,,,,,,,,,,,,,,,,,,,,,,,,,,,,,,,,,,,,,,,,,,,,,,,,,,,,,,,,,,,,,,,,,,,,,,,,,,,,,,,,,,,,,,,,,,,,39101619,,,,,,,,,,,,,,,,,,,,,,,,,,,,,,,,,,,,,,,,,,,
,,,,,,,Electrical,Lighting,Light Fixtures,,65-1224,65-1224 4' Led Strip Light,-- Unbranded --,-- No Unilog Brand --,Satco,Satco Prod Inc (5573),Satco Prod Inc,Satco,,65-1224,,Electrical>Lighting Fixtures>Interior Lighting Fixtures,"Satco, Light Fixture, 65-1224, Strip",FIXTURE STRIP,"Satco 65-1224 Light Fixture, Strip","Satco Light Fixture, Strip","Light Fixture, Strip",,,,,,,,,,,,,,,,,,,,,,,,,,,Light Fixture,Fixture Type,Strip,,Mounting Type,,,Size,,,Finish,,,Color Temperature,,,Voltage Rating,,,Number of Lights,,,Additional Information,,,,,,,,,,,,,,,,,,,,,,,,,,,,,,,,,,,,,,,,,,,,,,,,,,,,,,,,,,,,,,,,,,,,,,,,,,,,,,,,,,,,,,,,,,,,,,,,,,,,,,,,,,,,,,,,,,,,,,,,,,,,,,,,,,,,39111524,,,,,,,,,,,,,,,,,,,,,,,,,,,,,,,,,,,,,,,,,,,
,,,,,,,Electrical,Lighting,Light Fixtures,,45297BK,45297BK Kichler Wall Lt,-- Unbranded --,-- No Unilog Brand --,-- No DIB Brand --,Kichler Lighting (KICLI),Kichler Lighting,Kichler,,45297BK,,Electrical>Lighting Fixtures>Interior Lighting Fixtures,"Kichler, Light Fixture, 45297BK, Wall Sconce",FIXTURE SCONCE,"Kichler 45297BK Light Fixture, Wall Sconce","Kichler Light Fixture, Wall Sconce","Light Fixture, Wall Sconce",,,,,,,,,,,,,,,,,,,,,,,,,,,Light Fixture,Fixture Type,Wall Sconce,,Mounting Type,,,Size,,,Finish,,,Color Temperature,,,Voltage Rating,,,Number of Lights,,,Additional Information,,,,,,,,,,,,,,,,,,,,,,,,,,,,,,,,,,,,,,,,,,,,,,,,,,,,,,,,,,,,,,,,,,,,,,,,,,,,,,,,,,,,,,,,,,,,,,,,,,,,,,,,,,,,,,,,,,,,,,,,,,,,,,,,,,,,39111524,,,,,,,,,,,,,,,,,,,,,,,,,,,,,,,,,,,,,,,,,,,
,,,,,,,Electrical,Lighting,Light Fixtures,,45573BK,45573BK Kichler Wall Light,-- Unbranded --,-- No Unilog Brand --,-- No DIB Brand --,Kichler Lighting (KICLI),Kichler Lighting,Kichler,,45573BK,,Electrical>Lighting Fixtures>Interior Lighting Fixtures,"Kichler, Light Fixture, 45573BK, Wall Sconce",FIXTURE SCONCE,"Kichler 45573BK Light Fixture, Wall Sconce","Kichler Light Fixture, Wall Sconce","Light Fixture, Wall Sconce",,,,,,,,,,,,,,,,,,,,,,,,,,,Light Fixture,Fixture Type,Wall Sconce,,Mounting Type,,,Size,,,Finish,,,Color Temperature,,,Voltage Rating,,,Number of Lights,,,Additional Information,,,,,,,,,,,,,,,,,,,,,,,,,,,,,,,,,,,,,,,,,,,,,,,,,,,,,,,,,,,,,,,,,,,,,,,,,,,,,,,,,,,,,,,,,,,,,,,,,,,,,,,,,,,,,,,,,,,,,,,,,,,,,,,,,,,,39111524,,,,,,,,,,,,,,,,,,,,,,,,,,,,,,,,,,,,,,,,,,,
,,,,,,,Electrical,Lighting,Light Fixtures,,37418A,37418A Kichler Bath Light,-- Unbranded --,-- No Unilog Brand --,-- No DIB Brand --,Kichler Lighting (KICLI),Kichler Lighting,Kichler,,37418A,,Electrical>Lighting Fixtures>Interior Lighting Fixtures,"Kichler, Light Fixture, 37418A, Vanity",FIXTURE VANITY,"Kichler 37418A Light Fixture, Vanity","Kichler Light Fixture, Vanity","Light Fixture, Vanity",,,,,,,,,,,,,,,,,,,,,,,,,,,Light Fixture,Fixture Type,Vanity,,Mounting Type,,,Size,,,Finish,,,Color Temperature,,,Voltage Rating,,,Number of Lights,,,Additional Information,,,,,,,,,,,,,,,,,,,,,,,,,,,,,,,,,,,,,,,,,,,,,,,,,,,,,,,,,,,,,,,,,,,,,,,,,,,,,,,,,,,,,,,,,,,,,,,,,,,,,,,,,,,,,,,,,,,,,,,,,,,,,,,,,,,,39111524,,,,,,,,,,,,,,,,,,,,,,,,,,,,,,,,,,,,,,,,,,,
,,,,,,,Electrical,Lighting,Light Fixtures,,37423A,37423A Kichler Bath Light,-- Unbranded --,-- No Unilog Brand --,-- No DIB Brand --,Kichler Lighting (KICLI),Kichler Lighting,Kichler,,37423A,,Electrical>Lighting Fixtures>Interior Lighting Fixtures,"Kichler, Light Fixture, 37423A, Vanity",FIXTURE VANITY,"Kichler 37423A Light Fixture, Vanity","Kichler Light Fixture, Vanity","Light Fixture, Vanity",,,,,,,,,,,,,,,,,,,,,,,,,,,Light Fixture,Fixture Type,Vanity,,Mounting Type,,,Size,,,Finish,,,Color Temperature,,,Voltage Rating,,,Number of Lights,,,Additional Information,,,,,,,,,,,,,,,,,,,,,,,,,,,,,,,,,,,,,,,,,,,,,,,,,,,,,,,,,,,,,,,,,,,,,,,,,,,,,,,,,,,,,,,,,,,,,,,,,,,,,,,,,,,,,,,,,,,,,,,,,,,,,,,,,,,,39111524,,,,,,,,,,,,,,,,,,,,,,,,,,,,,,,,,,,,,,,,,,,
,,,,,,,Electrical,Lighting,Light Fixtures,,45496BKCLR,45496BKCLR Kichler Bath Light,-- Unbranded --,-- No Unilog Brand --,-- No DIB Brand --,Kichler Lighting (KICLI),Kichler Lighting,Kichler,,45496BKCLR,,Electrical>Lighting Fixtures>Interior Lighting Fixtures,"Kichler, Light Fixture, 45496BKCLR, Vanity",FIXTURE VANITY,"Kichler 45496BKCLR Light Fixture, Vanity","Kichler Light Fixture, Vanity","Light Fixture, Vanity",,,,,,,,,,,,,,,,,,,,,,,,,,,Light Fixture,Fixture Type,Vanity,,Mounting Type,,,Size,,,Finish,,,Color Temperature,,,Voltage Rating,,,Number of Lights,,,Additional Information,,,,,,,,,,,,,,,,,,,,,,,,,,,,,,,,,,,,,,,,,,,,,,,,,,,,,,,,,,,,,,,,,,,,,,,,,,,,,,,,,,,,,,,,,,,,,,,,,,,,,,,,,,,,,,,,,,,,,,,,,,,,,,,,,,,,39111524,,,,,,,,,,,,,,,,,,,,,,,,,,,,,,,,,,,,,,,,,,,
,,,,,,,Electrical,Lighting,Light Fixtures,,45973BK,45973BK Kichler Wall Light,-- Unbranded --,-- No Unilog Brand --,-- No DIB Brand --,Kichler Lighting (KICLI),Kichler Lighting,Kichler,,45973BK,,Electrical>Lighting Fixtures>Interior Lighting Fixtures,"Kichler, Light Fixture, 45973BK, Wall Sconce",FIXTURE SCONCE,"Kichler 45973BK Light Fixture, Wall Sconce","Kichler Light Fixture, Wall Sconce","Light Fixture, Wall Sconce",,,,,,,,,,,,,,,,,,,,,,,,,,,Light Fixture,Fixture Type,Wall Sconce,,Mounting Type,,,Size,,,Finish,,,Color Temperature,,,Voltage Rating,,,Number of Lights,,,Additional Information,,,,,,,,,,,,,,,,,,,,,,,,,,,,,,,,,,,,,,,,,,,,,,,,,,,,,,,,,,,,,,,,,,,,,,,,,,,,,,,,,,,,,,,,,,,,,,,,,,,,,,,,,,,,,,,,,,,,,,,,,,,,,,,,,,,,39111524,,,,,,,,,,,,,,,,,,,,,,,,,,,,,,,,,,,,,,,,,,,
,,,,,,,Electrical,Lighting,Light Fixtures,,55155BK,55155BK Kichler Wall Lt,-- Unbranded --,-- No Unilog Brand --,-- No DIB Brand --,Kichler Lighting (KICLI),Kichler Lighting,Kichler,,55155BK,,Electrical>Lighting Fixtures>Interior Lighting Fixtures,"Kichler, Light Fixture, 55155BK, Wall Sconce",FIXTURE SCONCE,"Kichler 55155BK Light Fixture, Wall Sconce","Kichler Light Fixture, Wall Sconce","Light Fixture, Wall Sconce",,,,,,,,,,,,,,,,,,,,,,,,,,,Light Fixture,Fixture Type,Wall Sconce,,Mounting Type,,,Size,,,Finish,,,Color Temperature,,,Voltage Rating,,,Number of Lights,,,Additional Information,,,,,,,,,,,,,,,,,,,,,,,,,,,,,,,,,,,,,,,,,,,,,,,,,,,,,,,,,,,,,,,,,,,,,,,,,,,,,,,,,,,,,,,,,,,,,,,,,,,,,,,,,,,,,,,,,,,,,,,,,,,,,,,,,,,,39111524,,,,,,,,,,,,,,,,,,,,,,,,,,,,,,,,,,,,,,,,,,,
,,,,,,,Electrical,Lighting,Light Fixtures,,55157CPZ,55157CPZ Kichler Wall Light,-- Unbranded --,-- No Unilog Brand --,-- No DIB Brand --,Kichler Lighting (KICLI),Kichler Lighting,Kichler,,55157CPZ,,Electrical>Lighting Fixtures>Interior Lighting Fixtures,"Kichler, Light Fixture, 55157CPZ, Wall Sconce",FIXTURE SCONCE,"Kichler 55157CPZ Light Fixture, Wall Sconce","Kichler Light Fixture, Wall Sconce","Light Fixture, Wall Sconce",,,,,,,,,,,,,,,,,,,,,,,,,,,Light Fixture,Fixture Type,Wall Sconce,,Mounting Type,,,Size,,,Finish,,,Color Temperature,,,Voltage Rating,,,Number of Lights,,,Additional Information,,,,,,,,,,,,,,,,,,,,,,,,,,,,,,,,,,,,,,,,,,,,,,,,,,,,,,,,,,,,,,,,,,,,,,,,,,,,,,,,,,,,,,,,,,,,,,,,,,,,,,,,,,,,,,,,,,,,,,,,,,,,,,,,,,,,39111524,,,,,,,,,,,,,,,,,,,,,,,,,,,,,,,,,,,,,,,,,,,
,,,,,,,Electrical,Lighting,Light Fixtures,,55184BK,55184BK Kichler Wall Lt,-- Unbranded --,-- No Unilog Brand --,-- No DIB Brand --,Kichler Lighting (KICLI),Kichler Lighting,Kichler,,55184BK,,Electrical>Lighting Fixtures>Interior Lighting Fixtures,"Kichler, Light Fixture, 55184BK, Wall Sconce",FIXTURE SCONCE,"Kichler 55184BK Light Fixture, Wall Sconce","Kichler Light Fixture, Wall Sconce","Light Fixture, Wall Sconce",,,,,,,,,,,,,,,,,,,,,,,,,,,Light Fixture,Fixture Type,Wall Sconce,,Mounting Type,,,Size,,,Finish,,,Color Temperature,,,Voltage Rating,,,Number of Lights,,,Additional Information,,,,,,,,,,,,,,,,,,,,,,,,,,,,,,,,,,,,,,,,,,,,,,,,,,,,,,,,,,,,,,,,,,,,,,,,,,,,,,,,,,,,,,,,,,,,,,,,,,,,,,,,,,,,,,,,,,,,,,,,,,,,,,,,,,,,39111524,,,,,,,,,,,,,,,,,,,,,,,,,,,,,,,,,,,,,,,,,,,
,,,,,,,Electrical,Lighting,Light Fixtures,,55185BK,55185BK Kichler Wall Lt,-- Unbranded --,-- No Unilog Brand --,-- No DIB Brand --,Kichler Lighting (KICLI),Kichler Lighting,Kichler,,55185BK,,Electrical>Lighting Fixtures>Interior Lighting Fixtures,"Kichler, Light Fixture, 55185BK, Wall Sconce",FIXTURE SCONCE,"Kichler 55185BK Light Fixture, Wall Sconce","Kichler Light Fixture, Wall Sconce","Light Fixture, Wall Sconce",,,,,,,,,,,,,,,,,,,,,,,,,,,Light Fixture,Fixture Type,Wall Sconce,,Mounting Type,,,Size,,,Finish,,,Color Temperature,,,Voltage Rating,,,Number of Lights,,,Additional Information,,,,,,,,,,,,,,,,,,,,,,,,,,,,,,,,,,,,,,,,,,,,,,,,,,,,,,,,,,,,,,,,,,,,,,,,,,,,,,,,,,,,,,,,,,,,,,,,,,,,,,,,,,,,,,,,,,,,,,,,,,,,,,,,,,,,39111524,,,,,,,,,,,,,,,,,,,,,,,,,,,,,,,,,,,,,,,,,,,
,,,,,,,Electrical,Lighting,Light Fixtures,,55186CH,55186CH Kichler Wall Lt,-- Unbranded --,-- No Unilog Brand --,-- No DIB Brand --,Kichler Lighting (KICLI),Kichler Lighting,Kichler,,55186CH,,Electrical>Lighting Fixtures>Interior Lighting Fixtures,"Kichler, Light Fixture, 55186CH, Wall Sconce",FIXTURE SCONCE,"Kichler 55186CH Light Fixture, Wall Sconce","Kichler Light Fixture, Wall Sconce","Light Fixture, Wall Sconce",,,,,,,,,,,,,,,,,,,,,,,,,,,Light Fixture,Fixture Type,Wall Sconce,,Mounting Type,,,Size,,,Finish,,,Color Temperature,,,Voltage Rating,,,Number of Lights,,,Additional Information,,,,,,,,,,,,,,,,,,,,,,,,,,,,,,,,,,,,,,,,,,,,,,,,,,,,,,,,,,,,,,,,,,,,,,,,,,,,,,,,,,,,,,,,,,,,,,,,,,,,,,,,,,,,,,,,,,,,,,,,,,,,,,,,,,,,39111524,,,,,,,,,,,,,,,,,,,,,,,,,,,,,,,,,,,,,,,,,,,
,,,,,,,Electrical,Lighting,Light Fixtures,,55210NI,55210NI Kichler Wall Light,-- Unbranded --,-- No Unilog Brand --,-- No DIB Brand --,Kichler Lighting (KICLI),Kichler Lighting,Kichler,,55210NI,,Electrical>Lighting Fixtures>Interior Lighting Fixtures,"Kichler, Light Fixture, 55210NI, Wall Sconce",FIXTURE SCONCE,"Kichler 55210NI Light Fixture, Wall Sconce","Kichler Light Fixture, Wall Sconce","Light Fixture, Wall Sconce",,,,,,,,,,,,,,,,,,,,,,,,,,,Light Fixture,Fixture Type,Wall Sconce,,Mounting Type,,,Size,,,Finish,,,Color Temperature,,,Voltage Rating,,,Number of Lights,,,Additional Information,,,,,,,,,,,,,,,,,,,,,,,,,,,,,,,,,,,,,,,,,,,,,,,,,,,,,,,,,,,,,,,,,,,,,,,,,,,,,,,,,,,,,,,,,,,,,,,,,,,,,,,,,,,,,,,,,,,,,,,,,,,,,,,,,,,,39111524,,,,,,,,,,,,,,,,,,,,,,,,,,,,,,,,,,,,,,,,,,,
,,,,,,,Electrical,Lighting,Light Fixtures,,55211BK,55211BK Kichler Wall Light,-- Unbranded --,-- No Unilog Brand --,-- No DIB Brand --,Kichler Lighting (KICLI),Kichler Lighting,Kichler,,55211BK,,Electrical>Lighting Fixtures>Interior Lighting Fixtures,"Kichler, Light Fixture, 55211BK, Wall Sconce",FIXTURE SCONCE,"Kichler 55211BK Light Fixture, Wall Sconce","Kichler Light Fixture, Wall Sconce","Light Fixture, Wall Sconce",,,,,,,,,,,,,,,,,,,,,,,,,,,Light Fixture,Fixture Type,Wall Sconce,,Mounting Type,,,Size,,,Finish,,,Color Temperature,,,Voltage Rating,,,Number of Lights,,,Additional Information,,,,,,,,,,,,,,,,,,,,,,,,,,,,,,,,,,,,,,,,,,,,,,,,,,,,,,,,,,,,,,,,,,,,,,,,,,,,,,,,,,,,,,,,,,,,,,,,,,,,,,,,,,,,,,,,,,,,,,,,,,,,,,,,,,,,39111524,,,,,,,,,,,,,,,,,,,,,,,,,,,,,,,,,,,,,,,,,,,
,,,,,,,Electrical,Lighting,Light Fixtures,,55211NI,55211NI Kichler Wall Light,-- Unbranded --,-- No Unilog Brand --,-- No DIB Brand --,Kichler Lighting (KICLI),Kichler Lighting,Kichler,,55211NI,,Electrical>Lighting Fixtures>Interior Lighting Fixtures,"Kichler, Light Fixture, 55211NI, Wall Sconce",FIXTURE SCONCE,"Kichler 55211NI Light Fixture, Wall Sconce","Kichler Light Fixture, Wall Sconce","Light Fixture, Wall Sconce",,,,,,,,,,,,,,,,,,,,,,,,,,,Light Fixture,Fixture Type,Wall Sconce,,Mounting Type,,,Size,,,Finish,,,Color Temperature,,,Voltage Rating,,,Number of Lights,,,Additional Information,,,,,,,,,,,,,,,,,,,,,,,,,,,,,,,,,,,,,,,,,,,,,,,,,,,,,,,,,,,,,,,,,,,,,,,,,,,,,,,,,,,,,,,,,,,,,,,,,,,,,,,,,,,,,,,,,,,,,,,,,,,,,,,,,,,,39111524,,,,,,,,,,,,,,,,,,,,,,,,,,,,,,,,,,,,,,,,,,,
,,,,,,,Electrical,Lighting,Light Fixtures,,55212NI,55212NI Kichler Wall Light,-- Unbranded --,-- No Unilog Brand --,-- No DIB Brand --,Kichler Lighting (KICLI),Kichler Lighting,Kichler,,55212NI,,Electrical>Lighting Fixtures>Interior Lighting Fixtures,"Kichler, Light Fixture, 55212NI, Wall Sconce",FIXTURE SCONCE,"Kichler 55212NI Light Fixture, Wall Sconce","Kichler Light Fixture, Wall Sconce","Light Fixture, Wall Sconce",,,,,,,,,,,,,,,,,,,,,,,,,,,Light Fixture,Fixture Type,Wall Sconce,,Mounting Type,,,Size,,,Finish,,,Color Temperature,,,Voltage Rating,,,Number of Lights,,,Additional Information,,,,,,,,,,,,,,,,,,,,,,,,,,,,,,,,,,,,,,,,,,,,,,,,,,,,,,,,,,,,,,,,,,,,,,,,,,,,,,,,,,,,,,,,,,,,,,,,,,,,,,,,,,,,,,,,,,,,,,,,,,,,,,,,,,,,39111524,,,,,,,,,,,,,,,,,,,,,,,,,,,,,,,,,,,,,,,,,,,
,,,,,,,Electrical,Lighting,Light Fixtures,,55226BKLFU,55226BKFLU Kichler Wall Lt,-- Unbranded --,-- No Unilog Brand --,-- No DIB Brand --,Kichler Lighting (KICLI),Kichler Lighting,Kichler,,55226BKLFU,,Electrical>Lighting Fixtures>Interior Lighting Fixtures,"Kichler, Light Fixture, 55226BKLFU, Wall Sconce",FIXTURE SCONCE,"Kichler 55226BKLFU Light Fixture, Wall Sconce","Kichler Light Fixture, Wall Sconce","Light Fixture, Wall Sconce",,,,,,,,,,,,,,,,,,,,,,,,,,,Light Fixture,Fixture Type,Wall Sconce,,Mounting Type,,,Size,,,Finish,,,Color Temperature,,,Voltage Rating,,,Number of Lights,,,Additional Information,,,,,,,,,,,,,,,,,,,,,,,,,,,,,,,,,,,,,,,,,,,,,,,,,,,,,,,,,,,,,,,,,,,,,,,,,,,,,,,,,,,,,,,,,,,,,,,,,,,,,,,,,,,,,,,,,,,,,,,,,,,,,,,,,,,,39111524,,,,,,,,,,,,,,,,,,,,,,,,,,,,,,,,,,,,,,,,,,,
,,,,,,,Electrical,Lighting,Light Fixtures,,55239CPZLED,55239CPZLED Kichler Wall Lt,-- Unbranded --,-- No Unilog Brand --,-- No DIB Brand --,Kichler Lighting (KICLI),Kichler Lighting,Kichler,,55239CPZLED,,Electrical>Lighting Fixtures>Interior Lighting Fixtures,"Kichler, Light Fixture, 55239CPZLED, Wall Sconce",FIXTURE SCONCE,"Kichler 55239CPZLED Light Fixture, Wall Sconce","Kichler Light Fixture, Wall Sconce","Light Fixture, Wall Sconce",,,,,,,,,,,,,,,,,,,,,,,,,,,Light Fixture,Fixture Type,Wall Sconce,,Mounting Type,,,Size,,,Finish,,,Color Temperature,,,Voltage Rating,,,Number of Lights,,,Additional Information,,,,,,,,,,,,,,,,,,,,,,,,,,,,,,,,,,,,,,,,,,,,,,,,,,,,,,,,,,,,,,,,,,,,,,,,,,,,,,,,,,,,,,,,,,,,,,,,,,,,,,,,,,,,,,,,,,,,,,,,,,,,,,,,,,,,39111524,,,,,,,,,,,,,,,,,,,,,,,,,,,,,,,,,,,,,,,,,,,
,,,,,,,Electrical,Lighting,Light Fixtures,,44072DBK,44072DBK Kichler Chandelier Lt,-- Unbranded --,-- No Unilog Brand --,-- No DIB Brand --,Kichler Lighting (KICLI),Kichler Lighting,Kichler,,44072DBK,,Electrical>Lighting Fixtures>Interior Lighting Fixtures,"Kichler, Light Fixture, 44072DBK, Chandelier",FIXTURE CHAND,"Kichler 44072DBK Light Fixture, Chandelier","Kichler Light Fixture, Chandelier","Light Fixture, Chandelier",,,,,,,,,,,,,,,,,,,,,,,,,,,Light Fixture,Fixture Type,Chandelier,,Mounting Type,,,Size,,,Finish,,,Color Temperature,,,Voltage Rating,,,Number of Lights,,,Additional Information,,,,,,,,,,,,,,,,,,,,,,,,,,,,,,,,,,,,,,,,,,,,,,,,,,,,,,,,,,,,,,,,,,,,,,,,,,,,,,,,,,,,,,,,,,,,,,,,,,,,,,,,,,,,,,,,,,,,,,,,,,,,,,,,,,,,39111524,,,,,,,,,,,,,,,,,,,,,,,,,,,,,,,,,,,,,,,,,,,
,,,,,,,Electrical,Lighting,Light Fixtures,,44073NI,44073NI Kichler Chandelier Lt,-- Unbranded --,-- No Unilog Brand --,-- No DIB Brand --,Kichler Lighting (KICLI),Kichler Lighting,Kichler,,44073NI,,Electrical>Lighting Fixtures>Interior Lighting Fixtures,"Kichler, Light Fixture, 44073NI, Chandelier",FIXTURE CHAND,"Kichler 44073NI Light Fixture, Chandelier","Kichler Light Fixture, Chandelier","Light Fixture, Chandelier",,,,,,,,,,,,,,,,,,,,,,,,,,,Light Fixture,Fixture Type,Chandelier,,Mounting Type,,,Size,,,Finish,,,Color Temperature,,,Voltage Rating,,,Number of Lights,,,Additional Information,,,,,,,,,,,,,,,,,,,,,,,,,,,,,,,,,,,,,,,,,,,,,,,,,,,,,,,,,,,,,,,,,,,,,,,,,,,,,,,,,,,,,,,,,,,,,,,,,,,,,,,,,,,,,,,,,,,,,,,,,,,,,,,,,,,,39111524,,,,,,,,,,,,,,,,,,,,,,,,,,,,,,,,,,,,,,,,,,,
,,,,,,,Electrical,Lighting,Light Fixtures,,52033BK,52033BK Kichler Chandelier Lt,-- Unbranded --,-- No Unilog Brand --,-- No DIB Brand --,Kichler Lighting (KICLI),Kichler Lighting,Kichler,,52033BK,,Electrical>Lighting Fixtures>Interior Lighting Fixtures,"Kichler, Light Fixture, 52033BK, Chandelier",FIXTURE CHAND,"Kichler 52033BK Light Fixture, Chandelier","Kichler Light Fixture, Chandelier","Light Fixture, Chandelier",,,,,,,,,,,,,,,,,,,,,,,,,,,Light Fixture,Fixture Type,Chandelier,,Mounting Type,,,Size,,,Finish,,,Color Temperature,,,Voltage Rating,,,Number of Lights,,,Additional Information,,,,,,,,,,,,,,,,,,,,,,,,,,,,,,,,,,,,,,,,,,,,,,,,,,,,,,,,,,,,,,,,,,,,,,,,,,,,,,,,,,,,,,,,,,,,,,,,,,,,,,,,,,,,,,,,,,,,,,,,,,,,,,,,,,,,39111524,,,,,,,,,,,,,,,,,,,,,,,,,,,,,,,,,,,,,,,,,,,
,,,,,,,Electrical,Lighting,Light Fixtures,,84322WH,84322WH Kichler Chandelier Lt,-- Unbranded --,-- No Unilog Brand --,-- No DIB Brand --,Kichler Lighting (KICLI),Kichler Lighting,Kichler,,84322WH,,Electrical>Lighting Fixtures>Interior Lighting Fixtures,"Kichler, Light Fixture, 84322WH, Chandelier",FIXTURE CHAND,"Kichler 84322WH Light Fixture, Chandelier","Kichler Light Fixture, Chandelier","Light Fixture, Chandelier",,,,,,,,,,,,,,,,,,,,,,,,,,,Light Fixture,Fixture Type,Chandelier,,Mounting Type,,,Size,,,Finish,,,Color Temperature,,,Voltage Rating,,,Number of Lights,,,Additional Information,,,,,,,,,,,,,,,,,,,,,,,,,,,,,,,,,,,,,,,,,,,,,,,,,,,,,,,,,,,,,,,,,,,,,,,,,,,,,,,,,,,,,,,,,,,,,,,,,,,,,,,,,,,,,,,,,,,,,,,,,,,,,,,,,,,,39111524,,,,,,,,,,,,,,,,,,,,,,,,,,,,,,,,,,,,,,,,,,,
,,,,,,,Electrical,Lighting,Light Fixtures,,52404BK,52404BK Kichler Chandelier Lt,-- Unbranded --,-- No Unilog Brand --,-- No DIB Brand --,Kichler Lighting (KICLI),Kichler Lighting,Kichler,,52404BK,,Electrical>Lighting Fixtures>Interior Lighting Fixtures,"Kichler, Light Fixture, 52404BK, Chandelier",FIXTURE CHAND,"Kichler 52404BK Light Fixture, Chandelier","Kichler Light Fixture, Chandelier","Light Fixture, Chandelier",,,,,,,,,,,,,,,,,,,,,,,,,,,Light Fixture,Fixture Type,Chandelier,,Mounting Type,,,Size,,,Finish,,,Color Temperature,,,Voltage Rating,,,Number of Lights,,,Additional Information,,,,,,,,,,,,,,,,,,,,,,,,,,,,,,,,,,,,,,,,,,,,,,,,,,,,,,,,,,,,,,,,,,,,,,,,,,,,,,,,,,,,,,,,,,,,,,,,,,,,,,,,,,,,,,,,,,,,,,,,,,,,,,,,,,,,39111524,,,,,,,,,,,,,,,,,,,,,,,,,,,,,,,,,,,,,,,,,,,
,,,,,,,Electrical,Lighting,Light Fixtures,,34686A,34686A Kichler Chandelier Lt,-- Unbranded --,-- No Unilog Brand --,-- No DIB Brand --,Kichler Lighting (KICLI),Kichler Lighting,Kichler,,34686A,,Electrical>Lighting Fixtures>Interior Lighting Fixtures,"Kichler, Light Fixture, 34686A, Chandelier",FIXTURE CHAND,"Kichler 34686A Light Fixture, Chandelier","Kichler Light Fixture, Chandelier","Light Fixture, Chandelier",,,,,,,,,,,,,,,,,,,,,,,,,,,Light Fixture,Fixture Type,Chandelier,,Mounting Type,,,Size,,,Finish,,,Color Temperature,,,Voltage Rating,,,Number of Lights,,,Additional Information,,,,,,,,,,,,,,,,,,,,,,,,,,,,,,,,,,,,,,,,,,,,,,,,,,,,,,,,,,,,,,,,,,,,,,,,,,,,,,,,,,,,,,,,,,,,,,,,,,,,,,,,,,,,,,,,,,,,,,,,,,,,,,,,,,,,39111524,,,,,,,,,,,,,,,,,,,,,,,,,,,,,,,,,,,,,,,,,,,
,,,,,,,Electrical,Lighting,Light Fixtures,,34687A,34687A Kichler Chandelier Lt,-- Unbranded --,-- No Unilog Brand --,-- No DIB Brand --,Kichler Lighting (KICLI),Kichler Lighting,Kichler,,34687A,,Electrical>Lighting Fixtures>Interior Lighting Fixtures,"Kichler, Light Fixture, 34687A, Chandelier",FIXTURE CHAND,"Kichler 34687A Light Fixture, Chandelier","Kichler Light Fixture, Chandelier","Light Fixture, Chandelier",,,,,,,,,,,,,,,,,,,,,,,,,,,Light Fixture,Fixture Type,Chandelier,,Mounting Type,,,Size,,,Finish,,,Color Temperature,,,Voltage Rating,,,Number of Lights,,,Additional Information,,,,,,,,,,,,,,,,,,,,,,,,,,,,,,,,,,,,,,,,,,,,,,,,,,,,,,,,,,,,,,,,,,,,,,,,,,,,,,,,,,,,,,,,,,,,,,,,,,,,,,,,,,,,,,,,,,,,,,,,,,,,,,,,,,,,39111524,,,,,,,,,,,,,,,,,,,,,,,,,,,,,,,,,,,,,,,,,,,
,,,,,,,Electrical,Lighting,Light Fixtures,,34688A,34688A Kichler Chandelier Lt,-- Unbranded --,-- No Unilog Brand --,-- No DIB Brand --,-,,Kichler,,34688A,,Electrical>Lighting Fixtures>Interior Lighting Fixtures,"Kichler, Light Fixture, 34688A, Chandelier",FIXTURE CHAND,"Kichler 34688A Light Fixture, Chandelier","Kichler Light Fixture, Chandelier","Light Fixture, Chandelier",,,,,,,,,,,,,,,,,,,,,,,,,,,Light Fixture,Fixture Type,Chandelier,,Mounting Type,,,Size,,,Finish,,,Color Temperature,,,Voltage Rating,,,Number of Lights,,,Additional Information,,,,,,,,,,,,,,,,,,,,,,,,,,,,,,,,,,,,,,,,,,,,,,,,,,,,,,,,,,,,,,,,,,,,,,,,,,,,,,,,,,,,,,,,,,,,,,,,,,,,,,,,,,,,,,,,,,,,,,,,,,,,,,,,,,,,39111524,,,,,,,,,,,,,,,,,,,,,,,,,,,,,,,,,,,,,,,,,,,
,,,,,,,Electrical,Lighting,Light Fixtures,,43671BKCLR,43671BKCLR Kichler Chand Lt,-- Unbranded --,-- No Unilog Brand --,-- No DIB Brand --,Kichler Lighting (KICLI),Kichler Lighting,Kichler,,43671BKCLR,,Electrical>Lighting Fixtures>Interior Lighting Fixtures,"Kichler, Light Fixture, 43671BKCLR, Chandelier",FIXTURE CHAND,"Kichler 43671BKCLR Light Fixture, Chandelier","Kichler Light Fixture, Chandelier","Light Fixture, Chandelier",,,,,,,,,,,,,,,,,,,,,,,,,,,Light Fixture,Fixture Type,Chandelier,,Mounting Type,,,Size,,,Finish,,,Color Temperature,,,Voltage Rating,,,Number of Lights,,,Additional Information,,,,,,,,,,,,,,,,,,,,,,,,,,,,,,,,,,,,,,,,,,,,,,,,,,,,,,,,,,,,,,,,,,,,,,,,,,,,,,,,,,,,,,,,,,,,,,,,,,,,,,,,,,,,,,,,,,,,,,,,,,,,,,,,,,,,39111524,,,,,,,,,,,,,,,,,,,,,,,,,,,,,,,,,,,,,,,,,,,
,,,,,,,Electrical,Lighting,Light Fixtures,,52616BK,52616BK Kichler Chandelier Lt,-- Unbranded --,-- No Unilog Brand --,-- No DIB Brand --,Kichler Lighting (KICLI),Kichler Lighting,Kichler,,52616BK,,Electrical>Lighting Fixtures>Interior Lighting Fixtures,"Kichler, Light Fixture, 52616BK, Chandelier",FIXTURE CHAND,"Kichler 52616BK Light Fixture, Chandelier","Kichler Light Fixture, Chandelier","Light Fixture, Chandelier",,,,,,,,,,,,,,,,,,,,,,,,,,,Light Fixture,Fixture Type,Chandelier,,Mounting Type,,,Size,,,Finish,,,Color Temperature,,,Voltage Rating,,,Number of Lights,,,Additional Information,,,,,,,,,,,,,,,,,,,,,,,,,,,,,,,,,,,,,,,,,,,,,,,,,,,,,,,,,,,,,,,,,,,,,,,,,,,,,,,,,,,,,,,,,,,,,,,,,,,,,,,,,,,,,,,,,,,,,,,,,,,,,,,,,,,,39111524,,,,,,,,,,,,,,,,,,,,,,,,,,,,,,,,,,,,,,,,,,,
,,,,,,,Electrical,Lighting,Light Fixtures,,52616NI,52616NI Kichler Chandelier Lt,-- Unbranded --,-- No Unilog Brand --,-- No DIB Brand --,Kichler Lighting (KICLI),Kichler Lighting,Kichler,,52616NI,,Electrical>Lighting Fixtures>Interior Lighting Fixtures,"Kichler, Light Fixture, 52616NI, Chandelier",FIXTURE CHAND,"Kichler 52616NI Light Fixture, Chandelier","Kichler Light Fixture, Chandelier","Light Fixture, Chandelier",,,,,,,,,,,,,,,,,,,,,,,,,,,Light Fixture,Fixture Type,Chandelier,,Mounting Type,,,Size,,,Finish,,,Color Temperature,,,Voltage Rating,,,Number of Lights,,,Additional Information,,,,,,,,,,,,,,,,,,,,,,,,,,,,,,,,,,,,,,,,,,,,,,,,,,,,,,,,,,,,,,,,,,,,,,,,,,,,,,,,,,,,,,,,,,,,,,,,,,,,,,,,,,,,,,,,,,,,,,,,,,,,,,,,,,,,39111524,,,,,,,,,,,,,,,,,,,,,,,,,,,,,,,,,,,,,,,,,,,
,,,,,,,Electrical,Lighting,Light Fixtures,,52678BK,52678BK Kichler Chandelier Lt,-- Unbranded --,-- No Unilog Brand --,-- No DIB Brand --,Kichler Lighting (KICLI),Kichler Lighting,Kichler,,52678BK,,Electrical>Lighting Fixtures>Interior Lighting Fixtures,"Kichler, Light Fixture, 52678BK, Chandelier",FIXTURE CHAND,"Kichler 52678BK Light Fixture, Chandelier","Kichler Light Fixture, Chandelier","Light Fixture, Chandelier",,,,,,,,,,,,,,,,,,,,,,,,,,,Light Fixture,Fixture Type,Chandelier,,Mounting Type,,,Size,,,Finish,,,Color Temperature,,,Voltage Rating,,,Number of Lights,,,Additional Information,,,,,,,,,,,,,,,,,,,,,,,,,,,,,,,,,,,,,,,,,,,,,,,,,,,,,,,,,,,,,,,,,,,,,,,,,,,,,,,,,,,,,,,,,,,,,,,,,,,,,,,,,,,,,,,,,,,,,,,,,,,,,,,,,,,,39111524,,,,,,,,,,,,,,,,,,,,,,,,,,,,,,,,,,,,,,,,,,,
,,,,,,,Electrical,Lighting,Light Fixtures,,52680CPZ,52680CPZ Kichler Chandelier Lt,-- Unbranded --,-- No Unilog Brand --,-- No DIB Brand --,Kichler Lighting (KICLI),Kichler Lighting,Kichler,,52680CPZ,,Electrical>Lighting Fixtures>Interior Lighting Fixtures,"Kichler, Light Fixture, 52680CPZ, Chandelier",FIXTURE CHAND,"Kichler 52680CPZ Light Fixture, Chandelier","Kichler Light Fixture, Chandelier","Light Fixture, Chandelier",,,,,,,,,,,,,,,,,,,,,,,,,,,Light Fixture,Fixture Type,Chandelier,,Mounting Type,,,Size,,,Finish,,,Color Temperature,,,Voltage Rating,,,Number of Lights,,,Additional Information,,,,,,,,,,,,,,,,,,,,,,,,,,,,,,,,,,,,,,,,,,,,,,,,,,,,,,,,,,,,,,,,,,,,,,,,,,,,,,,,,,,,,,,,,,,,,,,,,,,,,,,,,,,,,,,,,,,,,,,,,,,,,,,,,,,,39111524,,,,,,,,,,,,,,,,,,,,,,,,,,,,,,,,,,,,,,,,,,,
,,,,,,,Electrical,Lighting,Light Fixtures,,52772BK,52772BK Kichler Chandelier Lt,-- Unbranded --,-- No Unilog Brand --,-- No DIB Brand --,Kichler Lighting (KICLI),Kichler Lighting,Kichler,,52772BK,,Electrical>Lighting Fixtures>Interior Lighting Fixtures,"Kichler, Light Fixture, 52772BK, Chandelier",FIXTURE CHAND,"Kichler 52772BK Light Fixture, Chandelier","Kichler Light Fixture, Chandelier","Light Fixture, Chandelier",,,,,,,,,,,,,,,,,,,,,,,,,,,Light Fixture,Fixture Type,Chandelier,,Mounting Type,,,Size,,,Finish,,,Color Temperature,,,Voltage Rating,,,Number of Lights,,,Additional Information,,,,,,,,,,,,,,,,,,,,,,,,,,,,,,,,,,,,,,,,,,,,,,,,,,,,,,,,,,,,,,,,,,,,,,,,,,,,,,,,,,,,,,,,,,,,,,,,,,,,,,,,,,,,,,,,,,,,,,,,,,,,,,,,,,,,39111524,,,,,,,,,,,,,,,,,,,,,,,,,,,,,,,,,,,,,,,,,,,
,,,,,,,Electrical,Lighting,Light Fixtures,,82399,82399 Kichler Chandelier Lt,-- Unbranded --,-- No Unilog Brand --,-- No DIB Brand --,Kichler Lighting (KICLI),Kichler Lighting,Kichler,,82399,,Electrical>Lighting Fixtures>Interior Lighting Fixtures,"Kichler, Light Fixture, 82399, Chandelier",FIXTURE CHAND,"Kichler 82399 Light Fixture, Chandelier","Kichler Light Fixture, Chandelier","Light Fixture, Chandelier",,,,,,,,,,,,,,,,,,,,,,,,,,,Light Fixture,Fixture Type,Chandelier,,Mounting Type,,,Size,,,Finish,,,Color Temperature,,,Voltage Rating,,,Number of Lights,,,Additional Information,,,,,,,,,,,,,,,,,,,,,,,,,,,,,,,,,,,,,,,,,,,,,,,,,,,,,,,,,,,,,,,,,,,,,,,,,,,,,,,,,,,,,,,,,,,,,,,,,,,,,,,,,,,,,,,,,,,,,,,,,,,,,,,,,,,,39111524,,,,,,,,,,,,,,,,,,,,,,,,,,,,,,,,,,,,,,,,,,,
,,,,,,,Electrical,Lighting,Light Fixtures,,65-771R3,65-771R3 Nuvo Highbay Light,-- Unbranded --,-- No Unilog Brand --,-- No DIB Brand --,Satco Prod Inc (5573),Satco Prod Inc,Nuvo,,65-771R3,,Electrical>Lighting Fixtures>Interior Lighting Fixtures,"Satco Prod Inc Nuvo, Light Fixture, 65-771R3, High Bay",FIXTURE HIGH BAY,"Nuvo 65-771R3 Light Fixture, High Bay","Nuvo Light Fixture, High Bay","Light Fixture, High Bay",,,,,,,,,,,,,,,,,,,,,,,,,,,Light Fixture,Fixture Type,High Bay,,Mounting Type,,,Size,,,Finish,,,Color Temperature,,,Voltage Rating,,,Number of Lights,,,Additional Information,,,,,,,,,,,,,,,,,,,,,,,,,,,,,,,,,,,,,,,,,,,,,,,,,,,,,,,,,,,,,,,,,,,,,,,,,,,,,,,,,,,,,,,,,,,,,,,,,,,,,,,,,,,,,,,,,,,,,,,,,,,,,,,,,,,,39111524,,,,,,,,,,,,,,,,,,,,,,,,,,,,,,,,,,,,,,,,,,,
,,,,,,,Electrical,Lighting,Light Fixtures,,42955BK,42955BK Kichler Ceiling Lt,-- Unbranded --,-- No Unilog Brand --,-- No DIB Brand --,Kichler Lighting (KICLI),Kichler Lighting,Kichler,,42955BK,,Electrical>Lighting Fixtures>Interior Lighting Fixtures,"Kichler, Light Fixture, 42955BK, Ceiling Mount",FIXTURE CLG MT,"Kichler 42955BK Light Fixture, Ceiling Mount","Kichler Light Fixture, Ceiling Mount","Light Fixture, Ceiling Mount",,,,,,,,,,,,,,,,,,,,,,,,,,,Light Fixture,Fixture Type,Ceiling Mount,,Mounting Type,,,Size,,,Finish,,,Color Temperature,,,Voltage Rating,,,Number of Lights,,,Additional Information,,,,,,,,,,,,,,,,,,,,,,,,,,,,,,,,,,,,,,,,,,,,,,,,,,,,,,,,,,,,,,,,,,,,,,,,,,,,,,,,,,,,,,,,,,,,,,,,,,,,,,,,,,,,,,,,,,,,,,,,,,,,,,,,,,,,39111524,,,,,,,,,,,,,,,,,,,,,,,,,,,,,,,,,,,,,,,,,,,
,,,,,,,Electrical,Lighting,Light Fixtures,,42275BK,42275BK Kichler Ceiling Lt,-- Unbranded --,-- No Unilog Brand --,-- No DIB Brand --,Kichler Lighting (KICLI),Kichler Lighting,Kichler,,42275BK,,Electrical>Lighting Fixtures>Interior Lighting Fixtures,"Kichler, Light Fixture, 42275BK, Ceiling Mount",FIXTURE CLG MT,"Kichler 42275BK Light Fixture, Ceiling Mount","Kichler Light Fixture, Ceiling Mount","Light Fixture, Ceiling Mount",,,,,,,,,,,,,,,,,,,,,,,,,,,Light Fixture,Fixture Type,Ceiling Mount,,Mounting Type,,,Size,,,Finish,,,Color Temperature,,,Voltage Rating,,,Number of Lights,,,Additional Information,,,,,,,,,,,,,,,,,,,,,,,,,,,,,,,,,,,,,,,,,,,,,,,,,,,,,,,,,,,,,,,,,,,,,,,,,,,,,,,,,,,,,,,,,,,,,,,,,,,,,,,,,,,,,,,,,,,,,,,,,,,,,,,,,,,,39111524,,,,,,,,,,,,,,,,,,,,,,,,,,,,,,,,,,,,,,,,,,,
,,,,,,,Electrical,Lighting,Light Fixtures,,62-1850,"62-1850 11"" Led Ceiling Light",-- Unbranded --,-- No Unilog Brand --,-- No DIB Brand --,Satco Prod Inc (5573),Satco Prod Inc,Satco,,62-1850,,Electrical>Lighting Fixtures>Interior Lighting Fixtures,"Satco, Light Fixture, 62-1850, Ceiling Mount",FIXTURE CLG MT 11IN,"Satco 62-1850 Light Fixture, Ceiling Mount","Satco Light Fixture, Ceiling Mount, 11 in","Light Fixture, Ceiling Mount",,,,,,,,,,,,,,,,,,,,,,,,,,,Light Fixture,Fixture Type,Ceiling Mount,,Mounting Type,,,Size,11,in,Finish,,,Color Temperature,,,Voltage Rating,,,Number of Lights,,,Additional Information,,,,,,,,,,,,,,,,,,,,,,,,,,,,,,,,,,,,,,,,,,,,,,,,,,,,,,,,,,,,,,,,,,,,,,,,,,,,,,,,,,,,,,,,,,,,,,,,,,,,,,,,,,,,,,,,,,,,,,,,,,,,,,,,,,,,39111524,,,,,,,,,,,,,,,,,,,,,,,,,,,,,,,,,,,,,,,,,,,
,,,,,,,Electrical,Lighting,Light Fixtures,,62-1852,"62-1852 14"" Satco Led Ceiling Lt",-- Unbranded --,-- No Unilog Brand --,-- No DIB Brand --,Satco Prod Inc (5573),Satco Prod Inc,Satco,,62-1852,,Electrical>Lighting Fixtures>Interior Lighting Fixtures,"Satco, Light Fixture, 62-1852, Ceiling Mount",FIXTURE CLG MT 14IN,"Satco 62-1852 Light Fixture, Ceiling Mount","Satco Light Fixture, Ceiling Mount, 14 in","Light Fixture, Ceiling Mount",,,,,,,,,,,,,,,,,,,,,,,,,,,Light Fixture,Fixture Type,Ceiling Mount,,Mounting Type,,,Size,14,in,Finish,,,Color Temperature,,,Voltage Rating,,,Number of Lights,,,Additional Information,,,,,,,,,,,,,,,,,,,,,,,,,,,,,,,,,,,,,,,,,,,,,,,,,,,,,,,,,,,,,,,,,,,,,,,,,,,,,,,,,,,,,,,,,,,,,,,,,,,,,,,,,,,,,,,,,,,,,,,,,,,,,,,,,,,,39111524,,,,,,,,,,,,,,,,,,,,,,,,,,,,,,,,,,,,,,,,,,,
,,,,,,,Electrical,Lighting,Light Fixtures,,62-1875,"62-1875 10"" Led Ceiling Lt Bn",-- Unbranded --,-- No Unilog Brand --,-- No DIB Brand --,Satco Prod Inc (5573),Satco Prod Inc,Satco,,62-1875,,Electrical>Lighting Fixtures>Interior Lighting Fixtures,"Satco, Light Fixture, 62-1875, Ceiling Mount, Brushed Nickel",FIXTURE CLG MT BN 10IN,"Satco 62-1875 Light Fixture, Ceiling Mount, Brushed Nickel","Satco Light Fixture, Ceiling Mount, 10 in, Brushed Nickel","Light Fixture, Ceiling Mount, Brushed Nickel",,,,,,,,,,,,,,,,,,,,,,,,,,,Light Fixture,Fixture Type,Ceiling Mount,,Mounting Type,,,Size,10,in,Finish,Brushed Nickel,,Color Temperature,,,Voltage Rating,,,Number of Lights,,,Additional Information,,,,,,,,,,,,,,,,,,,,,,,,,,,,,,,,,,,,,,,,,,,,,,,,,,,,,,,,,,,,,,,,,,,,,,,,,,,,,,,,,,,,,,,,,,,,,,,,,,,,,,,,,,,,,,,,,,,,,,,,,,,,,,,,,,,,39111524,,,,,,,,,,,,,,,,,,,,,,,,,,,,,,,,,,,,,,,,,,,
,,,,,,,Electrical,Lighting,Light Fixtures,,62-1876,"62-1876 13"" Satco Ceiling Light BN",-- Unbranded --,-- No Unilog Brand --,-- No DIB Brand --,Satco Prod Inc (5573),Satco Prod Inc,Satco,,62-1876,,Electrical>Lighting Fixtures>Interior Lighting Fixtures,"Satco, Light Fixture, 62-1876, Ceiling Mount, Brushed Nickel",FIXTURE CLG MT BN 13IN,"Satco 62-1876 Light Fixture, Ceiling Mount, Brushed Nickel","Satco Light Fixture, Ceiling Mount, 13 in, Brushed Nickel","Light Fixture, Ceiling Mount, Brushed Nickel",,,,,,,,,,,,,,,,,,,,,,,,,,,Light Fixture,Fixture Type,Ceiling Mount,,Mounting Type,,,Size,13,in,Finish,Brushed Nickel,,Color Temperature,,,Voltage Rating,,,Number of Lights,,,Additional Information,,,,,,,,,,,,,,,,,,,,,,,,,,,,,,,,,,,,,,,,,,,,,,,,,,,,,,,,,,,,,,,,,,,,,,,,,,,,,,,,,,,,,,,,,,,,,,,,,,,,,,,,,,,,,,,,,,,,,,,,,,,,,,,,,,,,39111524,,,,,,,,,,,,,,,,,,,,,,,,,,,,,,,,,,,,,,,,,,,
,,,,,,,Electrical,Lighting,Light Fixtures,,42296BK,42296BK Kichler Ceiling Lt,-- Unbranded --,-- No Unilog Brand --,-- No DIB Brand --,Kichler Lighting (KICLI),Kichler Lighting,Kichler,,42296BK,,Electrical>Lighting Fixtures>Interior Lighting Fixtures,"Kichler, Light Fixture, 42296BK, Ceiling Mount",FIXTURE CLG MT,"Kichler 42296BK Light Fixture, Ceiling Mount","Kichler Light Fixture, Ceiling Mount","Light Fixture, Ceiling Mount",,,,,,,,,,,,,,,,,,,,,,,,,,,Light Fixture,Fixture Type,Ceiling Mount,,Mounting Type,,,Size,,,Finish,,,Color Temperature,,,Voltage Rating,,,Number of Lights,,,Additional Information,,,,,,,,,,,,,,,,,,,,,,,,,,,,,,,,,,,,,,,,,,,,,,,,,,,,,,,,,,,,,,,,,,,,,,,,,,,,,,,,,,,,,,,,,,,,,,,,,,,,,,,,,,,,,,,,,,,,,,,,,,,,,,,,,,,,39111524,,,,,,,,,,,,,,,,,,,,,,,,,,,,,,,,,,,,,,,,,,,
,,,,,,,Electrical,Lighting,Light Fixtures,,43913BK,43913BK Kichler Pendant Lt,-- Unbranded --,-- No Unilog Brand --,-- No DIB Brand --,Kichler Lighting (KICLI),Kichler Lighting,Kichler,,43913BK,,Electrical>Lighting Fixtures>Interior Lighting Fixtures,"Kichler, Light Fixture, 43913BK, Pendant",FIXTURE PENDANT,"Kichler 43913BK Light Fixture, Pendant","Kichler Light Fixture, Pendant","Light Fixture, Pendant",,,,,,,,,,,,,,,,,,,,,,,,,,,Light Fixture,Fixture Type,Pendant,,Mounting Type,,,Size,,,Finish,,,Color Temperature,,,Voltage Rating,,,Number of Lights,,,Additional Information,,,,,,,,,,,,,,,,,,,,,,,,,,,,,,,,,,,,,,,,,,,,,,,,,,,,,,,,,,,,,,,,,,,,,,,,,,,,,,,,,,,,,,,,,,,,,,,,,,,,,,,,,,,,,,,,,,,,,,,,,,,,,,,,,,,,39111524,,,,,,,,,,,,,,,,,,,,,,,,,,,,,,,,,,,,,,,,,,,
,,,,,,,Electrical,Lighting,Light Fixtures,,HLSMS9129FS1E,"HLSMS9129FS1E 9"" Motion Lt",-- Unbranded --,-- No Unilog Brand --,-- No DIB Brand --,Cooper Lighting (7638),Cooper Lighting,,,HLSMS9129FS1E,,Electrical>Lighting Fixtures>Interior Lighting Fixtures,"Cooper Lighting, Light Fixture, HLSMS9129FS1E",FIXTURE 9IN,HLSMS9129FS1E Light Fixture,"Light Fixture, 9 in",Light Fixture,,,,,,,,,,,,,,,,,,,,,,,,,,,Light Fixture,Fixture Type,,,Mounting Type,,,Size,9,in,Finish,,,Color Temperature,,,Voltage Rating,,,Number of Lights,,,Additional Information,,,,,,,,,,,,,,,,,,,,,,,,,,,,,,,,,,,,,,,,,,,,,,,,,,,,,,,,,,,,,,,,,,,,,,,,,,,,,,,,,,,,,,,,,,,,,,,,,,,,,,,,,,,,,,,,,,,,,,,,,,,,,,,,,,,,39111524,,,,,,,,,,,,,,,,,,,,,,,,,,,,,,,,,,,,,,,,,,,
,,,,,,,Electrical,Lighting,Light Fixtures,,64-110,64-110 Satco Tape Light 16',-- Unbranded --,-- No Unilog Brand --,-- No DIB Brand --,Satco Prod Inc (5573),Satco Prod Inc,Satco,,64-110,,Electrical>Lighting Fixtures>Interior Lighting Fixtures,"Satco, Light Fixture, 64-110, Strip",FIXTURE STRIP,"Satco 64-110 Light Fixture, Strip","Satco Light Fixture, Strip","Light Fixture, Strip",,,,,,,,,,,,,,,,,,,,,,,,,,,Light Fixture,Fixture Type,Strip,,Mounting Type,,,Size,,,Finish,,,Color Temperature,,,Voltage Rating,,,Number of Lights,,,Additional Information,,,,,,,,,,,,,,,,,,,,,,,,,,,,,,,,,,,,,,,,,,,,,,,,,,,,,,,,,,,,,,,,,,,,,,,,,,,,,,,,,,,,,,,,,,,,,,,,,,,,,,,,,,,,,,,,,,,,,,,,,,,,,,,,,,,,39111524,,,,,,,,,,,,,,,,,,,,,,,,,,,,,,,,,,,,,,,,,,,
,,,,,,,Electrical,Lighting,Light Fixtures,,603571,603571 3' Strip Light Ext,-- Unbranded --,-- No Unilog Brand --,Wiz,Phillips Lighting (5831),Phillips Lighting,Wiz,,603571,,Electrical>Lighting Fixtures>Interior Lighting Fixtures,"Phillips Lighting Wiz, Light Fixture, 603571, Strip",FIXTURE STRIP,"Wiz 603571 Light Fixture, Strip","Wiz Light Fixture, Strip","Light Fixture, Strip",,,,,,,,,,,,,,,,,,,,,,,,,,,Light Fixture,Fixture Type,Strip,,Mounting Type,,,Size,,,Finish,,,Color Temperature,,,Voltage Rating,,,Number of Lights,,,Additional Information,,,,,,,,,,,,,,,,,,,,,,,,,,,,,,,,,,,,,,,,,,,,,,,,,,,,,,,,,,,,,,,,,,,,,,,,,,,,,,,,,,,,,,,,,,,,,,,,,,,,,,,,,,,,,,,,,,,,,,,,,,,,,,,,,,,,39111524,,,,,,,,,,,,,,,,,,,,,,,,,,,,,,,,,,,,,,,,,,,
,,,,,,,Electrical,Lighting,Light Fixtures,,65-572R1,65572 Satco 2x4 Led Flat Panel,-- Unbranded --,-- No Unilog Brand --,-- No DIB Brand --,Satco Prod Inc (5573),Satco Prod Inc,Satco,,65-572R1,,Electrical>Lighting Fixtures>Interior Lighting Fixtures,"Satco, Light Fixture, 65-572R1, Flat Panel",FIXTURE FLAT PANEL,"Satco 65-572R1 Light Fixture, Flat Panel","Satco Light Fixture, Flat Panel","Light Fixture, Flat Panel",,,,,,,,,,,,,,,,,,,,,,,,,,,Light Fixture,Fixture Type,Flat Panel,,Mounting Type,,,Size,,,Finish,,,Color Temperature,,,Voltage Rating,,,Number of Lights,,,Additional Information,,,,,,,,,,,,,,,,,,,,,,,,,,,,,,,,,,,,,,,,,,,,,,,,,,,,,,,,,,,,,,,,,,,,,,,,,,,,,,,,,,,,,,,,,,,,,,,,,,,,,,,,,,,,,,,,,,,,,,,,,,,,,,,,,,,,39111524,,,,,,,,,,,,,,,,,,,,,,,,,,,,,,,,,,,,,,,,,,,
,,,,,,,Electrical,Lighting,Light Fixtures,,52476AVI,52476AVI Kichler Pendant Lt,-- Unbranded --,-- No Unilog Brand --,-- No DIB Brand --,Kichler Lighting (KICLI),Kichler Lighting,Kichler,,52476AVI,,Electrical>Lighting Fixtures>Interior Lighting Fixtures,"Kichler, Light Fixture, 52476AVI, Pendant",FIXTURE PENDANT,"Kichler 52476AVI Light Fixture, Pendant","Kichler Light Fixture, Pendant","Light Fixture, Pendant",,,,,,,,,,,,,,,,,,,,,,,,,,,Light Fixture,Fixture Type,Pendant,,Mounting Type,,,Size,,,Finish,,,Color Temperature,,,Voltage Rating,,,Number of Lights,,,Additional Information,,,,,,,,,,,,,,,,,,,,,,,,,,,,,,,,,,,,,,,,,,,,,,,,,,,,,,,,,,,,,,,,,,,,,,,,,,,,,,,,,,,,,,,,,,,,,,,,,,,,,,,,,,,,,,,,,,,,,,,,,,,,,,,,,,,,39111524,,,,,,,,,,,,,,,,,,,,,,,,,,,,,,,,,,,,,,,,,,,
,,,,,,,Electrical,Lighting,Light Fixtures,,42199BK,42199BK Kichler Pendant Lt,-- Unbranded --,-- No Unilog Brand --,-- No DIB Brand --,Kichler Lighting (KICLI),Kichler Lighting,Kichler,,42199BK,,Electrical>Lighting Fixtures>Interior Lighting Fixtures,"Kichler, Light Fixture, 42199BK, Pendant",FIXTURE PENDANT,"Kichler 42199BK Light Fixture, Pendant","Kichler Light Fixture, Pendant","Light Fixture, Pendant",,,,,,,,,,,,,,,,,,,,,,,,,,,Light Fixture,Fixture Type,Pendant,,Mounting Type,,,Size,,,Finish,,,Color Temperature,,,Voltage Rating,,,Number of Lights,,,Additional Information,,,,,,,,,,,,,,,,,,,,,,,,,,,,,,,,,,,,,,,,,,,,,,,,,,,,,,,,,,,,,,,,,,,,,,,,,,,,,,,,,,,,,,,,,,,,,,,,,,,,,,,,,,,,,,,,,,,,,,,,,,,,,,,,,,,,39111524,,,,,,,,,,,,,,,,,,,,,,,,,,,,,,,,,,,,,,,,,,,
,,,,,,,Electrical,Lighting,Light Fixtures,,42199BKCS,42199BKCS Kichler Pendant Lt,-- Unbranded --,-- No Unilog Brand --,-- No DIB Brand --,Kichler Lighting (KICLI),Kichler Lighting,Kichler,,42199BKCS,,Electrical>Lighting Fixtures>Interior Lighting Fixtures,"Kichler, Light Fixture, 42199BKCS, Pendant",FIXTURE PENDANT,"Kichler 42199BKCS Light Fixture, Pendant","Kichler Light Fixture, Pendant","Light Fixture, Pendant",,,,,,,,,,,,,,,,,,,,,,,,,,,Light Fixture,Fixture Type,Pendant,,Mounting Type,,,Size,,,Finish,,,Color Temperature,,,Voltage Rating,,,Number of Lights,,,Additional Information,,,,,,,,,,,,,,,,,,,,,,,,,,,,,,,,,,,,,,,,,,,,,,,,,,,,,,,,,,,,,,,,,,,,,,,,,,,,,,,,,,,,,,,,,,,,,,,,,,,,,,,,,,,,,,,,,,,,,,,,,,,,,,,,,,,,39111524,,,,,,,,,,,,,,,,,,,,,,,,,,,,,,,,,,,,,,,,,,,
,,,,,,,Electrical,Lighting,Light Fixtures,,42200BK,42200BK Kichler Pendant Lt,-- Unbranded --,-- No Unilog Brand --,-- No DIB Brand --,Kichler Lighting (KICLI),Kichler Lighting,Kichler,,42200BK,,Electrical>Lighting Fixtures>Interior Lighting Fixtures,"Kichler, Light Fixture, 42200BK, Pendant",FIXTURE PENDANT,"Kichler 42200BK Light Fixture, Pendant","Kichler Light Fixture, Pendant","Light Fixture, Pendant",,,,,,,,,,,,,,,,,,,,,,,,,,,Light Fixture,Fixture Type,Pendant,,Mounting Type,,,Size,,,Finish,,,Color Temperature,,,Voltage Rating,,,Number of Lights,,,Additional Information,,,,,,,,,,,,,,,,,,,,,,,,,,,,,,,,,,,,,,,,,,,,,,,,,,,,,,,,,,,,,,,,,,,,,,,,,,,,,,,,,,,,,,,,,,,,,,,,,,,,,,,,,,,,,,,,,,,,,,,,,,,,,,,,,,,,39111524,,,,,,,,,,,,,,,,,,,,,,,,,,,,,,,,,,,,,,,,,,,
,,,,,,,Electrical,Lighting,Light Fixtures,,42200BKCS,42200BKCS Kichler Pendant Lt,-- Unbranded --,-- No Unilog Brand --,-- No DIB Brand --,Kichler Lighting (KICLI),Kichler Lighting,Kichler,,42200BKCS,,Electrical>Lighting Fixtures>Interior Lighting Fixtures,"Kichler, Light Fixture, 42200BKCS, Pendant",FIXTURE PENDANT,"Kichler 42200BKCS Light Fixture, Pendant","Kichler Light Fixture, Pendant","Light Fixture, Pendant",,,,,,,,,,,,,,,,,,,,,,,,,,,Light Fixture,Fixture Type,Pendant,,Mounting Type,,,Size,,,Finish,,,Color Temperature,,,Voltage Rating,,,Number of Lights,,,Additional Information,,,,,,,,,,,,,,,,,,,,,,,,,,,,,,,,,,,,,,,,,,,,,,,,,,,,,,,,,,,,,,,,,,,,,,,,,,,,,,,,,,,,,,,,,,,,,,,,,,,,,,,,,,,,,,,,,,,,,,,,,,,,,,,,,,,,39111524,,,,,,,,,,,,,,,,,,,,,,,,,,,,,,,,,,,,,,,,,,,
,,,,,,,Electrical,Lighting,Light Fixtures,,43851BK,43851BK Kichler Pendant Lt,-- Unbranded --,-- No Unilog Brand --,-- No DIB Brand --,Kichler Lighting (KICLI),Kichler Lighting,Kichler,,43851BK,,Electrical>Lighting Fixtures>Interior Lighting Fixtures,"Kichler, Light Fixture, 43851BK, Pendant",FIXTURE PENDANT,"Kichler 43851BK Light Fixture, Pendant","Kichler Light Fixture, Pendant","Light Fixture, Pendant",,,,,,,,,,,,,,,,,,,,,,,,,,,Light Fixture,Fixture Type,Pendant,,Mounting Type,,,Size,,,Finish,,,Color Temperature,,,Voltage Rating,,,Number of Lights,,,Additional Information,,,,,,,,,,,,,,,,,,,,,,,,,,,,,,,,,,,,,,,,,,,,,,,,,,,,,,,,,,,,,,,,,,,,,,,,,,,,,,,,,,,,,,,,,,,,,,,,,,,,,,,,,,,,,,,,,,,,,,,,,,,,,,,,,,,,39111524,,,,,,,,,,,,,,,,,,,,,,,,,,,,,,,,,,,,,,,,,,,
,,,,,,,Electrical,Lighting,Light Fixtures,,43852BK,43852BK Kichler Pendant Lt,-- Unbranded --,-- No Unilog Brand --,-- No DIB Brand --,Kichler Lighting (KICLI),Kichler Lighting,Kichler,,43852BK,,Electrical>Lighting Fixtures>Interior Lighting Fixtures,"Kichler, Light Fixture, 43852BK, Pendant",FIXTURE PENDANT,"Kichler 43852BK Light Fixture, Pendant","Kichler Light Fixture, Pendant","Light Fixture, Pendant",,,,,,,,,,,,,,,,,,,,,,,,,,,Light Fixture,Fixture Type,Pendant,,Mounting Type,,,Size,,,Finish,,,Color Temperature,,,Voltage Rating,,,Number of Lights,,,Additional Information,,,,,,,,,,,,,,,,,,,,,,,,,,,,,,,,,,,,,,,,,,,,,,,,,,,,,,,,,,,,,,,,,,,,,,,,,,,,,,,,,,,,,,,,,,,,,,,,,,,,,,,,,,,,,,,,,,,,,,,,,,,,,,,,,,,,39111524,,,,,,,,,,,,,,,,,,,,,,,,,,,,,,,,,,,,,,,,,,,
,,,,,,,Electrical,Lighting,Light Fixtures,,43853BK,43853BK Kichler Pendant Lt,-- Unbranded --,-- No Unilog Brand --,-- No DIB Brand --,Kichler Lighting (KICLI),Kichler Lighting,Kichler,,43853BK,,Electrical>Lighting Fixtures>Interior Lighting Fixtures,"Kichler, Light Fixture, 43853BK, Pendant",FIXTURE PENDANT,"Kichler 43853BK Light Fixture, Pendant","Kichler Light Fixture, Pendant","Light Fixture, Pendant",,,,,,,,,,,,,,,,,,,,,,,,,,,Light Fixture,Fixture Type,Pendant,,Mounting Type,,,Size,,,Finish,,,Color Temperature,,,Voltage Rating,,,Number of Lights,,,Additional Information,,,,,,,,,,,,,,,,,,,,,,,,,,,,,,,,,,,,,,,,,,,,,,,,,,,,,,,,,,,,,,,,,,,,,,,,,,,,,,,,,,,,,,,,,,,,,,,,,,,,,,,,,,,,,,,,,,,,,,,,,,,,,,,,,,,,39111524,,,,,,,,,,,,,,,,,,,,,,,,,,,,,,,,,,,,,,,,,,,
,,,,,,,Electrical,Lighting,Light Fixtures,,43905BK,43905BK Kichler Pendant Lt,-- Unbranded --,-- No Unilog Brand --,-- No DIB Brand --,Kichler Lighting (KICLI),Kichler Lighting,Kichler,,43905BK,,Electrical>Lighting Fixtures>Interior Lighting Fixtures,"Kichler, Light Fixture, 43905BK, Pendant",FIXTURE PENDANT,"Kichler 43905BK Light Fixture, Pendant","Kichler Light Fixture, Pendant","Light Fixture, Pendant",,,,,,,,,,,,,,,,,,,,,,,,,,,Light Fixture,Fixture Type,Pendant,,Mounting Type,,,Size,,,Finish,,,Color Temperature,,,Voltage Rating,,,Number of Lights,,,Additional Information,,,,,,,,,,,,,,,,,,,,,,,,,,,,,,,,,,,,,,,,,,,,,,,,,,,,,,,,,,,,,,,,,,,,,,,,,,,,,,,,,,,,,,,,,,,,,,,,,,,,,,,,,,,,,,,,,,,,,,,,,,,,,,,,,,,,39111524,,,,,,,,,,,,,,,,,,,,,,,,,,,,,,,,,,,,,,,,,,,
,,,,,,,Electrical,Lighting,Light Fixtures,,43911BK,43911BK Kichler Pendant Lt,-- Unbranded --,-- No Unilog Brand --,-- No DIB Brand --,Kichler Lighting (KICLI),Kichler Lighting,Kichler,,43911BK,,Electrical>Lighting Fixtures>Interior Lighting Fixtures,"Kichler, Light Fixture, 43911BK, Pendant",FIXTURE PENDANT,"Kichler 43911BK Light Fixture, Pendant","Kichler Light Fixture, Pendant","Light Fixture, Pendant",,,,,,,,,,,,,,,,,,,,,,,,,,,Light Fixture,Fixture Type,Pendant,,Mounting Type,,,Size,,,Finish,,,Color Temperature,,,Voltage Rating,,,Number of Lights,,,Additional Information,,,,,,,,,,,,,,,,,,,,,,,,,,,,,,,,,,,,,,,,,,,,,,,,,,,,,,,,,,,,,,,,,,,,,,,,,,,,,,,,,,,,,,,,,,,,,,,,,,,,,,,,,,,,,,,,,,,,,,,,,,,,,,,,,,,,39111524,,,,,,,,,,,,,,,,,,,,,,,,,,,,,,,,,,,,,,,,,,,
,,,,,,,Electrical,Lighting,Light Fixtures,,52529BK,52529BK Kichler Pendant Light,-- Unbranded --,-- No Unilog Brand --,-- No DIB Brand --,Kichler Lighting (KICLI),Kichler Lighting,Kichler,,52529BK,,Electrical>Lighting Fixtures>Interior Lighting Fixtures,"Kichler, Light Fixture, 52529BK, Pendant",FIXTURE PENDANT,"Kichler 52529BK Light Fixture, Pendant","Kichler Light Fixture, Pendant","Light Fixture, Pendant",,,,,,,,,,,,,,,,,,,,,,,,,,,Light Fixture,Fixture Type,Pendant,,Mounting Type,,,Size,,,Finish,,,Color Temperature,,,Voltage Rating,,,Number of Lights,,,Additional Information,,,,,,,,,,,,,,,,,,,,,,,,,,,,,,,,,,,,,,,,,,,,,,,,,,,,,,,,,,,,,,,,,,,,,,,,,,,,,,,,,,,,,,,,,,,,,,,,,,,,,,,,,,,,,,,,,,,,,,,,,,,,,,,,,,,,39111524,,,,,,,,,,,,,,,,,,,,,,,,,,,,,,,,,,,,,,,,,,,
,,,,,,,Electrical,Lighting,Light Fixtures,,52662BKCLR,52662BKCLR Kichler Pendant Lt,-- Unbranded --,-- No Unilog Brand --,-- No DIB Brand --,Kichler Lighting (KICLI),Kichler Lighting,Kichler,,52662BKCLR,,Electrical>Lighting Fixtures>Interior Lighting Fixtures,"Kichler, Light Fixture, 52662BKCLR, Pendant",FIXTURE PENDANT,"Kichler 52662BKCLR Light Fixture, Pendant","Kichler Light Fixture, Pendant","Light Fixture, Pendant",,,,,,,,,,,,,,,,,,,,,,,,,,,Light Fixture,Fixture Type,Pendant,,Mounting Type,,,Size,,,Finish,,,Color Temperature,,,Voltage Rating,,,Number of Lights,,,Additional Information,,,,,,,,,,,,,,,,,,,,,,,,,,,,,,,,,,,,,,,,,,,,,,,,,,,,,,,,,,,,,,,,,,,,,,,,,,,,,,,,,,,,,,,,,,,,,,,,,,,,,,,,,,,,,,,,,,,,,,,,,,,,,,,,,,,,39111524,,,,,,,,,,,,,,,,,,,,,,,,,,,,,,,,,,,,,,,,,,,
,,,,,,,Electrical,Lighting,Light Fixtures,,52734CPZ,52734CPZ Kichler Pendant Light,-- Unbranded --,-- No Unilog Brand --,-- No DIB Brand --,Kichler Lighting (KICLI),Kichler Lighting,Kichler,,52734CPZ,,Electrical>Lighting Fixtures>Interior Lighting Fixtures,"Kichler, Light Fixture, 52734CPZ, Pendant",FIXTURE PENDANT,"Kichler 52734CPZ Light Fixture, Pendant","Kichler Light Fixture, Pendant","Light Fixture, Pendant",,,,,,,,,,,,,,,,,,,,,,,,,,,Light Fixture,Fixture Type,Pendant,,Mounting Type,,,Size,,,Finish,,,Color Temperature,,,Voltage Rating,,,Number of Lights,,,Additional Information,,,,,,,,,,,,,,,,,,,,,,,,,,,,,,,,,,,,,,,,,,,,,,,,,,,,,,,,,,,,,,,,,,,,,,,,,,,,,,,,,,,,,,,,,,,,,,,,,,,,,,,,,,,,,,,,,,,,,,,,,,,,,,,,,,,,39111524,,,,,,,,,,,,,,,,,,,,,,,,,,,,,,,,,,,,,,,,,,,
,,,,,,,Electrical,Lighting,Light Fixtures,,82400,82400 Kichler Pendant Lt,-- Unbranded --,-- No Unilog Brand --,-- No DIB Brand --,Kichler Lighting (KICLI),Kichler Lighting,Kichler,,82400,,Electrical>Lighting Fixtures>Interior Lighting Fixtures,"Kichler, Light Fixture, 82400, Pendant",FIXTURE PENDANT,"Kichler 82400 Light Fixture, Pendant","Kichler Light Fixture, Pendant","Light Fixture, Pendant",,,,,,,,,,,,,,,,,,,,,,,,,,,Light Fixture,Fixture Type,Pendant,,Mounting Type,,,Size,,,Finish,,,Color Temperature,,,Voltage Rating,,,Number of Lights,,,Additional Information,,,,,,,,,,,,,,,,,,,,,,,,,,,,,,,,,,,,,,,,,,,,,,,,,,,,,,,,,,,,,,,,,,,,,,,,,,,,,,,,,,,,,,,,,,,,,,,,,,,,,,,,,,,,,,,,,,,,,,,,,,,,,,,,,,,,39111524,,,,,,,,,,,,,,,,,,,,,,,,,,,,,,,,,,,,,,,,,,,
,,,,,,,Electrical,Lighting,Light Fixtures,,S11606,"S11606 8"" Round Down Lt 30K",-- Unbranded --,-- No Unilog Brand --,-- No DIB Brand --,Satco Prod Inc (5573),Satco Prod Inc,Satco,,S11606,,Electrical>Lighting Fixtures>Interior Lighting Fixtures,"Satco, Light Fixture, S11606",FIXTURE 8IN,Satco S11606 Light Fixture,"Satco Light Fixture, 8 in, 30 K Color Temperature",Light Fixture,,,,,,,,,,,,,,,,,,,,,,,,,,,Light Fixture,Fixture Type,,,Mounting Type,,,Size,8,in,Finish,,,Color Temperature,30,K,Voltage Rating,,,Number of Lights,,,Additional Information,,,,,,,,,,,,,,,,,,,,,,,,,,,,,,,,,,,,,,,,,,,,,,,,,,,,,,,,,,,,,,,,,,,,,,,,,,,,,,,,,,,,,,,,,,,,,,,,,,,,,,,,,,,,,,,,,,,,,,,,,,,,,,,,,,,,39111524,,,,,,,,,,,,,,,,,,,,,,,,,,,,,,,,,,,,,,,,,,,
,,,,,,,Electrical,Lighting,Light Fixtures,,S11828,"S11828 8"" Led Down Light",-- Unbranded --,-- No Unilog Brand --,-- No DIB Brand --,Satco Prod Inc (5573),Satco Prod Inc,Satco,,S11828,,Electrical>Lighting Fixtures>Interior Lighting Fixtures,"Satco, Light Fixture, S11828, Recessed Downlight",FIXTURE DOWNLIGHT 8IN,"Satco S11828 Light Fixture, Recessed Downlight","Satco Light Fixture, Recessed Downlight, 8 in","Light Fixture, Recessed Downlight",,,,,,,,,,,,,,,,,,,,,,,,,,,Light Fixture,Fixture Type,Recessed Downlight,,Mounting Type,,,Size,8,in,Finish,,,Color Temperature,,,Voltage Rating,,,Number of Lights,,,Additional Information,,,,,,,,,,,,,,,,,,,,,,,,,,,,,,,,,,,,,,,,,,,,,,,,,,,,,,,,,,,,,,,,,,,,,,,,,,,,,,,,,,,,,,,,,,,,,,,,,,,,,,,,,,,,,,,,,,,,,,,,,,,,,,,,,,,,39111524,,,,,,,,,,,,,,,,,,,,,,,,,,,,,,,,,,,,,,,,,,,
,,,,,,,Electrical,Lighting,Light Bulbs,,801274,"801274 10w LED 6"" Retro 50k",-- Unbranded --,-- No Unilog Brand --,Philips,Phillips Lighting (5831),Phillips Lighting,Philips,,801274,,Electrical>Lamps & Light Bulbs>Light Bulbs,"Phillips Lighting Philips, Lamp, 801274, 10 W Equivalent, 50 K Color Temperature",LAMP 10W 50K,"Philips 801274 Lamp, 10 W Equivalent, 50 K Color Temperature","Philips Lamp, LED, 10 W Equivalent, 50 K Color Temperature","Lamp, 10 W Equivalent, 50 K Color Temperature",,,,,,,,,,,,,,,,,,,,,,,,,,,Lamp,Lamp Type,LED,,Wattage Equivalent,10,W,Bulb Shape,,,Base Type,,,Color Temperature,50,K,Quantity per Package,,,Dimmable,,,Additional Information,,,,,,,,,,,,,,,,,,,,,,,,,,,,,,,,,,,,,,,,,,,,,,,,,,,,,,,,,,,,,,,,,,,,,,,,,,,,,,,,,,,,,,,,,,,,,,,,,,,,,,,,,,,,,,,,,,,,,,,,,,,,,,,,,,,,39101619,,,,,,,,,,,,,,,,,,,,,,,,,,,,,,,,,,,,,,,,,,,
,,,,,,,Electrical,Lighting,Light Fixtures,,S11860,"S11860 6"" Downlight White 5 CCT",-- Unbranded --,-- No Unilog Brand --,-- No DIB Brand --,Satco Prod Inc (5573),Satco Prod Inc,Satco,,S11860,,Electrical>Lighting Fixtures>Interior Lighting Fixtures,"Satco, Light Fixture, S11860, Recessed Downlight, White",FIXTURE DOWNLIGHT WH 6IN,"Satco S11860 Light Fixture, Recessed Downlight, White","Satco Light Fixture, Recessed Downlight, 6 in, White","Light Fixture, Recessed Downlight, White",,,,,,,,,,,,,,,,,,,,,,,,,,,Light Fixture,Fixture Type,Recessed Downlight,,Mounting Type,,,Size,6,in,Finish,White,,Color Temperature,,,Voltage Rating,,,Number of Lights,,,Additional Information,,,,,,,,,,,,,,,,,,,,,,,,,,,,,,,,,,,,,,,,,,,,,,,,,,,,,,,,,,,,,,,,,,,,,,,,,,,,,,,,,,,,,,,,,,,,,,,,,,,,,,,,,,,,,,,,,,,,,,,,,,,,,,,,,,,,39111524,,,,,,,,,,,,,,,,,,,,,,,,,,,,,,,,,,,,,,,,,,,
,,,,,,,Electrical,Lighting,Light Fixtures,,S11562,"S11562 Starfish 6"" D/W Downlight",-- Unbranded --,-- No Unilog Brand --,-- No DIB Brand --,Satco Prod Inc (5573),Satco Prod Inc,Satco,,S11562,,Electrical>Lighting Fixtures>Interior Lighting Fixtures,"Satco, Light Fixture, S11562, Recessed Downlight",FIXTURE DOWNLIGHT 6IN,"Satco S11562 Light Fixture, Recessed Downlight","Satco Light Fixture, Recessed Downlight, 6 in","Light Fixture, Recessed Downlight",,,,,,,,,,,,,,,,,,,,,,,,,,,Light Fixture,Fixture Type,Recessed Downlight,,Mounting Type,,,Size,6,in,Finish,,,Color Temperature,,,Voltage Rating,,,Number of Lights,,,Additional Information,,,,,,,,,,,,,,,,,,,,,,,,,,,,,,,,,,,,,,,,,,,,,,,,,,,,,,,,,,,,,,,,,,,,,,,,,,,,,,,,,,,,,,,,,,,,,,,,,,,,,,,,,,,,,,,,,,,,,,,,,,,,,,,,,,,,39111524,,,,,,,,,,,,,,,,,,,,,,,,,,,,,,,,,,,,,,,,,,,
,,,,,,,Electrical,Lighting,Light Fixtures,,S11646,"S11646 6"" Downlight Wh",-- Unbranded --,-- No Unilog Brand --,-- No DIB Brand --,Satco Prod Inc (5573),Satco Prod Inc,Satco,,S11646,,Electrical>Lighting Fixtures>Interior Lighting Fixtures,"Satco, Light Fixture, S11646, Recessed Downlight, White",FIXTURE DOWNLIGHT WH 6IN,"Satco S11646 Light Fixture, Recessed Downlight, White","Satco Light Fixture, Recessed Downlight, 6 in, White","Light Fixture, Recessed Downlight, White",,,,,,,,,,,,,,,,,,,,,,,,,,,Light Fixture,Fixture Type,Recessed Downlight,,Mounting Type,,,Size,6,in,Finish,White,,Color Temperature,,,Voltage Rating,,,Number of Lights,,,Additional Information,,,,,,,,,,,,,,,,,,,,,,,,,,,,,,,,,,,,,,,,,,,,,,,,,,,,,,,,,,,,,,,,,,,,,,,,,,,,,,,,,,,,,,,,,,,,,,,,,,,,,,,,,,,,,,,,,,,,,,,,,,,,,,,,,,,,39111524,,,,,,,,,,,,,,,,,,,,,,,,,,,,,,,,,,,,,,,,,,,
,,,,,,,Electrical,Lighting,Light Fixtures,,S11801R1,"S11801R1 6"" Led Downlight Wh",-- Unbranded --,-- No Unilog Brand --,-- No DIB Brand --,Satco Prod Inc (5573),Satco Prod Inc,Satco,,S11801R1,,Electrical>Lighting Fixtures>Interior Lighting Fixtures,"Satco, Light Fixture, S11801R1, Recessed Downlight, White",FIXTURE DOWNLIGHT WH 6IN,"Satco S11801R1 Light Fixture, Recessed Downlight, White","Satco Light Fixture, Recessed Downlight, 6 in, White","Light Fixture, Recessed Downlight, White",,,,,,,,,,,,,,,,,,,,,,,,,,,Light Fixture,Fixture Type,Recessed Downlight,,Mounting Type,,,Size,6,in,Finish,White,,Color Temperature,,,Voltage Rating,,,Number of Lights,,,Additional Information,,,,,,,,,,,,,,,,,,,,,,,,,,,,,,,,,,,,,,,,,,,,,,,,,,,,,,,,,,,,,,,,,,,,,,,,,,,,,,,,,,,,,,,,,,,,,,,,,,,,,,,,,,,,,,,,,,,,,,,,,,,,,,,,,,,,39111524,,,,,,,,,,,,,,,,,,,,,,,,,,,,,,,,,,,,,,,,,,,
,,,,,,,Electrical,Lighting,Light Fixtures,,S11848,"S11848 10"" Down Light Wh",-- Unbranded --,-- No Unilog Brand --,-- No DIB Brand --,Satco Prod Inc (5573),Satco Prod Inc,Satco,,S11848,,Electrical>Lighting Fixtures>Interior Lighting Fixtures,"Satco, Light Fixture, S11848, Recessed Downlight, White",FIXTURE DOWNLIGHT WH 10IN,"Satco S11848 Light Fixture, Recessed Downlight, White","Satco Light Fixture, Recessed Downlight, 10 in, White","Light Fixture, Recessed Downlight, White",,,,,,,,,,,,,,,,,,,,,,,,,,,Light Fixture,Fixture Type,Recessed Downlight,,Mounting Type,,,Size,10,in,Finish,White,,Color Temperature,,,Voltage Rating,,,Number of Lights,,,Additional Information,,,,,,,,,,,,,,,,,,,,,,,,,,,,,,,,,,,,,,,,,,,,,,,,,,,,,,,,,,,,,,,,,,,,,,,,,,,,,,,,,,,,,,,,,,,,,,,,,,,,,,,,,,,,,,,,,,,,,,,,,,,,,,,,,,,,39111524,,,,,,,,,,,,,,,,,,,,,,,,,,,,,,,,,,,,,,,,,,,
,,,,,,,Electrical,Lighting,Light Fixtures,,S11849,"S11849 12"" Down Light Wh",-- Unbranded --,-- No Unilog Brand --,-- No DIB Brand --,Satco Prod Inc (5573),Satco Prod Inc,Satco,,S11849,,Electrical>Lighting Fixtures>Interior Lighting Fixtures,"Satco, Light Fixture, S11849, Recessed Downlight, White",FIXTURE DOWNLIGHT WH 12IN,"Satco S11849 Light Fixture, Recessed Downlight, White","Satco Light Fixture, Recessed Downlight, 12 in, White","Light Fixture, Recessed Downlight, White",,,,,,,,,,,,,,,,,,,,,,,,,,,Light Fixture,Fixture Type,Recessed Downlight,,Mounting Type,,,Size,12,in,Finish,White,,Color Temperature,,,Voltage Rating,,,Number of Lights,,,Additional Information,,,,,,,,,,,,,,,,,,,,,,,,,,,,,,,,,,,,,,,,,,,,,,,,,,,,,,,,,,,,,,,,,,,,,,,,,,,,,,,,,,,,,,,,,,,,,,,,,,,,,,,,,,,,,,,,,,,,,,,,,,,,,,,,,,,,39111524,,,,,,,,,,,,,,,,,,,,,,,,,,,,,,,,,,,,,,,,,,,
,,,,,,,Electrical,Lighting,Light Fixtures,,HLBSL609FS5,"HLBSL609FS5 6"" Down Light",-- Unbranded --,-- No Unilog Brand --,-- No DIB Brand --,Cooper Lighting (7638),Cooper Lighting,,,HLBSL609FS5,,Electrical>Lighting Fixtures>Interior Lighting Fixtures,"Cooper Lighting, Light Fixture, HLBSL609FS5, Recessed Downlight",FIXTURE DOWNLIGHT 6IN,"HLBSL609FS5 Light Fixture, Recessed Downlight","Light Fixture, Recessed Downlight, 6 in","Light Fixture, Recessed Downlight",,,,,,,,,,,,,,,,,,,,,,,,,,,Light Fixture,Fixture Type,Recessed Downlight,,Mounting Type,,,Size,6,in,Finish,,,Color Temperature,,,Voltage Rating,,,Number of Lights,,,Additional Information,,,,,,,,,,,,,,,,,,,,,,,,,,,,,,,,,,,,,,,,,,,,,,,,,,,,,,,,,,,,,,,,,,,,,,,,,,,,,,,,,,,,,,,,,,,,,,,,,,,,,,,,,,,,,,,,,,,,,,,,,,,,,,,,,,,,39111524,,,,,,,,,,,,,,,,,,,,,,,,,,,,,,,,,,,,,,,,,,,
,,,,,,,Electrical,Lighting,Light Fixtures,,WF4REGSWW590CRIMW,"WF4REGSWW590CRIMW 4"" Down Light",-- Unbranded --,-- No Unilog Brand --,-- No DIB Brand --,Lithonia Lighting (2776),Lithonia Lighting,,,WF4REGSWW590CRIMW,,Electrical>Lighting Fixtures>Interior Lighting Fixtures,"Lithonia Lighting, Light Fixture, WF4REGSWW590CRIMW, Recessed Downlight",FIXTURE DOWNLIGHT 4IN,"WF4REGSWW590CRIMW Light Fixture, Recessed Downlight","Light Fixture, Recessed Downlight, 4 in","Light Fixture, Recessed Downlight",,,,,,,,,,,,,,,,,,,,,,,,,,,Light Fixture,Fixture Type,Recessed Downlight,,Mounting Type,,,Size,4,in,Finish,,,Color Temperature,,,Voltage Rating,,,Number of Lights,,,Additional Information,,,,,,,,,,,,,,,,,,,,,,,,,,,,,,,,,,,,,,,,,,,,,,,,,,,,,,,,,,,,,,,,,,,,,,,,,,,,,,,,,,,,,,,,,,,,,,,,,,,,,,,,,,,,,,,,,,,,,,,,,,,,,,,,,,,,39111524,,,,,,,,,,,,,,,,,,,,,,,,,,,,,,,,,,,,,,,,,,,
,,,,,,,Electrical,Lighting,Light Fixtures,,43849WH5CCT,43849WH5CCT Kichler Ceiling Lt,-- Unbranded --,-- No Unilog Brand --,-- No DIB Brand --,Kichler Lighting (KICLI),Kichler Lighting,Kichler,,43849WH5CCT,,Electrical>Lighting Fixtures>Interior Lighting Fixtures,"Kichler, Light Fixture, 43849WH5CCT, Ceiling Mount",FIXTURE CLG MT,"Kichler 43849WH5CCT Light Fixture, Ceiling Mount","Kichler Light Fixture, Ceiling Mount","Light Fixture, Ceiling Mount",,,,,,,,,,,,,,,,,,,,,,,,,,,Light Fixture,Fixture Type,Ceiling Mount,,Mounting Type,,,Size,,,Finish,,,Color Temperature,,,Voltage Rating,,,Number of Lights,,,Additional Information,,,,,,,,,,,,,,,,,,,,,,,,,,,,,,,,,,,,,,,,,,,,,,,,,,,,,,,,,,,,,,,,,,,,,,,,,,,,,,,,,,,,,,,,,,,,,,,,,,,,,,,,,,,,,,,,,,,,,,,,,,,,,,,,,,,,39111524,,,,,,,,,,,,,,,,,,,,,,,,,,,,,,,,,,,,,,,,,,,
,,,,,,,Electrical,Lighting,Light Fixtures,,62-1777,"62-1777 15"" Ceiling Lt Wh",-- Unbranded --,-- No Unilog Brand --,-- No DIB Brand --,Satco Prod Inc (5573),Satco Prod Inc,Satco,,62-1777,,Electrical>Lighting Fixtures>Interior Lighting Fixtures,"Satco, Light Fixture, 62-1777, Ceiling Mount, White",FIXTURE CLG MT WH 15IN,"Satco 62-1777 Light Fixture, Ceiling Mount, White","Satco Light Fixture, Ceiling Mount, 15 in, White","Light Fixture, Ceiling Mount, White",,,,,,,,,,,,,,,,,,,,,,,,,,,Light Fixture,Fixture Type,Ceiling Mount,,Mounting Type,,,Size,15,in,Finish,White,,Color Temperature,,,Voltage Rating,,,Number of Lights,,,Additional Information,,,,,,,,,,,,,,,,,,,,,,,,,,,,,,,,,,,,,,,,,,,,,,,,,,,,,,,,,,,,,,,,,,,,,,,,,,,,,,,,,,,,,,,,,,,,,,,,,,,,,,,,,,,,,,,,,,,,,,,,,,,,,,,,,,,,39111524,,,,,,,,,,,,,,,,,,,,,,,,,,,,,,,,,,,,,,,,,,,
,,,,,,,Electrical,Lighting,Light Fixtures,,62-1778,"62-1778 19"" Ceiling Lt Wh",-- Unbranded --,-- No Unilog Brand --,-- No DIB Brand --,Satco Prod Inc (5573),Satco Prod Inc,Satco,,62-1778,,Electrical>Lighting Fixtures>Interior Lighting Fixtures,"Satco, Light Fixture, 62-1778, Ceiling Mount, White",FIXTURE CLG MT WH 19IN,"Satco 62-1778 Light Fixture, Ceiling Mount, White","Satco Light Fixture, Ceiling Mount, 19 in, White","Light Fixture, Ceiling Mount, White",,,,,,,,,,,,,,,,,,,,,,,,,,,Light Fixture,Fixture Type,Ceiling Mount,,Mounting Type,,,Size,19,in,Finish,White,,Color Temperature,,,Voltage Rating,,,Number of Lights,,,Additional Information,,,,,,,,,,,,,,,,,,,,,,,,,,,,,,,,,,,,,,,,,,,,,,,,,,,,,,,,,,,,,,,,,,,,,,,,,,,,,,,,,,,,,,,,,,,,,,,,,,,,,,,,,,,,,,,,,,,,,,,,,,,,,,,,,,,,39111524,,,,,,,,,,,,,,,,,,,,,,,,,,,,,,,,,,,,,,,,,,,
,,,,,,,Electrical,Lighting,Light Fixtures,,62-1784,62-1784 24x24 Led Ceiling Lt,-- Unbranded --,-- No Unilog Brand --,-- No DIB Brand --,Satco Prod Inc (5573),Satco Prod Inc,Satco,,62-1784,,Electrical>Lighting Fixtures>Interior Lighting Fixtures,"Satco, Light Fixture, 62-1784, Ceiling Mount",FIXTURE CLG MT,"Satco 62-1784 Light Fixture, Ceiling Mount","Satco Light Fixture, Ceiling Mount","Light Fixture, Ceiling Mount",,,,,,,,,,,,,,,,,,,,,,,,,,,Light Fixture,Fixture Type,Ceiling Mount,,Mounting Type,,,Size,,,Finish,,,Color Temperature,,,Voltage Rating,,,Number of Lights,,,Additional Information,,,,,,,,,,,,,,,,,,,,,,,,,,,,,,,,,,,,,,,,,,,,,,,,,,,,,,,,,,,,,,,,,,,,,,,,,,,,,,,,,,,,,,,,,,,,,,,,,,,,,,,,,,,,,,,,,,,,,,,,,,,,,,,,,,,,39111524,,,,,,,,,,,,,,,,,,,,,,,,,,,,,,,,,,,,,,,,,,,
,,,,,,,Electrical,Lighting,Light Fixtures,,62-1787,"62-1787 15"" Ceiling Lt Bk",-- Unbranded --,-- No Unilog Brand --,-- No DIB Brand --,Satco Prod Inc (5573),Satco Prod Inc,Satco,,62-1787,,Electrical>Lighting Fixtures>Interior Lighting Fixtures,"Satco, Light Fixture, 62-1787, Ceiling Mount, Black",FIXTURE CLG MT BK 15IN,"Satco 62-1787 Light Fixture, Ceiling Mount, Black","Satco Light Fixture, Ceiling Mount, 15 in, Black","Light Fixture, Ceiling Mount, Black",,,,,,,,,,,,,,,,,,,,,,,,,,,Light Fixture,Fixture Type,Ceiling Mount,,Mounting Type,,,Size,15,in,Finish,Black,,Color Temperature,,,Voltage Rating,,,Number of Lights,,,Additional Information,,,,,,,,,,,,,,,,,,,,,,,,,,,,,,,,,,,,,,,,,,,,,,,,,,,,,,,,,,,,,,,,,,,,,,,,,,,,,,,,,,,,,,,,,,,,,,,,,,,,,,,,,,,,,,,,,,,,,,,,,,,,,,,,,,,,39111524,,,,,,,,,,,,,,,,,,,,,,,,,,,,,,,,,,,,,,,,,,,
,,,,,,,Electrical,Lighting,Light Fixtures,,62-1788,"62-1788 19"" Ceiling Lt Bk",-- Unbranded --,-- No Unilog Brand --,-- No DIB Brand --,Satco Prod Inc (5573),Satco Prod Inc,Satco,,62-1788,,Electrical>Lighting Fixtures>Interior Lighting Fixtures,"Satco, Light Fixture, 62-1788, Ceiling Mount, Black",FIXTURE CLG MT BK 19IN,"Satco 62-1788 Light Fixture, Ceiling Mount, Black","Satco Light Fixture, Ceiling Mount, 19 in, Black","Light Fixture, Ceiling Mount, Black",,,,,,,,,,,,,,,,,,,,,,,,,,,Light Fixture,Fixture Type,Ceiling Mount,,Mounting Type,,,Size,19,in,Finish,Black,,Color Temperature,,,Voltage Rating,,,Number of Lights,,,Additional Information,,,,,,,,,,,,,,,,,,,,,,,,,,,,,,,,,,,,,,,,,,,,,,,,,,,,,,,,,,,,,,,,,,,,,,,,,,,,,,,,,,,,,,,,,,,,,,,,,,,,,,,,,,,,,,,,,,,,,,,,,,,,,,,,,,,,39111524,,,,,,,,,,,,,,,,,,,,,,,,,,,,,,,,,,,,,,,,,,,
,,,,,,,Electrical,Lighting,Light Fixtures,,SHOP/4X2/840/V1,4' Feit Shop Light 4500L 40k,-- Unbranded --,-- No Unilog Brand --,Feit Electric,Feit Electric (3468),Feit Electric,Feit Electric,,SHOP/4X2/840/V1,,Electrical>Lighting Fixtures>Interior Lighting Fixtures,"Feit Electric, Light Fixture, SHOP/4X2/840/V1, Shop Light",FIXTURE SHOP LIGHT,"Feit Electric SHOP/4X2/840/V1 Light Fixture, Shop Light","Feit Electric Light Fixture, Shop Light, 40 K Color Temperature","Light Fixture, Shop Light",,,,,,,,,,,,,,,,,,,,,,,,,,,Light Fixture,Fixture Type,Shop Light,,Mounting Type,,,Size,,,Finish,,,Color Temperature,40,K,Voltage Rating,,,Number of Lights,,,Additional Information,,,,,,,,,,,,,,,,,,,,,,,,,,,,,,,,,,,,,,,,,,,,,,,,,,,,,,,,,,,,,,,,,,,,,,,,,,,,,,,,,,,,,,,,,,,,,,,,,,,,,,,,,,,,,,,,,,,,,,,,,,,,,,,,,,,,39111524,,,,,,,,,,,,,,,,,,,,,,,,,,,,,,,,,,,,,,,,,,,
,,,,,,,Electrical,Lighting,Light Fixtures,,45495BKCLR,45495BKCLR Kichler Wall Lt,-- Unbranded --,-- No Unilog Brand --,-- No DIB Brand --,Kichler Lighting (KICLI),Kichler Lighting,Kichler,,45495BKCLR,,Electrical>Lighting Fixtures>Interior Lighting Fixtures,"Kichler, Light Fixture, 45495BKCLR, Wall Sconce",FIXTURE SCONCE,"Kichler 45495BKCLR Light Fixture, Wall Sconce","Kichler Light Fixture, Wall Sconce","Light Fixture, Wall Sconce",,,,,,,,,,,,,,,,,,,,,,,,,,,Light Fixture,Fixture Type,Wall Sconce,,Mounting Type,,,Size,,,Finish,,,Color Temperature,,,Voltage Rating,,,Number of Lights,,,Additional Information,,,,,,,,,,,,,,,,,,,,,,,,,,,,,,,,,,,,,,,,,,,,,,,,,,,,,,,,,,,,,,,,,,,,,,,,,,,,,,,,,,,,,,,,,,,,,,,,,,,,,,,,,,,,,,,,,,,,,,,,,,,,,,,,,,,,39111524,,,,,,,,,,,,,,,,,,,,,,,,,,,,,,,,,,,,,,,,,,,
,,,,,,,Electrical,Lighting,Light Fixtures,,55209NI,55209NI Kichler Wall Sconce,-- Unbranded --,-- No Unilog Brand --,-- No DIB Brand --,Kichler Lighting (KICLI),Kichler Lighting,Kichler,,55209NI,,Electrical>Lighting Fixtures>Interior Lighting Fixtures,"Kichler, Light Fixture, 55209NI, Wall Sconce",FIXTURE SCONCE,"Kichler 55209NI Light Fixture, Wall Sconce","Kichler Light Fixture, Wall Sconce","Light Fixture, Wall Sconce",,,,,,,,,,,,,,,,,,,,,,,,,,,Light Fixture,Fixture Type,Wall Sconce,,Mounting Type,,,Size,,,Finish,,,Color Temperature,,,Voltage Rating,,,Number of Lights,,,Additional Information,,,,,,,,,,,,,,,,,,,,,,,,,,,,,,,,,,,,,,,,,,,,,,,,,,,,,,,,,,,,,,,,,,,,,,,,,,,,,,,,,,,,,,,,,,,,,,,,,,,,,,,,,,,,,,,,,,,,,,,,,,,,,,,,,,,,39111524,,,,,,,,,,,,,,,,,,,,,,,,,,,,,,,,,,,,,,,,,,,
,,,,,,,Electrical,Lighting,Light Fixtures,,65-1210,65-1210 2' LED Wrap Lt,-- Unbranded --,-- No Unilog Brand --,-- No DIB Brand --,Satco Prod Inc (5573),Satco Prod Inc,Satco,,65-1210,,Electrical>Lighting Fixtures>Interior Lighting Fixtures,"Satco, Light Fixture, 65-1210, Wrap",FIXTURE WRAP,"Satco 65-1210 Light Fixture, Wrap","Satco Light Fixture, Wrap","Light Fixture, Wrap",,,,,,,,,,,,,,,,,,,,,,,,,,,Light Fixture,Fixture Type,Wrap,,Mounting Type,,,Size,,,Finish,,,Color Temperature,,,Voltage Rating,,,Number of Lights,,,Additional Information,,,,,,,,,,,,,,,,,,,,,,,,,,,,,,,,,,,,,,,,,,,,,,,,,,,,,,,,,,,,,,,,,,,,,,,,,,,,,,,,,,,,,,,,,,,,,,,,,,,,,,,,,,,,,,,,,,,,,,,,,,,,,,,,,,,,39111524,,,,,,,,,,,,,,,,,,,,,,,,,,,,,,,,,,,,,,,,,,,
,,,,,,,Electrical,Lighting,Light Fixtures,,65-1211,65-1211 4' Led Wrap Light,-- Unbranded --,-- No Unilog Brand --,-- No DIB Brand --,Satco Prod Inc (5573),Satco Prod Inc,Satco,,65-1211,,Electrical>Lighting Fixtures>Interior Lighting Fixtures,"Satco, Light Fixture, 65-1211, Wrap",FIXTURE WRAP,"Satco 65-1211 Light Fixture, Wrap","Satco Light Fixture, Wrap","Light Fixture, Wrap",,,,,,,,,,,,,,,,,,,,,,,,,,,Light Fixture,Fixture Type,Wrap,,Mounting Type,,,Size,,,Finish,,,Color Temperature,,,Voltage Rating,,,Number of Lights,,,Additional Information,,,,,,,,,,,,,,,,,,,,,,,,,,,,,,,,,,,,,,,,,,,,,,,,,,,,,,,,,,,,,,,,,,,,,,,,,,,,,,,,,,,,,,,,,,,,,,,,,,,,,,,,,,,,,,,,,,,,,,,,,,,,,,,,,,,,39111524,,,,,,,,,,,,,,,,,,,,,,,,,,,,,,,,,,,,,,,,,,,
,,,,,,,,,,,141465,"141465 15W Flor 18"" T12 27k",-- Unbranded --,-- No Unilog Brand --,Philips,Phillips Lighting (5831),Phillips Lighting,Philips,,141465,,,"Phillips Lighting Philips, Product, 141465",PRODUCT,Philips 141465 Product,Philips Product,Product,,,,,,,,,,,,,,,,,,,,,,,,,,,Product,Product Type,,,Size,,,Material,,,Color,,,Additional Information,,,,,,,,,,,,,,,,,,,,,,,,,,,,,,,,,,,,,,,,,,,,,,,,,,,,,,,,,,,,,,,,,,,,,,,,,,,,,,,,,,,,,,,,,,,,,,,,,,,,,,,,,,,,,,,,,,,,,,,,,,,,,,,,,,,,,,,,,,,,,,,,,,,,,,,,,,,,,,,,,,,,,,,,,,,,,,,,,,,,,,,,
,,,,,,,Electrical,Lighting,Light Bulbs,,391227,"391227 32W Led 12"" T9 30K",-- Unbranded --,-- No Unilog Brand --,Philips,Phillips Lighting (5831),Phillips Lighting,Philips,,391227,,Electrical>Lamps & Light Bulbs>Light Bulbs,"Phillips Lighting Philips, Lamp, 391227, 32 W Equivalent, T9",LAMP T9 32W 30K,"Philips 391227 Lamp, 32 W Equivalent, T9, 30 K Color Temperature","Philips Lamp, LED, 32 W Equivalent, T9, 30 K Color Temperature","Lamp, 32 W Equivalent, T9, 30 K Color Temperature",,,,,,,,,,,,,,,,,,,,,,,,,,,Lamp,Lamp Type,LED,,Wattage Equivalent,32,W,Bulb Shape,T9,,Base Type,,,Color Temperature,30,K,Quantity per Package,,,Dimmable,,,Additional Information,,,,,,,,,,,,,,,,,,,,,,,,,,,,,,,,,,,,,,,,,,,,,,,,,,,,,,,,,,,,,,,,,,,,,,,,,,,,,,,,,,,,,,,,,,,,,,,,,,,,,,,,,,,,,,,,,,,,,,,,,,,,,,,,,,,,39101619,,,,,,,,,,,,,,,,,,,,,,,,,,,,,,,,,,,,,,,,,,,
,,,,,,,,,,,392225,"392225 22W Flor 8"" T9 30k",-- Unbranded --,-- No Unilog Brand --,Philips,Phillips Lighting (5831),Phillips Lighting,Philips,,392225,,,"Phillips Lighting Philips, Product, 392225",PRODUCT,Philips 392225 Product,Philips Product,Product,,,,,,,,,,,,,,,,,,,,,,,,,,,Product,Product Type,,,Size,,,Material,,,Color,,,Additional Information,,,,,,,,,,,,,,,,,,,,,,,,,,,,,,,,,,,,,,,,,,,,,,,,,,,,,,,,,,,,,,,,,,,,,,,,,,,,,,,,,,,,,,,,,,,,,,,,,,,,,,,,,,,,,,,,,,,,,,,,,,,,,,,,,,,,,,,,,,,,,,,,,,,,,,,,,,,,,,,,,,,,,,,,,,,,,,,,,,,,,,,,
,,,,,,,Electrical,Lighting,Light Bulbs,,S3539,S3539 20W Halogen Pin T4,-- Unbranded --,-- No Unilog Brand --,Satco,Satco Prod Inc (5573),Satco Prod Inc,Satco,,S3539,,Electrical>Lamps & Light Bulbs>Light Bulbs,"Satco, Lamp, S3539, 20 W Equivalent, T4, Pin Base",LAMP T4 20W,"Satco S3539 Lamp, 20 W Equivalent, T4, Pin Base","Satco Lamp, Halogen, 20 W Equivalent, T4, Pin Base","Lamp, 20 W Equivalent, T4, Pin Base",,,,,,,,,,,,,,,,,,,,,,,,,,,Lamp,Lamp Type,Halogen,,Wattage Equivalent,20,W,Bulb Shape,T4,,Base Type,Pin,,Color Temperature,,,Quantity per Package,,,Dimmable,,,Additional Information,,,,,,,,,,,,,,,,,,,,,,,,,,,,,,,,,,,,,,,,,,,,,,,,,,,,,,,,,,,,,,,,,,,,,,,,,,,,,,,,,,,,,,,,,,,,,,,,,,,,,,,,,,,,,,,,,,,,,,,,,,,,,,,,,,,,39101619,,,,,,,,,,,,,,,,,,,,,,,,,,,,,,,,,,,,,,,,,,,
,,,,,,,Electrical,Lighting,Light Bulbs,,S3496,S3496 300W Halogen T3 Bulb,-- Unbranded --,-- No Unilog Brand --,Satco,Satco Prod Inc (5573),Satco Prod Inc,Satco,,S3496,,Electrical>Lamps & Light Bulbs>Light Bulbs,"Satco, Lamp, S3496, 300 W Equivalent, T3",LAMP T3 300W,"Satco S3496 Lamp, 300 W Equivalent, T3","Satco Lamp, Halogen, 300 W Equivalent, T3","Lamp, 300 W Equivalent, T3",,,,,,,,,,,,,,,,,,,,,,,,,,,Lamp,Lamp Type,Halogen,,Wattage Equivalent,300,W,Bulb Shape,T3,,Base Type,,,Color Temperature,,,Quantity per Package,,,Dimmable,,,Additional Information,,,,,,,,,,,,,,,,,,,,,,,,,,,,,,,,,,,,,,,,,,,,,,,,,,,,,,,,,,,,,,,,,,,,,,,,,,,,,,,,,,,,,,,,,,,,,,,,,,,,,,,,,,,,,,,,,,,,,,,,,,,,,,,,,,,,39101619,,,,,,,,,,,,,,,,,,,,,,,,,,,,,,,,,,,,,,,,,,,
,,,,,,,Electrical,Lighting,Light Bulbs,,467316,467316 150W Sodium Med 21k,-- Unbranded --,-- No Unilog Brand --,Philips,Phillips Lighting (5831),Phillips Lighting,Philips,,467316,,Electrical>Lamps & Light Bulbs>Light Bulbs,"Phillips Lighting Philips, Lamp, 467316, 150 W Equivalent, Medium Base",LAMP 150W 21K,"Philips 467316 Lamp, 150 W Equivalent, Medium Base, 21 K Color Temperature","Philips Lamp, High Pressure Sodium, 150 W Equivalent, Medium Base, 21 K Color Temperature","Lamp, 150 W Equivalent, Medium Base, 21 K Color Temperature",,,,,,,,,,,,,,,,,,,,,,,,,,,Lamp,Lamp Type,High Pressure Sodium,,Wattage Equivalent,150,W,Bulb Shape,,,Base Type,Medium,,Color Temperature,21,K,Quantity per Package,,,Dimmable,,,Additional Information,,,,,,,,,,,,,,,,,,,,,,,,,,,,,,,,,,,,,,,,,,,,,,,,,,,,,,,,,,,,,,,,,,,,,,,,,,,,,,,,,,,,,,,,,,,,,,,,,,,,,,,,,,,,,,,,,,,,,,,,,,,,,,,,,,,,39101619,,,,,,,,,,,,,,,,,,,,,,,,,,,,,,,,,,,,,,,,,,,
,,,,,,,Electrical,Lighting,Light Bulbs,,S3709,S3709 25W Incan 27K,-- Unbranded --,-- No Unilog Brand --,Satco,Satco Prod Inc (5573),Satco Prod Inc,Satco,,S3709,,Electrical>Lamps & Light Bulbs>Light Bulbs,"Satco, Lamp, S3709, 25 W Equivalent, 27 K Color Temperature",LAMP 25W 27K,"Satco S3709 Lamp, 25 W Equivalent, 27 K Color Temperature","Satco Lamp, Incandescent, 25 W Equivalent, 27 K Color Temperature","Lamp, 25 W Equivalent, 27 K Color Temperature",,,,,,,,,,,,,,,,,,,,,,,,,,,Lamp,Lamp Type,Incandescent,,Wattage Equivalent,25,W,Bulb Shape,,,Base Type,,,Color Temperature,27,K,Quantity per Package,,,Dimmable,,,Additional Information,,,,,,,,,,,,,,,,,,,,,,,,,,,,,,,,,,,,,,,,,,,,,,,,,,,,,,,,,,,,,,,,,,,,,,,,,,,,,,,,,,,,,,,,,,,,,,,,,,,,,,,,,,,,,,,,,,,,,,,,,,,,,,,,,,,,39101619,,,,,,,,,,,,,,,,,,,,,,,,,,,,,,,,,,,,,,,,,,,
,,,,,,,Electrical,Lighting,Light Bulbs,,S4720,S4720 25W Incan 27K,-- Unbranded --,-- No Unilog Brand --,Satco,Satco Prod Inc (5573),Satco Prod Inc,Satco,,S4720,,Electrical>Lamps & Light Bulbs>Light Bulbs,"Satco, Lamp, S4720, 25 W Equivalent, 27 K Color Temperature",LAMP 25W 27K,"Satco S4720 Lamp, 25 W Equivalent, 27 K Color Temperature","Satco Lamp, Incandescent, 25 W Equivalent, 27 K Color Temperature","Lamp, 25 W Equivalent, 27 K Color Temperature",,,,,,,,,,,,,,,,,,,,,,,,,,,Lamp,Lamp Type,Incandescent,,Wattage Equivalent,25,W,Bulb Shape,,,Base Type,,,Color Temperature,27,K,Quantity per Package,,,Dimmable,,,Additional Information,,,,,,,,,,,,,,,,,,,,,,,,,,,,,,,,,,,,,,,,,,,,,,,,,,,,,,,,,,,,,,,,,,,,,,,,,,,,,,,,,,,,,,,,,,,,,,,,,,,,,,,,,,,,,,,,,,,,,,,,,,,,,,,,,,,,39101619,,,,,,,,,,,,,,,,,,,,,,,,,,,,,,,,,,,,,,,,,,,
,,,,,,,Electrical,Lighting,Light Bulbs,,S3720,S3720 40w Inc A15 Med 26k,-- Unbranded --,-- No Unilog Brand --,Satco,Satco Prod Inc (5573),Satco Prod Inc,Satco,,S3720,,Electrical>Lamps & Light Bulbs>Light Bulbs,"Satco, Lamp, S3720, 40 W Equivalent, A15, Medium Base, 26 K Color Temperature",LAMP A15 40W 26K,"Satco S3720 Lamp, 40 W Equivalent, A15, Medium Base, 26 K Color Temperature","Satco Lamp, 40 W Equivalent, A15, Medium Base, 26 K Color Temperature","Lamp, 40 W Equivalent, A15, Medium Base, 26 K Color Temperature",,,,,,,,,,,,,,,,,,,,,,,,,,,Lamp,Lamp Type,,,Wattage Equivalent,40,W,Bulb Shape,A15,,Base Type,Medium,,Color Temperature,26,K,Quantity per Package,,,Dimmable,,,Additional Information,,,,,,,,,,,,,,,,,,,,,,,,,,,,,,,,,,,,,,,,,,,,,,,,,,,,,,,,,,,,,,,,,,,,,,,,,,,,,,,,,,,,,,,,,,,,,,,,,,,,,,,,,,,,,,,,,,,,,,,,,,,,,,,,,,,,39101619,,,,,,,,,,,,,,,,,,,,,,,,,,,,,,,,,,,,,,,,,,,
,,,,,,,Electrical,Lighting,Light Bulbs,,S3702,S3702 40W Incan Med 27K,-- Unbranded --,-- No Unilog Brand --,Satco,Satco Prod Inc (5573),Satco Prod Inc,Satco,,S3702,,Electrical>Lamps & Light Bulbs>Light Bulbs,"Satco, Lamp, S3702, 40 W Equivalent, Medium Base, 27 K Color Temperature",LAMP 40W 27K,"Satco S3702 Lamp, 40 W Equivalent, Medium Base, 27 K Color Temperature","Satco Lamp, Incandescent, 40 W Equivalent, Medium Base, 27 K Color Temperature","Lamp, 40 W Equivalent, Medium Base, 27 K Color Temperature",,,,,,,,,,,,,,,,,,,,,,,,,,,Lamp,Lamp Type,Incandescent,,Wattage Equivalent,40,W,Bulb Shape,,,Base Type,Medium,,Color Temperature,27,K,Quantity per Package,,,Dimmable,,,Additional Information,,,,,,,,,,,,,,,,,,,,,,,,,,,,,,,,,,,,,,,,,,,,,,,,,,,,,,,,,,,,,,,,,,,,,,,,,,,,,,,,,,,,,,,,,,,,,,,,,,,,,,,,,,,,,,,,,,,,,,,,,,,,,,,,,,,,39101619,,,,,,,,,,,,,,,,,,,,,,,,,,,,,,,,,,,,,,,,,,,
,,,,,,,Electrical,Lighting,Light Bulbs,,S3703,S3703 40W Incan Med 27K,-- Unbranded --,-- No Unilog Brand --,Satco,Satco Prod Inc (5573),Satco Prod Inc,Satco,,S3703,,Electrical>Lamps & Light Bulbs>Light Bulbs,"Satco, Lamp, S3703, 40 W Equivalent, Medium Base, 27 K Color Temperature",LAMP 40W 27K,"Satco S3703 Lamp, 40 W Equivalent, Medium Base, 27 K Color Temperature","Satco Lamp, Incandescent, 40 W Equivalent, Medium Base, 27 K Color Temperature","Lamp, 40 W Equivalent, Medium Base, 27 K Color Temperature",,,,,,,,,,,,,,,,,,,,,,,,,,,Lamp,Lamp Type,Incandescent,,Wattage Equivalent,40,W,Bulb Shape,,,Base Type,Medium,,Color Temperature,27,K,Quantity per Package,,,Dimmable,,,Additional Information,,,,,,,,,,,,,,,,,,,,,,,,,,,,,,,,,,,,,,,,,,,,,,,,,,,,,,,,,,,,,,,,,,,,,,,,,,,,,,,,,,,,,,,,,,,,,,,,,,,,,,,,,,,,,,,,,,,,,,,,,,,,,,,,,,,,39101619,,,,,,,,,,,,,,,,,,,,,,,,,,,,,,,,,,,,,,,,,,,
,,,,,,,Electrical,Lighting,Light Bulbs,,S3797,S3797 4W Incan Cand 27K 2pk,-- Unbranded --,-- No Unilog Brand --,Satco,Satco Prod Inc (5573),Satco Prod Inc,Satco,,S3797,,Electrical>Lamps & Light Bulbs>Light Bulbs,"Satco, Lamp, S3797, 4 W Equivalent, Candelabra, Candelabra Base",LAMP CAND 4W 27K,"Satco S3797 Lamp, 4 W Equivalent, Candelabra, Candelabra Base, 27 K Color Temperature","Satco Lamp, Incandescent, 4 W Equivalent, Candelabra, Candelabra Base, 27 K Color Temperature, 2 pk","Lamp, 4 W Equivalent, Candelabra, Candelabra Base, 27 K Color Temperature",,,,,,,,,,,,,,,,,,,,,,,,,,,Lamp,Lamp Type,Incandescent,,Wattage Equivalent,4,W,Bulb Shape,Candelabra,,Base Type,Candelabra,,Color Temperature,27,K,Quantity per Package,2,pk,Dimmable,,,Additional Information,,,,,,,,,,,,,,,,,,,,,,,,,,,,,,,,,,,,,,,,,,,,,,,,,,,,,,,,,,,,,,,,,,,,,,,,,,,,,,,,,,,,,,,,,,,,,,,,,,,,,,,,,,,,,,,,,,,,,,,,,,,,,,,,,,,,39101619,,,,,,,,,,,,,,,,,,,,,,,,,,,,,,,,,,,,,,,,,,,
,,,,,,,Electrical,Lighting,Light Bulbs,,S4724,S4724 4W Incan Cand 27K 4pk,-- Unbranded --,-- No Unilog Brand --,Satco,Satco Prod Inc (5573),Satco Prod Inc,Satco,,S4724,,Electrical>Lamps & Light Bulbs>Light Bulbs,"Satco, Lamp, S4724, 4 W Equivalent, Candelabra, Candelabra Base",LAMP CAND 4W 27K,"Satco S4724 Lamp, 4 W Equivalent, Candelabra, Candelabra Base, 27 K Color Temperature","Satco Lamp, Incandescent, 4 W Equivalent, Candelabra, Candelabra Base, 27 K Color Temperature, 4 pk","Lamp, 4 W Equivalent, Candelabra, Candelabra Base, 27 K Color Temperature",,,,,,,,,,,,,,,,,,,,,,,,,,,Lamp,Lamp Type,Incandescent,,Wattage Equivalent,4,W,Bulb Shape,Candelabra,,Base Type,Candelabra,,Color Temperature,27,K,Quantity per Package,4,pk,Dimmable,,,Additional Information,,,,,,,,,,,,,,,,,,,,,,,,,,,,,,,,,,,,,,,,,,,,,,,,,,,,,,,,,,,,,,,,,,,,,,,,,,,,,,,,,,,,,,,,,,,,,,,,,,,,,,,,,,,,,,,,,,,,,,,,,,,,,,,,,,,,39101619,,,,,,,,,,,,,,,,,,,,,,,,,,,,,,,,,,,,,,,,,,,
,,,,,,,Electrical,Lighting,Light Bulbs,,S4717,S4717 6W Incan Cand 27k 2pk,-- Unbranded --,-- No Unilog Brand --,Satco,Satco Prod Inc (5573),Satco Prod Inc,Satco,,S4717,,Electrical>Lamps & Light Bulbs>Light Bulbs,"Satco, Lamp, S4717, 6 W Equivalent, Candelabra, Candelabra Base",LAMP CAND 6W 27K,"Satco S4717 Lamp, 6 W Equivalent, Candelabra, Candelabra Base, 27 K Color Temperature","Satco Lamp, Incandescent, 6 W Equivalent, Candelabra, Candelabra Base, 27 K Color Temperature, 2 pk","Lamp, 6 W Equivalent, Candelabra, Candelabra Base, 27 K Color Temperature",,,,,,,,,,,,,,,,,,,,,,,,,,,Lamp,Lamp Type,Incandescent,,Wattage Equivalent,6,W,Bulb Shape,Candelabra,,Base Type,Candelabra,,Color Temperature,27,K,Quantity per Package,2,pk,Dimmable,,,Additional Information,,,,,,,,,,,,,,,,,,,,,,,,,,,,,,,,,,,,,,,,,,,,,,,,,,,,,,,,,,,,,,,,,,,,,,,,,,,,,,,,,,,,,,,,,,,,,,,,,,,,,,,,,,,,,,,,,,,,,,,,,,,,,,,,,,,,39101619,,,,,,,,,,,,,,,,,,,,,,,,,,,,,,,,,,,,,,,,,,,
,,,,,,,Electrical,Lighting,Light Bulbs,,S3794,S3794 7W Incan Med 27K,-- Unbranded --,-- No Unilog Brand --,Satco,Satco Prod Inc (5573),Satco Prod Inc,Satco,,S3794,,Electrical>Lamps & Light Bulbs>Light Bulbs,"Satco, Lamp, S3794, 7 W Equivalent, Medium Base, 27 K Color Temperature",LAMP 7W 27K,"Satco S3794 Lamp, 7 W Equivalent, Medium Base, 27 K Color Temperature","Satco Lamp, Incandescent, 7 W Equivalent, Medium Base, 27 K Color Temperature","Lamp, 7 W Equivalent, Medium Base, 27 K Color Temperature",,,,,,,,,,,,,,,,,,,,,,,,,,,Lamp,Lamp Type,Incandescent,,Wattage Equivalent,7,W,Bulb Shape,,,Base Type,Medium,,Color Temperature,27,K,Quantity per Package,,,Dimmable,,,Additional Information,,,,,,,,,,,,,,,,,,,,,,,,,,,,,,,,,,,,,,,,,,,,,,,,,,,,,,,,,,,,,,,,,,,,,,,,,,,,,,,,,,,,,,,,,,,,,,,,,,,,,,,,,,,,,,,,,,,,,,,,,,,,,,,,,,,,39101619,,,,,,,,,,,,,,,,,,,,,,,,,,,,,,,,,,,,,,,,,,,
,,,,,,,Electrical,Lighting,Light Bulbs,,S3795,S3795 7W Incan Med 27K,-- Unbranded --,-- No Unilog Brand --,Satco,Satco Prod Inc (5573),Satco Prod Inc,Satco,,S3795,,Electrical>Lamps & Light Bulbs>Light Bulbs,"Satco, Lamp, S3795, 7 W Equivalent, Medium Base, 27 K Color Temperature",LAMP 7W 27K,"Satco S3795 Lamp, 7 W Equivalent, Medium Base, 27 K Color Temperature","Satco Lamp, Incandescent, 7 W Equivalent, Medium Base, 27 K Color Temperature","Lamp, 7 W Equivalent, Medium Base, 27 K Color Temperature",,,,,,,,,,,,,,,,,,,,,,,,,,,Lamp,Lamp Type,Incandescent,,Wattage Equivalent,7,W,Bulb Shape,,,Base Type,Medium,,Color Temperature,27,K,Quantity per Package,,,Dimmable,,,Additional Information,,,,,,,,,,,,,,,,,,,,,,,,,,,,,,,,,,,,,,,,,,,,,,,,,,,,,,,,,,,,,,,,,,,,,,,,,,,,,,,,,,,,,,,,,,,,,,,,,,,,,,,,,,,,,,,,,,,,,,,,,,,,,,,,,,,,39101619,,,,,,,,,,,,,,,,,,,,,,,,,,,,,,,,,,,,,,,,,,,
,,,,,,,Electrical,Lighting,Light Bulbs,,S4726,S4726 7W Incan Cand 27K 4pk,-- Unbranded --,-- No Unilog Brand --,Satco,Satco Prod Inc (5573),Satco Prod Inc,Satco,,S4726,,Electrical>Lamps & Light Bulbs>Light Bulbs,"Satco, Lamp, S4726, 7 W Equivalent, Candelabra, Candelabra Base",LAMP CAND 7W 27K,"Satco S4726 Lamp, 7 W Equivalent, Candelabra, Candelabra Base, 27 K Color Temperature","Satco Lamp, Incandescent, 7 W Equivalent, Candelabra, Candelabra Base, 27 K Color Temperature, 4 pk","Lamp, 7 W Equivalent, Candelabra, Candelabra Base, 27 K Color Temperature",,,,,,,,,,,,,,,,,,,,,,,,,,,Lamp,Lamp Type,Incandescent,,Wattage Equivalent,7,W,Bulb Shape,Candelabra,,Base Type,Candelabra,,Color Temperature,27,K,Quantity per Package,4,pk,Dimmable,,,Additional Information,,,,,,,,,,,,,,,,,,,,,,,,,,,,,,,,,,,,,,,,,,,,,,,,,,,,,,,,,,,,,,,,,,,,,,,,,,,,,,,,,,,,,,,,,,,,,,,,,,,,,,,,,,,,,,,,,,,,,,,,,,,,,,,,,,,,39101619,,,,,,,,,,,,,,,,,,,,,,,,,,,,,,,,,,,,,,,,,,,
,,,,,,,Electrical,Lighting,Light Bulbs,,S11429,S11429 60W Led Bulb 27K,-- Unbranded --,-- No Unilog Brand --,Satco,Satco Prod Inc (5573),Satco Prod Inc,Satco,,S11429,,Electrical>Lamps & Light Bulbs>Light Bulbs,"Satco, Lamp, S11429, 60 W Equivalent, 27 K Color Temperature",LAMP 60W 27K,"Satco S11429 Lamp, 60 W Equivalent, 27 K Color Temperature","Satco Lamp, LED, 60 W Equivalent, 27 K Color Temperature","Lamp, 60 W Equivalent, 27 K Color Temperature",,,,,,,,,,,,,,,,,,,,,,,,,,,Lamp,Lamp Type,LED,,Wattage Equivalent,60,W,Bulb Shape,,,Base Type,,,Color Temperature,27,K,Quantity per Package,,,Dimmable,,,Additional Information,,,,,,,,,,,,,,,,,,,,,,,,,,,,,,,,,,,,,,,,,,,,,,,,,,,,,,,,,,,,,,,,,,,,,,,,,,,,,,,,,,,,,,,,,,,,,,,,,,,,,,,,,,,,,,,,,,,,,,,,,,,,,,,,,,,,39101619,,,,,,,,,,,,,,,,,,,,,,,,,,,,,,,,,,,,,,,,,,,
,,,,,,,Electrical,Lighting,Light Bulbs,,S21354,S21354 8W Led T9 Med 27k,-- Unbranded --,-- No Unilog Brand --,-- No DIB Brand --,Satco Prod Inc (5573),Satco Prod Inc,Satco,,S21354,,Electrical>Lamps & Light Bulbs>Light Bulbs,"Satco, Lamp, S21354, 8 W Equivalent, T9, Medium Base, 27 K Color Temperature",LAMP T9 8W 27K,"Satco S21354 Lamp, 8 W Equivalent, T9, Medium Base, 27 K Color Temperature","Satco Lamp, LED, 8 W Equivalent, T9, Medium Base, 27 K Color Temperature","Lamp, 8 W Equivalent, T9, Medium Base, 27 K Color Temperature",,,,,,,,,,,,,,,,,,,,,,,,,,,Lamp,Lamp Type,LED,,Wattage Equivalent,8,W,Bulb Shape,T9,,Base Type,Medium,,Color Temperature,27,K,Quantity per Package,,,Dimmable,,,Additional Information,,,,,,,,,,,,,,,,,,,,,,,,,,,,,,,,,,,,,,,,,,,,,,,,,,,,,,,,,,,,,,,,,,,,,,,,,,,,,,,,,,,,,,,,,,,,,,,,,,,,,,,,,,,,,,,,,,,,,,,,,,,,,,,,,,,,39101619,,,,,,,,,,,,,,,,,,,,,,,,,,,,,,,,,,,,,,,,,,,
,,,,,,,Electrical,Lighting,Light Bulbs,,S21363,S21363 8W Led Edison ST19 27K,-- Unbranded --,-- No Unilog Brand --,-- No DIB Brand --,Satco Prod Inc (5573),Satco Prod Inc,Satco,,S21363,,Electrical>Lamps & Light Bulbs>Light Bulbs,"Satco, Lamp, S21363, 8 W Equivalent, ST19, 27 K Color Temperature",LAMP ST19 8W 27K,"Satco S21363 Lamp, 8 W Equivalent, ST19, 27 K Color Temperature","Satco Lamp, LED, 8 W Equivalent, ST19, 27 K Color Temperature","Lamp, 8 W Equivalent, ST19, 27 K Color Temperature",,,,,,,,,,,,,,,,,,,,,,,,,,,Lamp,Lamp Type,LED,,Wattage Equivalent,8,W,Bulb Shape,ST19,,Base Type,,,Color Temperature,27,K,Quantity per Package,,,Dimmable,,,Additional Information,,,,,,,,,,,,,,,,,,,,,,,,,,,,,,,,,,,,,,,,,,,,,,,,,,,,,,,,,,,,,,,,,,,,,,,,,,,,,,,,,,,,,,,,,,,,,,,,,,,,,,,,,,,,,,,,,,,,,,,,,,,,,,,,,,,,39101619,,,,,,,,,,,,,,,,,,,,,,,,,,,,,,,,,,,,,,,,,,,
,,,,,,,Electrical,Lighting,Light Bulbs,,S11445,S11445 12W Led Med 30k Motion,-- Unbranded --,-- No Unilog Brand --,-- No DIB Brand --,Satco Prod Inc (5573),Satco Prod Inc,Satco,,S11445,,Electrical>Lamps & Light Bulbs>Light Bulbs,"Satco, Lamp, S11445, 12 W Equivalent, Medium Base, 30 K Color Temperature",LAMP 12W 30K,"Satco S11445 Lamp, 12 W Equivalent, Medium Base, 30 K Color Temperature","Satco Lamp, LED, 12 W Equivalent, Medium Base, 30 K Color Temperature","Lamp, 12 W Equivalent, Medium Base, 30 K Color Temperature",,,,,,,,,,,,,,,,,,,,,,,,,,,Lamp,Lamp Type,LED,,Wattage Equivalent,12,W,Bulb Shape,,,Base Type,Medium,,Color Temperature,30,K,Quantity per Package,,,Dimmable,,,Additional Information,,,,,,,,,,,,,,,,,,,,,,,,,,,,,,,,,,,,,,,,,,,,,,,,,,,,,,,,,,,,,,,,,,,,,,,,,,,,,,,,,,,,,,,,,,,,,,,,,,,,,,,,,,,,,,,,,,,,,,,,,,,,,,,,,,,,39101619,,,,,,,,,,,,,,,,,,,,,,,,,,,,,,,,,,,,,,,,,,,
,,,,,,,Electrical,Lighting,Light Bulbs,,567313,567313 50W Led MR16 30K 3pk,-- Unbranded --,-- No Unilog Brand --,Philips,Phillips Lighting (5831),Phillips Lighting,Philips,,567313,,Electrical>Lamps & Light Bulbs>Light Bulbs,"Phillips Lighting Philips, Lamp, 567313, 50 W Equivalent, MR16",LAMP MR16 50W 30K,"Philips 567313 Lamp, 50 W Equivalent, MR16, 30 K Color Temperature","Philips Lamp, LED, 50 W Equivalent, MR16, 30 K Color Temperature, 3 pk","Lamp, 50 W Equivalent, MR16, 30 K Color Temperature",,,,,,,,,,,,,,,,,,,,,,,,,,,Lamp,Lamp Type,LED,,Wattage Equivalent,50,W,Bulb Shape,MR16,,Base Type,,,Color Temperature,30,K,Quantity per Package,3,pk,Dimmable,,,Additional Information,,,,,,,,,,,,,,,,,,,,,,,,,,,,,,,,,,,,,,,,,,,,,,,,,,,,,,,,,,,,,,,,,,,,,,,,,,,,,,,,,,,,,,,,,,,,,,,,,,,,,,,,,,,,,,,,,,,,,,,,,,,,,,,,,,,,39101619,,,,,,,,,,,,,,,,,,,,,,,,,,,,,,,,,,,,,,,,,,,
,,,,,,,Electrical,Lighting,Light Bulbs,,586875,586875 60W Led Multi CCT 4pk,-- Unbranded --,-- No Unilog Brand --,Philips,Phillips Lighting (5831),Phillips Lighting,Philips,,586875,,Electrical>Lamps & Light Bulbs>Light Bulbs,"Phillips Lighting Philips, Lamp, 586875, 60 W Equivalent",LAMP 60W,"Philips 586875 Lamp, 60 W Equivalent","Philips Lamp, LED, 60 W Equivalent, 4 pk","Lamp, 60 W Equivalent",,,,,,,,,,,,,,,,,,,,,,,,,,,Lamp,Lamp Type,LED,,Wattage Equivalent,60,W,Bulb Shape,,,Base Type,,,Color Temperature,,,Quantity per Package,4,pk,Dimmable,,,Additional Information,,,,,,,,,,,,,,,,,,,,,,,,,,,,,,,,,,,,,,,,,,,,,,,,,,,,,,,,,,,,,,,,,,,,,,,,,,,,,,,,,,,,,,,,,,,,,,,,,,,,,,,,,,,,,,,,,,,,,,,,,,,,,,,,,,,,39101619,,,,,,,,,,,,,,,,,,,,,,,,,,,,,,,,,,,,,,,,,,,
,,,,,,,Electrical,Lighting,Light Bulbs,,576355,576355 60/100/150 Led Med 50k,-- Unbranded --,-- No Unilog Brand --,Philips,Phillips Lighting (5831),Phillips Lighting,Philips,,576355,,Electrical>Lamps & Light Bulbs>Light Bulbs,"Phillips Lighting Philips, Lamp, 576355, Medium Base, 50 K Color Temperature",LAMP 50K,"Philips 576355 Lamp, Medium Base, 50 K Color Temperature","Philips Lamp, LED, Medium Base, 50 K Color Temperature","Lamp, Medium Base, 50 K Color Temperature",,,,,,,,,,,,,,,,,,,,,,,,,,,Lamp,Lamp Type,LED,,Wattage Equivalent,,,Bulb Shape,,,Base Type,Medium,,Color Temperature,50,K,Quantity per Package,,,Dimmable,,,Additional Information,,,,,,,,,,,,,,,,,,,,,,,,,,,,,,,,,,,,,,,,,,,,,,,,,,,,,,,,,,,,,,,,,,,,,,,,,,,,,,,,,,,,,,,,,,,,,,,,,,,,,,,,,,,,,,,,,,,,,,,,,,,,,,,,,,,,39101619,,,,,,,,,,,,,,,,,,,,,,,,,,,,,,,,,,,,,,,,,,,
,,,,,,,Electrical,Lighting,Light Bulbs,,576363,576363 100/150/200 Led Med 27k,-- Unbranded --,-- No Unilog Brand --,Philips,Phillips Lighting (5831),Phillips Lighting,Philips,,576363,,Electrical>Lamps & Light Bulbs>Light Bulbs,"Phillips Lighting Philips, Lamp, 576363, Medium Base, 27 K Color Temperature",LAMP 27K,"Philips 576363 Lamp, Medium Base, 27 K Color Temperature","Philips Lamp, LED, Medium Base, 27 K Color Temperature","Lamp, Medium Base, 27 K Color Temperature",,,,,,,,,,,,,,,,,,,,,,,,,,,Lamp,Lamp Type,LED,,Wattage Equivalent,,,Bulb Shape,,,Base Type,Medium,,Color Temperature,27,K,Quantity per Package,,,Dimmable,,,Additional Information,,,,,,,,,,,,,,,,,,,,,,,,,,,,,,,,,,,,,,,,,,,,,,,,,,,,,,,,,,,,,,,,,,,,,,,,,,,,,,,,,,,,,,,,,,,,,,,,,,,,,,,,,,,,,,,,,,,,,,,,,,,,,,,,,,,,39101619,,,,,,,,,,,,,,,,,,,,,,,,,,,,,,,,,,,,,,,,,,,
,,,,,,,Electrical,Lighting,Light Bulbs,,565374,565374 75W Led A19 Med 27k 4pk,-- Unbranded --,-- No Unilog Brand --,Philips,Phillips Lighting (5831),Phillips Lighting,Philips,,565374,,Electrical>Lamps & Light Bulbs>Light Bulbs,"Phillips Lighting Philips, Lamp, 565374, 75 W Equivalent, A19, Medium Base",LAMP A19 75W 27K,"Philips 565374 Lamp, 75 W Equivalent, A19, Medium Base, 27 K Color Temperature","Philips Lamp, LED, 75 W Equivalent, A19, Medium Base, 27 K Color Temperature, 4 pk","Lamp, 75 W Equivalent, A19, Medium Base, 27 K Color Temperature",,,,,,,,,,,,,,,,,,,,,,,,,,,Lamp,Lamp Type,LED,,Wattage Equivalent,75,W,Bulb Shape,A19,,Base Type,Medium,,Color Temperature,27,K,Quantity per Package,4,pk,Dimmable,,,Additional Information,,,,,,,,,,,,,,,,,,,,,,,,,,,,,,,,,,,,,,,,,,,,,,,,,,,,,,,,,,,,,,,,,,,,,,,,,,,,,,,,,,,,,,,,,,,,,,,,,,,,,,,,,,,,,,,,,,,,,,,,,,,,,,,,,,,,39101619,,,,,,,,,,,,,,,,,,,,,,,,,,,,,,,,,,,,,,,,,,,
,,,,,,,Electrical,Lighting,Light Bulbs,,565390,565390 75W Led A19 Med 50k 4pk,-- Unbranded --,-- No Unilog Brand --,Philips,Phillips Lighting (5831),Phillips Lighting,Philips,,565390,,Electrical>Lamps & Light Bulbs>Light Bulbs,"Phillips Lighting Philips, Lamp, 565390, 75 W Equivalent, A19, Medium Base",LAMP A19 75W 50K,"Philips 565390 Lamp, 75 W Equivalent, A19, Medium Base, 50 K Color Temperature","Philips Lamp, LED, 75 W Equivalent, A19, Medium Base, 50 K Color Temperature, 4 pk","Lamp, 75 W Equivalent, A19, Medium Base, 50 K Color Temperature",,,,,,,,,,,,,,,,,,,,,,,,,,,Lamp,Lamp Type,LED,,Wattage Equivalent,75,W,Bulb Shape,A19,,Base Type,Medium,,Color Temperature,50,K,Quantity per Package,4,pk,Dimmable,,,Additional Information,,,,,,,,,,,,,,,,,,,,,,,,,,,,,,,,,,,,,,,,,,,,,,,,,,,,,,,,,,,,,,,,,,,,,,,,,,,,,,,,,,,,,,,,,,,,,,,,,,,,,,,,,,,,,,,,,,,,,,,,,,,,,,,,,,,,39101619,,,,,,,,,,,,,,,,,,,,,,,,,,,,,,,,,,,,,,,,,,,
,,,,,,,Electrical,Lighting,Light Bulbs,,576371,576371 100/150/200 Led Med 50k,-- Unbranded --,-- No Unilog Brand --,Philips,Phillips Lighting (5831),Phillips Lighting,Philips,,576371,,Electrical>Lamps & Light Bulbs>Light Bulbs,"Phillips Lighting Philips, Lamp, 576371, Medium Base, 50 K Color Temperature",LAMP 50K,"Philips 576371 Lamp, Medium Base, 50 K Color Temperature","Philips Lamp, LED, Medium Base, 50 K Color Temperature","Lamp, Medium Base, 50 K Color Temperature",,,,,,,,,,,,,,,,,,,,,,,,,,,Lamp,Lamp Type,LED,,Wattage Equivalent,,,Bulb Shape,,,Base Type,Medium,,Color Temperature,50,K,Quantity per Package,,,Dimmable,,,Additional Information,,,,,,,,,,,,,,,,,,,,,,,,,,,,,,,,,,,,,,,,,,,,,,,,,,,,,,,,,,,,,,,,,,,,,,,,,,,,,,,,,,,,,,,,,,,,,,,,,,,,,,,,,,,,,,,,,,,,,,,,,,,,,,,,,,,,39101619,,,,,,,,,,,,,,,,,,,,,,,,,,,,,,,,,,,,,,,,,,,
,,,,,,,Electrical,Lighting,Light Bulbs,,576496,576496 45W Led R20 Med 27k,-- Unbranded --,-- No Unilog Brand --,Philips,Phillips Lighting (5831),Phillips Lighting,Philips,,576496,,Electrical>Lamps & Light Bulbs>Light Bulbs,"Phillips Lighting Philips, Lamp, 576496, 45 W Equivalent, R20, Medium Base",LAMP R20 45W 27K,"Philips 576496 Lamp, 45 W Equivalent, R20, Medium Base, 27 K Color Temperature","Philips Lamp, LED, 45 W Equivalent, R20, Medium Base, 27 K Color Temperature","Lamp, 45 W Equivalent, R20, Medium Base, 27 K Color Temperature",,,,,,,,,,,,,,,,,,,,,,,,,,,Lamp,Lamp Type,LED,,Wattage Equivalent,45,W,Bulb Shape,R20,,Base Type,Medium,,Color Temperature,27,K,Quantity per Package,,,Dimmable,,,Additional Information,,,,,,,,,,,,,,,,,,,,,,,,,,,,,,,,,,,,,,,,,,,,,,,,,,,,,,,,,,,,,,,,,,,,,,,,,,,,,,,,,,,,,,,,,,,,,,,,,,,,,,,,,,,,,,,,,,,,,,,,,,,,,,,,,,,,39101619,,,,,,,,,,,,,,,,,,,,,,,,,,,,,,,,,,,,,,,,,,,
,,,,,,,Electrical,Lighting,Light Bulbs,,564856,564856 40W Led ST19 27k 2pk,-- Unbranded --,-- No Unilog Brand --,Philips,Phillips Lighting (5831),Phillips Lighting,Philips,,564856,,Electrical>Lamps & Light Bulbs>Light Bulbs,"Phillips Lighting Philips, Lamp, 564856, 40 W Equivalent, ST19",LAMP ST19 40W 27K,"Philips 564856 Lamp, 40 W Equivalent, ST19, 27 K Color Temperature","Philips Lamp, LED, 40 W Equivalent, ST19, 27 K Color Temperature, 2 pk","Lamp, 40 W Equivalent, ST19, 27 K Color Temperature",,,,,,,,,,,,,,,,,,,,,,,,,,,Lamp,Lamp Type,LED,,Wattage Equivalent,40,W,Bulb Shape,ST19,,Base Type,,,Color Temperature,27,K,Quantity per Package,2,pk,Dimmable,,,Additional Information,,,,,,,,,,,,,,,,,,,,,,,,,,,,,,,,,,,,,,,,,,,,,,,,,,,,,,,,,,,,,,,,,,,,,,,,,,,,,,,,,,,,,,,,,,,,,,,,,,,,,,,,,,,,,,,,,,,,,,,,,,,,,,,,,,,,39101619,,,,,,,,,,,,,,,,,,,,,,,,,,,,,,,,,,,,,,,,,,,
,,,,,,,Electrical,Lighting,Light Bulbs,,565796,565796 60W Led A19 Med 20k,-- Unbranded --,-- No Unilog Brand --,Philips,Phillips Lighting (5831),Phillips Lighting,Philips,,565796,,Electrical>Lamps & Light Bulbs>Light Bulbs,"Phillips Lighting Philips, Lamp, 565796, 60 W Equivalent, A19, Medium Base",LAMP A19 60W 20K,"Philips 565796 Lamp, 60 W Equivalent, A19, Medium Base, 20 K Color Temperature","Philips Lamp, LED, 60 W Equivalent, A19, Medium Base, 20 K Color Temperature","Lamp, 60 W Equivalent, A19, Medium Base, 20 K Color Temperature",,,,,,,,,,,,,,,,,,,,,,,,,,,Lamp,Lamp Type,LED,,Wattage Equivalent,60,W,Bulb Shape,A19,,Base Type,Medium,,Color Temperature,20,K,Quantity per Package,,,Dimmable,,,Additional Information,,,,,,,,,,,,,,,,,,,,,,,,,,,,,,,,,,,,,,,,,,,,,,,,,,,,,,,,,,,,,,,,,,,,,,,,,,,,,,,,,,,,,,,,,,,,,,,,,,,,,,,,,,,,,,,,,,,,,,,,,,,,,,,,,,,,39101619,,,,,,,,,,,,,,,,,,,,,,,,,,,,,,,,,,,,,,,,,,,
,,,,,,,Electrical,Lighting,Light Bulbs,,576389,576389 100/200/300 Led Med 27k,-- Unbranded --,-- No Unilog Brand --,Philips,Phillips Lighting (5831),Phillips Lighting,Philips,,576389,,Electrical>Lamps & Light Bulbs>Light Bulbs,"Phillips Lighting Philips, Lamp, 576389, Medium Base, 27 K Color Temperature",LAMP 27K,"Philips 576389 Lamp, Medium Base, 27 K Color Temperature","Philips Lamp, LED, Medium Base, 27 K Color Temperature","Lamp, Medium Base, 27 K Color Temperature",,,,,,,,,,,,,,,,,,,,,,,,,,,Lamp,Lamp Type,LED,,Wattage Equivalent,,,Bulb Shape,,,Base Type,Medium,,Color Temperature,27,K,Quantity per Package,,,Dimmable,,,Additional Information,,,,,,,,,,,,,,,,,,,,,,,,,,,,,,,,,,,,,,,,,,,,,,,,,,,,,,,,,,,,,,,,,,,,,,,,,,,,,,,,,,,,,,,,,,,,,,,,,,,,,,,,,,,,,,,,,,,,,,,,,,,,,,,,,,,,39101619,,,,,,,,,,,,,,,,,,,,,,,,,,,,,,,,,,,,,,,,,,,
,,,,,,,Electrical,Lighting,Light Bulbs,,564492,564492 75W Adj Base 27k 3pk,-- Unbranded --,-- No Unilog Brand --,Philips,Phillips Lighting (5831),Phillips Lighting,Philips,,564492,,Electrical>Lamps & Light Bulbs>Light Bulbs,"Phillips Lighting Philips, Lamp, 564492, 75 W Equivalent, Adjustable Base",LAMP 75W 27K,"Philips 564492 Lamp, 75 W Equivalent, Adjustable Base, 27 K Color Temperature","Philips Lamp, 75 W Equivalent, Adjustable Base, 27 K Color Temperature, 3 pk","Lamp, 75 W Equivalent, Adjustable Base, 27 K Color Temperature",,,,,,,,,,,,,,,,,,,,,,,,,,,Lamp,Lamp Type,,,Wattage Equivalent,75,W,Bulb Shape,,,Base Type,Adjustable,,Color Temperature,27,K,Quantity per Package,3,pk,Dimmable,,,Additional Information,,,,,,,,,,,,,,,,,,,,,,,,,,,,,,,,,,,,,,,,,,,,,,,,,,,,,,,,,,,,,,,,,,,,,,,,,,,,,,,,,,,,,,,,,,,,,,,,,,,,,,,,,,,,,,,,,,,,,,,,,,,,,,,,,,,,39101619,,,,,,,,,,,,,,,,,,,,,,,,,,,,,,,,,,,,,,,,,,,
,,,,,,,Electrical,Lighting,Light Bulbs,,603449,603449 Wiz 60W Led Med Clr Ch,-- Unbranded --,-- No Unilog Brand --,Wiz,Phillips Lighting (5831),Phillips Lighting,Wiz,,603449,,Electrical>Lamps & Light Bulbs>Light Bulbs,"Phillips Lighting Wiz, Lamp, 603449, 60 W Equivalent, Medium Base",LAMP 60W,"Wiz 603449 Lamp, 60 W Equivalent, Medium Base","Wiz Lamp, LED, 60 W Equivalent, Medium Base","Lamp, 60 W Equivalent, Medium Base",,,,,,,,,,,,,,,,,,,,,,,,,,,Lamp,Lamp Type,LED,,Wattage Equivalent,60,W,Bulb Shape,,,Base Type,Medium,,Color Temperature,,,Quantity per Package,,,Dimmable,,,Additional Information,,,,,,,,,,,,,,,,,,,,,,,,,,,,,,,,,,,,,,,,,,,,,,,,,,,,,,,,,,,,,,,,,,,,,,,,,,,,,,,,,,,,,,,,,,,,,,,,,,,,,,,,,,,,,,,,,,,,,,,,,,,,,,,,,,,,39101619,,,,,,,,,,,,,,,,,,,,,,,,,,,,,,,,,,,,,,,,,,,
,,,,,,,Electrical,Lighting,Light Bulbs,,586909,586909 Led 60W Med A19 27K,-- Unbranded --,-- No Unilog Brand --,Philips,Phillips Lighting (5831),Phillips Lighting,Philips,,586909,,Electrical>Lamps & Light Bulbs>Light Bulbs,"Phillips Lighting Philips, Lamp, 586909, 60 W Equivalent, A19, Medium Base",LAMP A19 60W 27K,"Philips 586909 Lamp, 60 W Equivalent, A19, Medium Base, 27 K Color Temperature","Philips Lamp, LED, 60 W Equivalent, A19, Medium Base, 27 K Color Temperature","Lamp, 60 W Equivalent, A19, Medium Base, 27 K Color Temperature",,,,,,,,,,,,,,,,,,,,,,,,,,,Lamp,Lamp Type,LED,,Wattage Equivalent,60,W,Bulb Shape,A19,,Base Type,Medium,,Color Temperature,27,K,Quantity per Package,,,Dimmable,,,Additional Information,,,,,,,,,,,,,,,,,,,,,,,,,,,,,,,,,,,,,,,,,,,,,,,,,,,,,,,,,,,,,,,,,,,,,,,,,,,,,,,,,,,,,,,,,,,,,,,,,,,,,,,,,,,,,,,,,,,,,,,,,,,,,,,,,,,,39101619,,,,,,,,,,,,,,,,,,,,,,,,,,,,,,,,,,,,,,,,,,,
,,,,,,,Electrical,Lighting,Light Bulbs,,566364,566364 75W Led ST19 27k 4pk,-- Unbranded --,-- No Unilog Brand --,Philips,Phillips Lighting (5831),Phillips Lighting,Philips,,566364,,Electrical>Lamps & Light Bulbs>Light Bulbs,"Phillips Lighting Philips, Lamp, 566364, 75 W Equivalent, ST19",LAMP ST19 75W 27K,"Philips 566364 Lamp, 75 W Equivalent, ST19, 27 K Color Temperature","Philips Lamp, LED, 75 W Equivalent, ST19, 27 K Color Temperature, 4 pk","Lamp, 75 W Equivalent, ST19, 27 K Color Temperature",,,,,,,,,,,,,,,,,,,,,,,,,,,Lamp,Lamp Type,LED,,Wattage Equivalent,75,W,Bulb Shape,ST19,,Base Type,,,Color Temperature,27,K,Quantity per Package,4,pk,Dimmable,,,Additional Information,,,,,,,,,,,,,,,,,,,,,,,,,,,,,,,,,,,,,,,,,,,,,,,,,,,,,,,,,,,,,,,,,,,,,,,,,,,,,,,,,,,,,,,,,,,,,,,,,,,,,,,,,,,,,,,,,,,,,,,,,,,,,,,,,,,,39101619,,,,,,,,,,,,,,,,,,,,,,,,,,,,,,,,,,,,,,,,,,,
,,,,,,,Electrical,Lighting,Light Bulbs,,576397,576394 100/200/300 Led A23 50k,-- Unbranded --,-- No Unilog Brand --,Philips,Phillips Lighting (5831),Phillips Lighting,Philips,,576397,,Electrical>Lamps & Light Bulbs>Light Bulbs,"Phillips Lighting Philips, Lamp, 576397, A23, 50 K Color Temperature",LAMP A23 50K,"Philips 576397 Lamp, A23, 50 K Color Temperature","Philips Lamp, LED, A23, 50 K Color Temperature","Lamp, A23, 50 K Color Temperature",,,,,,,,,,,,,,,,,,,,,,,,,,,Lamp,Lamp Type,LED,,Wattage Equivalent,,,Bulb Shape,A23,,Base Type,,,Color Temperature,50,K,Quantity per Package,,,Dimmable,,,Additional Information,,,,,,,,,,,,,,,,,,,,,,,,,,,,,,,,,,,,,,,,,,,,,,,,,,,,,,,,,,,,,,,,,,,,,,,,,,,,,,,,,,,,,,,,,,,,,,,,,,,,,,,,,,,,,,,,,,,,,,,,,,,,,,,,,,,,39101619,,,,,,,,,,,,,,,,,,,,,,,,,,,,,,,,,,,,,,,,,,,
,,,,,,,Electrical,Lighting,Light Bulbs,,571497,571497 150W Led Med 27k,-- Unbranded --,-- No Unilog Brand --,Philips,Phillips Lighting (5831),Phillips Lighting,Philips,,571497,,Electrical>Lamps & Light Bulbs>Light Bulbs,"Phillips Lighting Philips, Lamp, 571497, 150 W Equivalent, Medium Base",LAMP 150W 27K,"Philips 571497 Lamp, 150 W Equivalent, Medium Base, 27 K Color Temperature","Philips Lamp, LED, 150 W Equivalent, Medium Base, 27 K Color Temperature","Lamp, 150 W Equivalent, Medium Base, 27 K Color Temperature",,,,,,,,,,,,,,,,,,,,,,,,,,,Lamp,Lamp Type,LED,,Wattage Equivalent,150,W,Bulb Shape,,,Base Type,Medium,,Color Temperature,27,K,Quantity per Package,,,Dimmable,,,Additional Information,,,,,,,,,,,,,,,,,,,,,,,,,,,,,,,,,,,,,,,,,,,,,,,,,,,,,,,,,,,,,,,,,,,,,,,,,,,,,,,,,,,,,,,,,,,,,,,,,,,,,,,,,,,,,,,,,,,,,,,,,,,,,,,,,,,,39101619,,,,,,,,,,,,,,,,,,,,,,,,,,,,,,,,,,,,,,,,,,,
,,,,,,,Electrical,Lighting,Light Bulbs,,576306,576306 40W Led A19 5CCT 4pk,-- Unbranded --,-- No Unilog Brand --,Philips,Phillips Lighting (5831),Phillips Lighting,Philips,,576306,,Electrical>Lamps & Light Bulbs>Light Bulbs,"Phillips Lighting Philips, Lamp, 576306, 40 W Equivalent, A19",LAMP A19 40W,"Philips 576306 Lamp, 40 W Equivalent, A19","Philips Lamp, LED, 40 W Equivalent, A19, 4 pk","Lamp, 40 W Equivalent, A19",,,,,,,,,,,,,,,,,,,,,,,,,,,Lamp,Lamp Type,LED,,Wattage Equivalent,40,W,Bulb Shape,A19,,Base Type,,,Color Temperature,,,Quantity per Package,4,pk,Dimmable,,,Additional Information,,,,,,,,,,,,,,,,,,,,,,,,,,,,,,,,,,,,,,,,,,,,,,,,,,,,,,,,,,,,,,,,,,,,,,,,,,,,,,,,,,,,,,,,,,,,,,,,,,,,,,,,,,,,,,,,,,,,,,,,,,,,,,,,,,,,39101619,,,,,,,,,,,,,,,,,,,,,,,,,,,,,,,,,,,,,,,,,,,
,,,,,,,Electrical,Lighting,Light Bulbs,,588533,588533 40W Led Cand 3pk,-- Unbranded --,-- No Unilog Brand --,Philips,Phillips Lighting (5831),Phillips Lighting,Philips,,588533,,Electrical>Lamps & Light Bulbs>Light Bulbs,"Phillips Lighting Philips, Lamp, 588533, 40 W Equivalent, Candelabra",LAMP CAND 40W,"Philips 588533 Lamp, 40 W Equivalent, Candelabra, Candelabra Base","Philips Lamp, LED, 40 W Equivalent, Candelabra, Candelabra Base, 3 pk","Lamp, 40 W Equivalent, Candelabra, Candelabra Base",,,,,,,,,,,,,,,,,,,,,,,,,,,Lamp,Lamp Type,LED,,Wattage Equivalent,40,W,Bulb Shape,Candelabra,,Base Type,Candelabra,,Color Temperature,,,Quantity per Package,3,pk,Dimmable,,,Additional Information,,,,,,,,,,,,,,,,,,,,,,,,,,,,,,,,,,,,,,,,,,,,,,,,,,,,,,,,,,,,,,,,,,,,,,,,,,,,,,,,,,,,,,,,,,,,,,,,,,,,,,,,,,,,,,,,,,,,,,,,,,,,,,,,,,,,39101619,,,,,,,,,,,,,,,,,,,,,,,,,,,,,,,,,,,,,,,,,,,
,,,,,,,Electrical,Lighting,Light Bulbs,,576520,576520 65W Led Med 27k,-- Unbranded --,-- No Unilog Brand --,Philips,Phillips Lighting (5831),Phillips Lighting,Philips,,576520,,Electrical>Lamps & Light Bulbs>Light Bulbs,"Phillips Lighting Philips, Lamp, 576520, 65 W Equivalent, Medium Base",LAMP 65W 27K,"Philips 576520 Lamp, 65 W Equivalent, Medium Base, 27 K Color Temperature","Philips Lamp, LED, 65 W Equivalent, Medium Base, 27 K Color Temperature","Lamp, 65 W Equivalent, Medium Base, 27 K Color Temperature",,,,,,,,,,,,,,,,,,,,,,,,,,,Lamp,Lamp Type,LED,,Wattage Equivalent,65,W,Bulb Shape,,,Base Type,Medium,,Color Temperature,27,K,Quantity per Package,,,Dimmable,,,Additional Information,,,,,,,,,,,,,,,,,,,,,,,,,,,,,,,,,,,,,,,,,,,,,,,,,,,,,,,,,,,,,,,,,,,,,,,,,,,,,,,,,,,,,,,,,,,,,,,,,,,,,,,,,,,,,,,,,,,,,,,,,,,,,,,,,,,,39101619,,,,,,,,,,,,,,,,,,,,,,,,,,,,,,,,,,,,,,,,,,,
,,,,,,,Electrical,Lighting,Light Bulbs,,574004,574004 75W Led ST19 27k 2pk,-- Unbranded --,-- No Unilog Brand --,Philips,Phillips Lighting (5831),Phillips Lighting,Philips,,574004,,Electrical>Lamps & Light Bulbs>Light Bulbs,"Phillips Lighting Philips, Lamp, 574004, 75 W Equivalent, ST19",LAMP ST19 75W 27K,"Philips 574004 Lamp, 75 W Equivalent, ST19, 27 K Color Temperature","Philips Lamp, LED, 75 W Equivalent, ST19, 27 K Color Temperature, 2 pk","Lamp, 75 W Equivalent, ST19, 27 K Color Temperature",,,,,,,,,,,,,,,,,,,,,,,,,,,Lamp,Lamp Type,LED,,Wattage Equivalent,75,W,Bulb Shape,ST19,,Base Type,,,Color Temperature,27,K,Quantity per Package,2,pk,Dimmable,,,Additional Information,,,,,,,,,,,,,,,,,,,,,,,,,,,,,,,,,,,,,,,,,,,,,,,,,,,,,,,,,,,,,,,,,,,,,,,,,,,,,,,,,,,,,,,,,,,,,,,,,,,,,,,,,,,,,,,,,,,,,,,,,,,,,,,,,,,,39101619,,,,,,,,,,,,,,,,,,,,,,,,,,,,,,,,,,,,,,,,,,,
,,,,,,,Electrical,Lighting,Light Bulbs,,574012,574012 75W Led ST19 50k 2pk,-- Unbranded --,-- No Unilog Brand --,Philips,Phillips Lighting (5831),Phillips Lighting,Philips,,574012,,Electrical>Lamps & Light Bulbs>Light Bulbs,"Phillips Lighting Philips, Lamp, 574012, 75 W Equivalent, ST19",LAMP ST19 75W 50K,"Philips 574012 Lamp, 75 W Equivalent, ST19, 50 K Color Temperature","Philips Lamp, LED, 75 W Equivalent, ST19, 50 K Color Temperature, 2 pk","Lamp, 75 W Equivalent, ST19, 50 K Color Temperature",,,,,,,,,,,,,,,,,,,,,,,,,,,Lamp,Lamp Type,LED,,Wattage Equivalent,75,W,Bulb Shape,ST19,,Base Type,,,Color Temperature,50,K,Quantity per Package,2,pk,Dimmable,,,Additional Information,,,,,,,,,,,,,,,,,,,,,,,,,,,,,,,,,,,,,,,,,,,,,,,,,,,,,,,,,,,,,,,,,,,,,,,,,,,,,,,,,,,,,,,,,,,,,,,,,,,,,,,,,,,,,,,,,,,,,,,,,,,,,,,,,,,,39101619,,,,,,,,,,,,,,,,,,,,,,,,,,,,,,,,,,,,,,,,,,,
,,,,,,,Electrical,Lighting,Light Bulbs,,573971,573971 75W Led ST19 20k 4pk,-- Unbranded --,-- No Unilog Brand --,Philips,Phillips Lighting (5831),Phillips Lighting,Philips,,573971,,Electrical>Lamps & Light Bulbs>Light Bulbs,"Phillips Lighting Philips, Lamp, 573971, 75 W Equivalent, ST19",LAMP ST19 75W 20K,"Philips 573971 Lamp, 75 W Equivalent, ST19, 20 K Color Temperature","Philips Lamp, LED, 75 W Equivalent, ST19, 20 K Color Temperature, 4 pk","Lamp, 75 W Equivalent, ST19, 20 K Color Temperature",,,,,,,,,,,,,,,,,,,,,,,,,,,Lamp,Lamp Type,LED,,Wattage Equivalent,75,W,Bulb Shape,ST19,,Base Type,,,Color Temperature,20,K,Quantity per Package,4,pk,Dimmable,,,Additional Information,,,,,,,,,,,,,,,,,,,,,,,,,,,,,,,,,,,,,,,,,,,,,,,,,,,,,,,,,,,,,,,,,,,,,,,,,,,,,,,,,,,,,,,,,,,,,,,,,,,,,,,,,,,,,,,,,,,,,,,,,,,,,,,,,,,,39101619,,,,,,,,,,,,,,,,,,,,,,,,,,,,,,,,,,,,,,,,,,,
,,,,,,,Electrical,Lighting,Light Bulbs,,573989,573989 40W Led Med 27K 4pk,-- Unbranded --,-- No Unilog Brand --,Philips,Phillips Lighting (5831),Phillips Lighting,Philips,,573989,,Electrical>Lamps & Light Bulbs>Light Bulbs,"Phillips Lighting Philips, Lamp, 573989, 40 W Equivalent, Medium Base",LAMP 40W 27K,"Philips 573989 Lamp, 40 W Equivalent, Medium Base, 27 K Color Temperature","Philips Lamp, LED, 40 W Equivalent, Medium Base, 27 K Color Temperature, 4 pk","Lamp, 40 W Equivalent, Medium Base, 27 K Color Temperature",,,,,,,,,,,,,,,,,,,,,,,,,,,Lamp,Lamp Type,LED,,Wattage Equivalent,40,W,Bulb Shape,,,Base Type,Medium,,Color Temperature,27,K,Quantity per Package,4,pk,Dimmable,,,Additional Information,,,,,,,,,,,,,,,,,,,,,,,,,,,,,,,,,,,,,,,,,,,,,,,,,,,,,,,,,,,,,,,,,,,,,,,,,,,,,,,,,,,,,,,,,,,,,,,,,,,,,,,,,,,,,,,,,,,,,,,,,,,,,,,,,,,,39101619,,,,,,,,,,,,,,,,,,,,,,,,,,,,,,,,,,,,,,,,,,,
,,,,,,,Electrical,Lighting,Light Bulbs,,576769,576769 65W Led BR30 Med 27k,-- Unbranded --,-- No Unilog Brand --,Philips,Phillips Lighting (5831),Phillips Lighting,Philips,,576769,,Electrical>Lamps & Light Bulbs>Light Bulbs,"Phillips Lighting Philips, Lamp, 576769, 65 W Equivalent, BR30, Medium Base",LAMP BR30 65W 27K,"Philips 576769 Lamp, 65 W Equivalent, BR30, Medium Base, 27 K Color Temperature","Philips Lamp, LED, 65 W Equivalent, BR30, Medium Base, 27 K Color Temperature","Lamp, 65 W Equivalent, BR30, Medium Base, 27 K Color Temperature",,,,,,,,,,,,,,,,,,,,,,,,,,,Lamp,Lamp Type,LED,,Wattage Equivalent,65,W,Bulb Shape,BR30,,Base Type,Medium,,Color Temperature,27,K,Quantity per Package,,,Dimmable,,,Additional Information,,,,,,,,,,,,,,,,,,,,,,,,,,,,,,,,,,,,,,,,,,,,,,,,,,,,,,,,,,,,,,,,,,,,,,,,,,,,,,,,,,,,,,,,,,,,,,,,,,,,,,,,,,,,,,,,,,,,,,,,,,,,,,,,,,,,39101619,,,,,,,,,,,,,,,,,,,,,,,,,,,,,,,,,,,,,,,,,,,
,,,,,,,Electrical,Lighting,Light Bulbs,,567446,567446 60W Led Med 50K 3pk,-- Unbranded --,-- No Unilog Brand --,Philips,Phillips Lighting (5831),Phillips Lighting,Philips,,567446,,Electrical>Lamps & Light Bulbs>Light Bulbs,"Phillips Lighting Philips, Lamp, 567446, 60 W Equivalent, Medium Base",LAMP 60W 50K,"Philips 567446 Lamp, 60 W Equivalent, Medium Base, 50 K Color Temperature","Philips Lamp, LED, 60 W Equivalent, Medium Base, 50 K Color Temperature, 3 pk","Lamp, 60 W Equivalent, Medium Base, 50 K Color Temperature",,,,,,,,,,,,,,,,,,,,,,,,,,,Lamp,Lamp Type,LED,,Wattage Equivalent,60,W,Bulb Shape,,,Base Type,Medium,,Color Temperature,50,K,Quantity per Package,3,pk,Dimmable,,,Additional Information,,,,,,,,,,,,,,,,,,,,,,,,,,,,,,,,,,,,,,,,,,,,,,,,,,,,,,,,,,,,,,,,,,,,,,,,,,,,,,,,,,,,,,,,,,,,,,,,,,,,,,,,,,,,,,,,,,,,,,,,,,,,,,,,,,,,39101619,,,,,,,,,,,,,,,,,,,,,,,,,,,,,,,,,,,,,,,,,,,
,,,,,,,Electrical,Lighting,Light Bulbs,,573997,573997 40W Led Med 50k 4pk,-- Unbranded --,-- No Unilog Brand --,Philips,Phillips Lighting (5831),Phillips Lighting,Philips,,573997,,Electrical>Lamps & Light Bulbs>Light Bulbs,"Phillips Lighting Philips, Lamp, 573997, 40 W Equivalent, Medium Base",LAMP 40W 50K,"Philips 573997 Lamp, 40 W Equivalent, Medium Base, 50 K Color Temperature","Philips Lamp, LED, 40 W Equivalent, Medium Base, 50 K Color Temperature, 4 pk","Lamp, 40 W Equivalent, Medium Base, 50 K Color Temperature",,,,,,,,,,,,,,,,,,,,,,,,,,,Lamp,Lamp Type,LED,,Wattage Equivalent,40,W,Bulb Shape,,,Base Type,Medium,,Color Temperature,50,K,Quantity per Package,4,pk,Dimmable,,,Additional Information,,,,,,,,,,,,,,,,,,,,,,,,,,,,,,,,,,,,,,,,,,,,,,,,,,,,,,,,,,,,,,,,,,,,,,,,,,,,,,,,,,,,,,,,,,,,,,,,,,,,,,,,,,,,,,,,,,,,,,,,,,,,,,,,,,,,39101619,,,,,,,,,,,,,,,,,,,,,,,,,,,,,,,,,,,,,,,,,,,
,,,,,,,Electrical,Lighting,Light Bulbs,,571463,571463 100W Led BR30 Med 50k,-- Unbranded --,-- No Unilog Brand --,Philips,Phillips Lighting (5831),Phillips Lighting,Philips,,571463,,Electrical>Lamps & Light Bulbs>Light Bulbs,"Phillips Lighting Philips, Lamp, 571463, 100 W Equivalent, BR30, Medium Base",LAMP BR30 100W 50K,"Philips 571463 Lamp, 100 W Equivalent, BR30, Medium Base, 50 K Color Temperature","Philips Lamp, LED, 100 W Equivalent, BR30, Medium Base, 50 K Color Temperature","Lamp, 100 W Equivalent, BR30, Medium Base, 50 K Color Temperature",,,,,,,,,,,,,,,,,,,,,,,,,,,Lamp,Lamp Type,LED,,Wattage Equivalent,100,W,Bulb Shape,BR30,,Base Type,Medium,,Color Temperature,50,K,Quantity per Package,,,Dimmable,,,Additional Information,,,,,,,,,,,,,,,,,,,,,,,,,,,,,,,,,,,,,,,,,,,,,,,,,,,,,,,,,,,,,,,,,,,,,,,,,,,,,,,,,,,,,,,,,,,,,,,,,,,,,,,,,,,,,,,,,,,,,,,,,,,,,,,,,,,,39101619,,,,,,,,,,,,,,,,,,,,,,,,,,,,,,,,,,,,,,,,,,,
,,,,,,,Electrical,Lighting,Light Bulbs,,576512,576512 65W Led BR40 Med 27k,-- Unbranded --,-- No Unilog Brand --,Philips,Phillips Lighting (5831),Phillips Lighting,Philips,,576512,,Electrical>Lamps & Light Bulbs>Light Bulbs,"Phillips Lighting Philips, Lamp, 576512, 65 W Equivalent, BR40, Medium Base",LAMP BR40 65W 27K,"Philips 576512 Lamp, 65 W Equivalent, BR40, Medium Base, 27 K Color Temperature","Philips Lamp, LED, 65 W Equivalent, BR40, Medium Base, 27 K Color Temperature","Lamp, 65 W Equivalent, BR40, Medium Base, 27 K Color Temperature",,,,,,,,,,,,,,,,,,,,,,,,,,,Lamp,Lamp Type,LED,,Wattage Equivalent,65,W,Bulb Shape,BR40,,Base Type,Medium,,Color Temperature,27,K,Quantity per Package,,,Dimmable,,,Additional Information,,,,,,,,,,,,,,,,,,,,,,,,,,,,,,,,,,,,,,,,,,,,,,,,,,,,,,,,,,,,,,,,,,,,,,,,,,,,,,,,,,,,,,,,,,,,,,,,,,,,,,,,,,,,,,,,,,,,,,,,,,,,,,,,,,,,39101619,,,,,,,,,,,,,,,,,,,,,,,,,,,,,,,,,,,,,,,,,,,
,,,,,,,Electrical,Lighting,Light Bulbs,,581181,581181 40W Led Med 2pk,-- Unbranded --,-- No Unilog Brand --,Philips,Phillips Lighting (5831),Phillips Lighting,Philips,,581181,,Electrical>Lamps & Light Bulbs>Light Bulbs,"Phillips Lighting Philips, Lamp, 581181, 40 W Equivalent, Medium Base",LAMP 40W,"Philips 581181 Lamp, 40 W Equivalent, Medium Base","Philips Lamp, LED, 40 W Equivalent, Medium Base, 2 pk","Lamp, 40 W Equivalent, Medium Base",,,,,,,,,,,,,,,,,,,,,,,,,,,Lamp,Lamp Type,LED,,Wattage Equivalent,40,W,Bulb Shape,,,Base Type,Medium,,Color Temperature,,,Quantity per Package,2,pk,Dimmable,,,Additional Information,,,,,,,,,,,,,,,,,,,,,,,,,,,,,,,,,,,,,,,,,,,,,,,,,,,,,,,,,,,,,,,,,,,,,,,,,,,,,,,,,,,,,,,,,,,,,,,,,,,,,,,,,,,,,,,,,,,,,,,,,,,,,,,,,,,,39101619,,,,,,,,,,,,,,,,,,,,,,,,,,,,,,,,,,,,,,,,,,,
,,,,,,,Electrical,Lighting,Light Bulbs,,GT-CB-100C,GTCB100C Led 100W Cob Bulb,-- Unbranded --,-- No Unilog Brand --,GT-Lite,Keystone (5702),Keystone,GT-Lite,,GT-CB-100C,,Electrical>Lamps & Light Bulbs>Light Bulbs,"Keystone GT-Lite, Lamp, GT-CB-100C, 100 W Equivalent",LAMP 100W,"GT-Lite GT-CB-100C Lamp, 100 W Equivalent","GT-Lite Lamp, LED, 100 W Equivalent","Lamp, 100 W Equivalent",,,,,,,,,,,,,,,,,,,,,,,,,,,Lamp,Lamp Type,LED,,Wattage Equivalent,100,W,Bulb Shape,,,Base Type,,,Color Temperature,,,Quantity per Package,,,Dimmable,,,Additional Information,,,,,,,,,,,,,,,,,,,,,,,,,,,,,,,,,,,,,,,,,,,,,,,,,,,,,,,,,,,,,,,,,,,,,,,,,,,,,,,,,,,,,,,,,,,,,,,,,,,,,,,,,,,,,,,,,,,,,,,,,,,,,,,,,,,,39101619,,,,,,,,,,,,,,,,,,,,,,,,,,,,,,,,,,,,,,,,,,,
,,,,,,,Electrical,Lighting,Light Bulbs,,566430,566430 75W Led Med 50k 4pk,-- Unbranded --,-- No Unilog Brand --,Philips,Phillips Lighting (5831),Phillips Lighting,Philips,,566430,,Electrical>Lamps & Light Bulbs>Light Bulbs,"Phillips Lighting Philips, Lamp, 566430, 75 W Equivalent, Medium Base",LAMP 75W 50K,"Philips 566430 Lamp, 75 W Equivalent, Medium Base, 50 K Color Temperature","Philips Lamp, LED, 75 W Equivalent, Medium Base, 50 K Color Temperature, 4 pk","Lamp, 75 W Equivalent, Medium Base, 50 K Color Temperature",,,,,,,,,,,,,,,,,,,,,,,,,,,Lamp,Lamp Type,LED,,Wattage Equivalent,75,W,Bulb Shape,,,Base Type,Medium,,Color Temperature,50,K,Quantity per Package,4,pk,Dimmable,,,Additional Information,,,,,,,,,,,,,,,,,,,,,,,,,,,,,,,,,,,,,,,,,,,,,,,,,,,,,,,,,,,,,,,,,,,,,,,,,,,,,,,,,,,,,,,,,,,,,,,,,,,,,,,,,,,,,,,,,,,,,,,,,,,,,,,,,,,,39101619,,,,,,,,,,,,,,,,,,,,,,,,,,,,,,,,,,,,,,,,,,,
,,,,,,,Electrical,Lighting,Light Bulbs,,568337,568337 120W Led Par38 Med 50k,-- Unbranded --,-- No Unilog Brand --,Philips,Phillips Lighting (5831),Phillips Lighting,Philips,,568337,,Electrical>Lamps & Light Bulbs>Light Bulbs,"Phillips Lighting Philips, Lamp, 568337, 120 W Equivalent, PAR38, Medium Base",LAMP PAR38 120W 50K,"Philips 568337 Lamp, 120 W Equivalent, PAR38, Medium Base, 50 K Color Temperature","Philips Lamp, LED, 120 W Equivalent, PAR38, Medium Base, 50 K Color Temperature","Lamp, 120 W Equivalent, PAR38, Medium Base, 50 K Color Temperature",,,,,,,,,,,,,,,,,,,,,,,,,,,Lamp,Lamp Type,LED,,Wattage Equivalent,120,W,Bulb Shape,PAR38,,Base Type,Medium,,Color Temperature,50,K,Quantity per Package,,,Dimmable,,,Additional Information,,,,,,,,,,,,,,,,,,,,,,,,,,,,,,,,,,,,,,,,,,,,,,,,,,,,,,,,,,,,,,,,,,,,,,,,,,,,,,,,,,,,,,,,,,,,,,,,,,,,,,,,,,,,,,,,,,,,,,,,,,,,,,,,,,,,39101619,,,,,,,,,,,,,,,,,,,,,,,,,,,,,,,,,,,,,,,,,,,
,,,,,,,Electrical,Lighting,Light Bulbs,,565788,565788 40W Led A19 Med 27k,-- Unbranded --,-- No Unilog Brand --,Philips,Phillips Lighting (5831),Phillips Lighting,Philips,,565788,,Electrical>Lamps & Light Bulbs>Light Bulbs,"Phillips Lighting Philips, Lamp, 565788, 40 W Equivalent, A19, Medium Base",LAMP A19 40W 27K,"Philips 565788 Lamp, 40 W Equivalent, A19, Medium Base, 27 K Color Temperature","Philips Lamp, LED, 40 W Equivalent, A19, Medium Base, 27 K Color Temperature","Lamp, 40 W Equivalent, A19, Medium Base, 27 K Color Temperature",,,,,,,,,,,,,,,,,,,,,,,,,,,Lamp,Lamp Type,LED,,Wattage Equivalent,40,W,Bulb Shape,A19,,Base Type,Medium,,Color Temperature,27,K,Quantity per Package,,,Dimmable,,,Additional Information,,,,,,,,,,,,,,,,,,,,,,,,,,,,,,,,,,,,,,,,,,,,,,,,,,,,,,,,,,,,,,,,,,,,,,,,,,,,,,,,,,,,,,,,,,,,,,,,,,,,,,,,,,,,,,,,,,,,,,,,,,,,,,,,,,,,39101619,,,,,,,,,,,,,,,,,,,,,,,,,,,,,,,,,,,,,,,,,,,
,,,,,,,Electrical,Lighting,Light Bulbs,,565770,565770 40W Led A19 Med 50k,-- Unbranded --,-- No Unilog Brand --,Philips,Phillips Lighting (5831),Phillips Lighting,Philips,,565770,,Electrical>Lamps & Light Bulbs>Light Bulbs,"Phillips Lighting Philips, Lamp, 565770, 40 W Equivalent, A19, Medium Base",LAMP A19 40W 50K,"Philips 565770 Lamp, 40 W Equivalent, A19, Medium Base, 50 K Color Temperature","Philips Lamp, LED, 40 W Equivalent, A19, Medium Base, 50 K Color Temperature","Lamp, 40 W Equivalent, A19, Medium Base, 50 K Color Temperature",,,,,,,,,,,,,,,,,,,,,,,,,,,Lamp,Lamp Type,LED,,Wattage Equivalent,40,W,Bulb Shape,A19,,Base Type,Medium,,Color Temperature,50,K,Quantity per Package,,,Dimmable,,,Additional Information,,,,,,,,,,,,,,,,,,,,,,,,,,,,,,,,,,,,,,,,,,,,,,,,,,,,,,,,,,,,,,,,,,,,,,,,,,,,,,,,,,,,,,,,,,,,,,,,,,,,,,,,,,,,,,,,,,,,,,,,,,,,,,,,,,,,39101619,,,,,,,,,,,,,,,,,,,,,,,,,,,,,,,,,,,,,,,,,,,
,,,,,,,Electrical,Lighting,Light Bulbs,,573436,573436 60W Led A19 Med 27k 2pk,-- Unbranded --,-- No Unilog Brand --,Philips,Phillips Lighting (5831),Phillips Lighting,Philips,,573436,,Electrical>Lamps & Light Bulbs>Light Bulbs,"Phillips Lighting Philips, Lamp, 573436, 60 W Equivalent, A19, Medium Base",LAMP A19 60W 27K,"Philips 573436 Lamp, 60 W Equivalent, A19, Medium Base, 27 K Color Temperature","Philips Lamp, LED, 60 W Equivalent, A19, Medium Base, 27 K Color Temperature, 2 pk","Lamp, 60 W Equivalent, A19, Medium Base, 27 K Color Temperature",,,,,,,,,,,,,,,,,,,,,,,,,,,Lamp,Lamp Type,LED,,Wattage Equivalent,60,W,Bulb Shape,A19,,Base Type,Medium,,Color Temperature,27,K,Quantity per Package,2,pk,Dimmable,,,Additional Information,,,,,,,,,,,,,,,,,,,,,,,,,,,,,,,,,,,,,,,,,,,,,,,,,,,,,,,,,,,,,,,,,,,,,,,,,,,,,,,,,,,,,,,,,,,,,,,,,,,,,,,,,,,,,,,,,,,,,,,,,,,,,,,,,,,,39101619,,,,,,,,,,,,,,,,,,,,,,,,,,,,,,,,,,,,,,,,,,,
,,,,,,,Electrical,Lighting,Light Bulbs,,576538,576538 65W Led BR30 Med 50k,-- Unbranded --,-- No Unilog Brand --,Philips,Phillips Lighting (5831),Phillips Lighting,Philips,,576538,,Electrical>Lamps & Light Bulbs>Light Bulbs,"Phillips Lighting Philips, Lamp, 576538, 65 W Equivalent, BR30, Medium Base",LAMP BR30 65W 50K,"Philips 576538 Lamp, 65 W Equivalent, BR30, Medium Base, 50 K Color Temperature","Philips Lamp, LED, 65 W Equivalent, BR30, Medium Base, 50 K Color Temperature","Lamp, 65 W Equivalent, BR30, Medium Base, 50 K Color Temperature",,,,,,,,,,,,,,,,,,,,,,,,,,,Lamp,Lamp Type,LED,,Wattage Equivalent,65,W,Bulb Shape,BR30,,Base Type,Medium,,Color Temperature,50,K,Quantity per Package,,,Dimmable,,,Additional Information,,,,,,,,,,,,,,,,,,,,,,,,,,,,,,,,,,,,,,,,,,,,,,,,,,,,,,,,,,,,,,,,,,,,,,,,,,,,,,,,,,,,,,,,,,,,,,,,,,,,,,,,,,,,,,,,,,,,,,,,,,,,,,,,,,,,39101619,,,,,,,,,,,,,,,,,,,,,,,,,,,,,,,,,,,,,,,,,,,
,,,,,,,Electrical,Lighting,Light Bulbs,,573451,573451 40W Led Med 27k 2pk,-- Unbranded --,-- No Unilog Brand --,Philips,Phillips Lighting (5831),Phillips Lighting,Philips,,573451,,Electrical>Lamps & Light Bulbs>Light Bulbs,"Phillips Lighting Philips, Lamp, 573451, 40 W Equivalent, Medium Base",LAMP 40W 27K,"Philips 573451 Lamp, 40 W Equivalent, Medium Base, 27 K Color Temperature","Philips Lamp, LED, 40 W Equivalent, Medium Base, 27 K Color Temperature, 2 pk","Lamp, 40 W Equivalent, Medium Base, 27 K Color Temperature",,,,,,,,,,,,,,,,,,,,,,,,,,,Lamp,Lamp Type,LED,,Wattage Equivalent,40,W,Bulb Shape,,,Base Type,Medium,,Color Temperature,27,K,Quantity per Package,2,pk,Dimmable,,,Additional Information,,,,,,,,,,,,,,,,,,,,,,,,,,,,,,,,,,,,,,,,,,,,,,,,,,,,,,,,,,,,,,,,,,,,,,,,,,,,,,,,,,,,,,,,,,,,,,,,,,,,,,,,,,,,,,,,,,,,,,,,,,,,,,,,,,,,39101619,,,,,,,,,,,,,,,,,,,,,,,,,,,,,,,,,,,,,,,,,,,
,,,,,,,Electrical,Lighting,Light Bulbs,,586883,586883 100W Led Multi CCT 2pk,-- Unbranded --,-- No Unilog Brand --,Philips,Phillips Lighting (5831),Phillips Lighting,Philips,,586883,,Electrical>Lamps & Light Bulbs>Light Bulbs,"Phillips Lighting Philips, Lamp, 586883, 100 W Equivalent",LAMP 100W,"Philips 586883 Lamp, 100 W Equivalent","Philips Lamp, LED, 100 W Equivalent, 2 pk","Lamp, 100 W Equivalent",,,,,,,,,,,,,,,,,,,,,,,,,,,Lamp,Lamp Type,LED,,Wattage Equivalent,100,W,Bulb Shape,,,Base Type,,,Color Temperature,,,Quantity per Package,2,pk,Dimmable,,,Additional Information,,,,,,,,,,,,,,,,,,,,,,,,,,,,,,,,,,,,,,,,,,,,,,,,,,,,,,,,,,,,,,,,,,,,,,,,,,,,,,,,,,,,,,,,,,,,,,,,,,,,,,,,,,,,,,,,,,,,,,,,,,,,,,,,,,,,39101619,,,,,,,,,,,,,,,,,,,,,,,,,,,,,,,,,,,,,,,,,,,
,,,,,,,Electrical,Lighting,Light Bulbs,,586859,586859 40W Led Med 27K Back Up,-- Unbranded --,-- No Unilog Brand --,Philips,Phillips Lighting (5831),Phillips Lighting,Philips,,586859,,Electrical>Lamps & Light Bulbs>Light Bulbs,"Phillips Lighting Philips, Lamp, 586859, 40 W Equivalent, Medium Base",LAMP 40W 27K,"Philips 586859 Lamp, 40 W Equivalent, Medium Base, 27 K Color Temperature","Philips Lamp, LED, 40 W Equivalent, Medium Base, 27 K Color Temperature","Lamp, 40 W Equivalent, Medium Base, 27 K Color Temperature",,,,,,,,,,,,,,,,,,,,,,,,,,,Lamp,Lamp Type,LED,,Wattage Equivalent,40,W,Bulb Shape,,,Base Type,Medium,,Color Temperature,27,K,Quantity per Package,,,Dimmable,,,Additional Information,,,,,,,,,,,,,,,,,,,,,,,,,,,,,,,,,,,,,,,,,,,,,,,,,,,,,,,,,,,,,,,,,,,,,,,,,,,,,,,,,,,,,,,,,,,,,,,,,,,,,,,,,,,,,,,,,,,,,,,,,,,,,,,,,,,,39101619,,,,,,,,,,,,,,,,,,,,,,,,,,,,,,,,,,,,,,,,,,,
,,,,,,,Electrical,Lighting,Light Bulbs,,576488,576488 45W Led R20 Med 50k,-- Unbranded --,-- No Unilog Brand --,Philips,Phillips Lighting (5831),Phillips Lighting,Philips,,576488,,Electrical>Lamps & Light Bulbs>Light Bulbs,"Phillips Lighting Philips, Lamp, 576488, 45 W Equivalent, R20, Medium Base",LAMP R20 45W 50K,"Philips 576488 Lamp, 45 W Equivalent, R20, Medium Base, 50 K Color Temperature","Philips Lamp, LED, 45 W Equivalent, R20, Medium Base, 50 K Color Temperature","Lamp, 45 W Equivalent, R20, Medium Base, 50 K Color Temperature",,,,,,,,,,,,,,,,,,,,,,,,,,,Lamp,Lamp Type,LED,,Wattage Equivalent,45,W,Bulb Shape,R20,,Base Type,Medium,,Color Temperature,50,K,Quantity per Package,,,Dimmable,,,Additional Information,,,,,,,,,,,,,,,,,,,,,,,,,,,,,,,,,,,,,,,,,,,,,,,,,,,,,,,,,,,,,,,,,,,,,,,,,,,,,,,,,,,,,,,,,,,,,,,,,,,,,,,,,,,,,,,,,,,,,,,,,,,,,,,,,,,,39101619,,,,,,,,,,,,,,,,,,,,,,,,,,,,,,,,,,,,,,,,,,,
,,,,,,,Electrical,Lighting,Light Bulbs,,575217,575217 60W Led Med 50k 2pk,-- Unbranded --,-- No Unilog Brand --,Philips,Phillips Lighting (5831),Phillips Lighting,Philips,,575217,,Electrical>Lamps & Light Bulbs>Light Bulbs,"Phillips Lighting Philips, Lamp, 575217, 60 W Equivalent, Medium Base",LAMP 60W 50K,"Philips 575217 Lamp, 60 W Equivalent, Medium Base, 50 K Color Temperature","Philips Lamp, LED, 60 W Equivalent, Medium Base, 50 K Color Temperature, 2 pk","Lamp, 60 W Equivalent, Medium Base, 50 K Color Temperature",,,,,,,,,,,,,,,,,,,,,,,,,,,Lamp,Lamp Type,LED,,Wattage Equivalent,60,W,Bulb Shape,,,Base Type,Medium,,Color Temperature,50,K,Quantity per Package,2,pk,Dimmable,,,Additional Information,,,,,,,,,,,,,,,,,,,,,,,,,,,,,,,,,,,,,,,,,,,,,,,,,,,,,,,,,,,,,,,,,,,,,,,,,,,,,,,,,,,,,,,,,,,,,,,,,,,,,,,,,,,,,,,,,,,,,,,,,,,,,,,,,,,,39101619,,,,,,,,,,,,,,,,,,,,,,,,,,,,,,,,,,,,,,,,,,,
,,,,,,,Electrical,Lighting,Light Bulbs,,586479,586479 90W Led Med Multi CCT,-- Unbranded --,-- No Unilog Brand --,Philips,Phillips Lighting (5831),Phillips Lighting,Philips,,586479,,Electrical>Lamps & Light Bulbs>Light Bulbs,"Phillips Lighting Philips, Lamp, 586479, 90 W Equivalent, Medium Base",LAMP 90W,"Philips 586479 Lamp, 90 W Equivalent, Medium Base","Philips Lamp, LED, 90 W Equivalent, Medium Base","Lamp, 90 W Equivalent, Medium Base",,,,,,,,,,,,,,,,,,,,,,,,,,,Lamp,Lamp Type,LED,,Wattage Equivalent,90,W,Bulb Shape,,,Base Type,Medium,,Color Temperature,,,Quantity per Package,,,Dimmable,,,Additional Information,,,,,,,,,,,,,,,,,,,,,,,,,,,,,,,,,,,,,,,,,,,,,,,,,,,,,,,,,,,,,,,,,,,,,,,,,,,,,,,,,,,,,,,,,,,,,,,,,,,,,,,,,,,,,,,,,,,,,,,,,,,,,,,,,,,,39101619,,,,,,,,,,,,,,,,,,,,,,,,,,,,,,,,,,,,,,,,,,,
,,,,,,,Electrical,Lighting,Light Bulbs,,571471,571471 100W Led BR30 Med 27k,-- Unbranded --,-- No Unilog Brand --,Philips,Phillips Lighting (5831),Phillips Lighting,Philips,,571471,,Electrical>Lamps & Light Bulbs>Light Bulbs,"Phillips Lighting Philips, Lamp, 571471, 100 W Equivalent, BR30, Medium Base",LAMP BR30 100W 27K,"Philips 571471 Lamp, 100 W Equivalent, BR30, Medium Base, 27 K Color Temperature","Philips Lamp, LED, 100 W Equivalent, BR30, Medium Base, 27 K Color Temperature","Lamp, 100 W Equivalent, BR30, Medium Base, 27 K Color Temperature",,,,,,,,,,,,,,,,,,,,,,,,,,,Lamp,Lamp Type,LED,,Wattage Equivalent,100,W,Bulb Shape,BR30,,Base Type,Medium,,Color Temperature,27,K,Quantity per Package,,,Dimmable,,,Additional Information,,,,,,,,,,,,,,,,,,,,,,,,,,,,,,,,,,,,,,,,,,,,,,,,,,,,,,,,,,,,,,,,,,,,,,,,,,,,,,,,,,,,,,,,,,,,,,,,,,,,,,,,,,,,,,,,,,,,,,,,,,,,,,,,,,,,39101619,,,,,,,,,,,,,,,,,,,,,,,,,,,,,,,,,,,,,,,,,,,
,,,,,,,Electrical,Lighting,Light Bulbs,,570762,570762 50W Led Par16 30k 3pk,-- Unbranded --,-- No Unilog Brand --,Philips,Phillips Lighting (5831),Phillips Lighting,Philips,,570762,,Electrical>Lamps & Light Bulbs>Light Bulbs,"Phillips Lighting Philips, Lamp, 570762, 50 W Equivalent, PAR16",LAMP PAR16 50W 30K,"Philips 570762 Lamp, 50 W Equivalent, PAR16, 30 K Color Temperature","Philips Lamp, LED, 50 W Equivalent, PAR16, 30 K Color Temperature, 3 pk","Lamp, 50 W Equivalent, PAR16, 30 K Color Temperature",,,,,,,,,,,,,,,,,,,,,,,,,,,Lamp,Lamp Type,LED,,Wattage Equivalent,50,W,Bulb Shape,PAR16,,Base Type,,,Color Temperature,30,K,Quantity per Package,3,pk,Dimmable,,,Additional Information,,,,,,,,,,,,,,,,,,,,,,,,,,,,,,,,,,,,,,,,,,,,,,,,,,,,,,,,,,,,,,,,,,,,,,,,,,,,,,,,,,,,,,,,,,,,,,,,,,,,,,,,,,,,,,,,,,,,,,,,,,,,,,,,,,,,39101619,,,,,,,,,,,,,,,,,,,,,,,,,,,,,,,,,,,,,,,,,,,
,,,,,,,Electrical,Lighting,Light Bulbs,,533352,571505 150W Led Med 50k,-- Unbranded --,-- No Unilog Brand --,Philips,Phillips Lighting (5831),Phillips Lighting,Philips,,533352,,Electrical>Lamps & Light Bulbs>Light Bulbs,"Phillips Lighting Philips, Lamp, 533352, 150 W Equivalent, Medium Base",LAMP 150W 50K,"Philips 533352 Lamp, 150 W Equivalent, Medium Base, 50 K Color Temperature","Philips Lamp, LED, 150 W Equivalent, Medium Base, 50 K Color Temperature","Lamp, 150 W Equivalent, Medium Base, 50 K Color Temperature",,,,,,,,,,,,,,,,,,,,,,,,,,,Lamp,Lamp Type,LED,,Wattage Equivalent,150,W,Bulb Shape,,,Base Type,Medium,,Color Temperature,50,K,Quantity per Package,,,Dimmable,,,Additional Information,,,,,,,,,,,,,,,,,,,,,,,,,,,,,,,,,,,,,,,,,,,,,,,,,,,,,,,,,,,,,,,,,,,,,,,,,,,,,,,,,,,,,,,,,,,,,,,,,,,,,,,,,,,,,,,,,,,,,,,,,,,,,,,,,,,,39101619,,,,,,,,,,,,,,,,,,,,,,,,,,,,,,,,,,,,,,,,,,,
,,,,,,,Electrical,Lighting,Light Bulbs,,573519,573519 100W Led A21 27k 2pk,-- Unbranded --,-- No Unilog Brand --,Philips,Phillips Lighting (5831),Phillips Lighting,Philips,,573519,,Electrical>Lamps & Light Bulbs>Light Bulbs,"Phillips Lighting Philips, Lamp, 573519, 100 W Equivalent, A21",LAMP A21 100W 27K,"Philips 573519 Lamp, 100 W Equivalent, A21, 27 K Color Temperature","Philips Lamp, LED, 100 W Equivalent, A21, 27 K Color Temperature, 2 pk","Lamp, 100 W Equivalent, A21, 27 K Color Temperature",,,,,,,,,,,,,,,,,,,,,,,,,,,Lamp,Lamp Type,LED,,Wattage Equivalent,100,W,Bulb Shape,A21,,Base Type,,,Color Temperature,27,K,Quantity per Package,2,pk,Dimmable,,,Additional Information,,,,,,,,,,,,,,,,,,,,,,,,,,,,,,,,,,,,,,,,,,,,,,,,,,,,,,,,,,,,,,,,,,,,,,,,,,,,,,,,,,,,,,,,,,,,,,,,,,,,,,,,,,,,,,,,,,,,,,,,,,,,,,,,,,,,39101619,,,,,,,,,,,,,,,,,,,,,,,,,,,,,,,,,,,,,,,,,,,
,,,,,,,Electrical,Lighting,Light Bulbs,,573378,573378 60W Led Med 27k 3pk,-- Unbranded --,-- No Unilog Brand --,Philips,Phillips Lighting (5831),Phillips Lighting,Philips,,573378,,Electrical>Lamps & Light Bulbs>Light Bulbs,"Phillips Lighting Philips, Lamp, 573378, 60 W Equivalent, Medium Base",LAMP 60W 27K,"Philips 573378 Lamp, 60 W Equivalent, Medium Base, 27 K Color Temperature","Philips Lamp, LED, 60 W Equivalent, Medium Base, 27 K Color Temperature, 3 pk","Lamp, 60 W Equivalent, Medium Base, 27 K Color Temperature",,,,,,,,,,,,,,,,,,,,,,,,,,,Lamp,Lamp Type,LED,,Wattage Equivalent,60,W,Bulb Shape,,,Base Type,Medium,,Color Temperature,27,K,Quantity per Package,3,pk,Dimmable,,,Additional Information,,,,,,,,,,,,,,,,,,,,,,,,,,,,,,,,,,,,,,,,,,,,,,,,,,,,,,,,,,,,,,,,,,,,,,,,,,,,,,,,,,,,,,,,,,,,,,,,,,,,,,,,,,,,,,,,,,,,,,,,,,,,,,,,,,,,39101619,,,,,,,,,,,,,,,,,,,,,,,,,,,,,,,,,,,,,,,,,,,
,,,,,,,Electrical,Lighting,Light Bulbs,,565622,565622 60W Led Med 20k,-- Unbranded --,-- No Unilog Brand --,Philips,Phillips Lighting (5831),Phillips Lighting,Philips,,565622,,Electrical>Lamps & Light Bulbs>Light Bulbs,"Phillips Lighting Philips, Lamp, 565622, 60 W Equivalent, Medium Base",LAMP 60W 20K,"Philips 565622 Lamp, 60 W Equivalent, Medium Base, 20 K Color Temperature","Philips Lamp, LED, 60 W Equivalent, Medium Base, 20 K Color Temperature","Lamp, 60 W Equivalent, Medium Base, 20 K Color Temperature",,,,,,,,,,,,,,,,,,,,,,,,,,,Lamp,Lamp Type,LED,,Wattage Equivalent,60,W,Bulb Shape,,,Base Type,Medium,,Color Temperature,20,K,Quantity per Package,,,Dimmable,,,Additional Information,,,,,,,,,,,,,,,,,,,,,,,,,,,,,,,,,,,,,,,,,,,,,,,,,,,,,,,,,,,,,,,,,,,,,,,,,,,,,,,,,,,,,,,,,,,,,,,,,,,,,,,,,,,,,,,,,,,,,,,,,,,,,,,,,,,,39101619,,,,,,,,,,,,,,,,,,,,,,,,,,,,,,,,,,,,,,,,,,,
,,,,,,,Electrical,Lighting,Light Bulbs,,586891,586891 Led 60W Med A19 27k,-- Unbranded --,-- No Unilog Brand --,Philips,Phillips Lighting (5831),Phillips Lighting,Philips,,586891,,Electrical>Lamps & Light Bulbs>Light Bulbs,"Phillips Lighting Philips, Lamp, 586891, 60 W Equivalent, A19, Medium Base",LAMP A19 60W 27K,"Philips 586891 Lamp, 60 W Equivalent, A19, Medium Base, 27 K Color Temperature","Philips Lamp, LED, 60 W Equivalent, A19, Medium Base, 27 K Color Temperature","Lamp, 60 W Equivalent, A19, Medium Base, 27 K Color Temperature",,,,,,,,,,,,,,,,,,,,,,,,,,,Lamp,Lamp Type,LED,,Wattage Equivalent,60,W,Bulb Shape,A19,,Base Type,Medium,,Color Temperature,27,K,Quantity per Package,,,Dimmable,,,Additional Information,,,,,,,,,,,,,,,,,,,,,,,,,,,,,,,,,,,,,,,,,,,,,,,,,,,,,,,,,,,,,,,,,,,,,,,,,,,,,,,,,,,,,,,,,,,,,,,,,,,,,,,,,,,,,,,,,,,,,,,,,,,,,,,,,,,,39101619,,,,,,,,,,,,,,,,,,,,,,,,,,,,,,,,,,,,,,,,,,,
,,,,,,,Electrical,Lighting,Light Bulbs,,585448,585448 120W Led Motion Bulb,-- Unbranded --,-- No Unilog Brand --,Philips,Phillips Lighting (5831),Phillips Lighting,Philips,,585448,,Electrical>Lamps & Light Bulbs>Light Bulbs,"Phillips Lighting Philips, Lamp, 585448, 120 W Equivalent",LAMP 120W,"Philips 585448 Lamp, 120 W Equivalent","Philips Lamp, LED, 120 W Equivalent","Lamp, 120 W Equivalent",,,,,,,,,,,,,,,,,,,,,,,,,,,Lamp,Lamp Type,LED,,Wattage Equivalent,120,W,Bulb Shape,,,Base Type,,,Color Temperature,,,Quantity per Package,,,Dimmable,,,Additional Information,,,,,,,,,,,,,,,,,,,,,,,,,,,,,,,,,,,,,,,,,,,,,,,,,,,,,,,,,,,,,,,,,,,,,,,,,,,,,,,,,,,,,,,,,,,,,,,,,,,,,,,,,,,,,,,,,,,,,,,,,,,,,,,,,,,,39101619,,,,,,,,,,,,,,,,,,,,,,,,,,,,,,,,,,,,,,,,,,,
,,,,,,,Electrical,Lighting,Light Bulbs,,573444,573444 60W Led A19 Med 50k 2pk,-- Unbranded --,-- No Unilog Brand --,Philips,Phillips Lighting (5831),Phillips Lighting,Philips,,573444,,Electrical>Lamps & Light Bulbs>Light Bulbs,"Phillips Lighting Philips, Lamp, 573444, 60 W Equivalent, A19, Medium Base",LAMP A19 60W 50K,"Philips 573444 Lamp, 60 W Equivalent, A19, Medium Base, 50 K Color Temperature","Philips Lamp, LED, 60 W Equivalent, A19, Medium Base, 50 K Color Temperature, 2 pk","Lamp, 60 W Equivalent, A19, Medium Base, 50 K Color Temperature",,,,,,,,,,,,,,,,,,,,,,,,,,,Lamp,Lamp Type,LED,,Wattage Equivalent,60,W,Bulb Shape,A19,,Base Type,Medium,,Color Temperature,50,K,Quantity per Package,2,pk,Dimmable,,,Additional Information,,,,,,,,,,,,,,,,,,,,,,,,,,,,,,,,,,,,,,,,,,,,,,,,,,,,,,,,,,,,,,,,,,,,,,,,,,,,,,,,,,,,,,,,,,,,,,,,,,,,,,,,,,,,,,,,,,,,,,,,,,,,,,,,,,,,39101619,,,,,,,,,,,,,,,,,,,,,,,,,,,,,,,,,,,,,,,,,,,
,,,,,,,Electrical,Lighting,Light Bulbs,,566687,566687 60W Cand Led 27k 3pk,-- Unbranded --,-- No Unilog Brand --,Philips,Phillips Lighting (5831),Phillips Lighting,Philips,,566687,,Electrical>Lamps & Light Bulbs>Light Bulbs,"Phillips Lighting Philips, Lamp, 566687, 60 W Equivalent, Candelabra",LAMP CAND 60W 27K,"Philips 566687 Lamp, 60 W Equivalent, Candelabra, Candelabra Base, 27 K Color Temperature","Philips Lamp, LED, 60 W Equivalent, Candelabra, Candelabra Base, 27 K Color Temperature, 3 pk","Lamp, 60 W Equivalent, Candelabra, Candelabra Base, 27 K Color Temperature",,,,,,,,,,,,,,,,,,,,,,,,,,,Lamp,Lamp Type,LED,,Wattage Equivalent,60,W,Bulb Shape,Candelabra,,Base Type,Candelabra,,Color Temperature,27,K,Quantity per Package,3,pk,Dimmable,,,Additional Information,,,,,,,,,,,,,,,,,,,,,,,,,,,,,,,,,,,,,,,,,,,,,,,,,,,,,,,,,,,,,,,,,,,,,,,,,,,,,,,,,,,,,,,,,,,,,,,,,,,,,,,,,,,,,,,,,,,,,,,,,,,,,,,,,,,,39101619,,,,,,,,,,,,,,,,,,,,,,,,,,,,,,,,,,,,,,,,,,,
,,,,,,,Electrical,Lighting,Light Bulbs,,564385,564385 40w Led Med 27k 2pk,-- Unbranded --,-- No Unilog Brand --,Philips,Phillips Lighting (5831),Phillips Lighting,Philips,,564385,,Electrical>Lamps & Light Bulbs>Light Bulbs,"Phillips Lighting Philips, Lamp, 564385, 40 W Equivalent, Medium Base",LAMP 40W 27K,"Philips 564385 Lamp, 40 W Equivalent, Medium Base, 27 K Color Temperature","Philips Lamp, LED, 40 W Equivalent, Medium Base, 27 K Color Temperature, 2 pk","Lamp, 40 W Equivalent, Medium Base, 27 K Color Temperature",,,,,,,,,,,,,,,,,,,,,,,,,,,Lamp,Lamp Type,LED,,Wattage Equivalent,40,W,Bulb Shape,,,Base Type,Medium,,Color Temperature,27,K,Quantity per Package,2,pk,Dimmable,,,Additional Information,,,,,,,,,,,,,,,,,,,,,,,,,,,,,,,,,,,,,,,,,,,,,,,,,,,,,,,,,,,,,,,,,,,,,,,,,,,,,,,,,,,,,,,,,,,,,,,,,,,,,,,,,,,,,,,,,,,,,,,,,,,,,,,,,,,,39101619,,,,,,,,,,,,,,,,,,,,,,,,,,,,,,,,,,,,,,,,,,,
,,,,,,,Electrical,Lighting,Light Bulbs,,566661,566661 40W LED Cand 27k 3pk,-- Unbranded --,-- No Unilog Brand --,Philips,Phillips Lighting (5831),Phillips Lighting,Philips,,566661,,Electrical>Lamps & Light Bulbs>Light Bulbs,"Phillips Lighting Philips, Lamp, 566661, 40 W Equivalent, Candelabra",LAMP CAND 40W 27K,"Philips 566661 Lamp, 40 W Equivalent, Candelabra, Candelabra Base, 27 K Color Temperature","Philips Lamp, LED, 40 W Equivalent, Candelabra, Candelabra Base, 27 K Color Temperature, 3 pk","Lamp, 40 W Equivalent, Candelabra, Candelabra Base, 27 K Color Temperature",,,,,,,,,,,,,,,,,,,,,,,,,,,Lamp,Lamp Type,LED,,Wattage Equivalent,40,W,Bulb Shape,Candelabra,,Base Type,Candelabra,,Color Temperature,27,K,Quantity per Package,3,pk,Dimmable,,,Additional Information,,,,,,,,,,,,,,,,,,,,,,,,,,,,,,,,,,,,,,,,,,,,,,,,,,,,,,,,,,,,,,,,,,,,,,,,,,,,,,,,,,,,,,,,,,,,,,,,,,,,,,,,,,,,,,,,,,,,,,,,,,,,,,,,,,,,39101619,,,,,,,,,,,,,,,,,,,,,,,,,,,,,,,,,,,,,,,,,,,
,,,,,,,Electrical,Lighting,Light Bulbs,,564898,564898 60W Cand Led 50k 3pk,-- Unbranded --,-- No Unilog Brand --,Philips,Phillips Lighting (5831),Phillips Lighting,Philips,,564898,,Electrical>Lamps & Light Bulbs>Light Bulbs,"Phillips Lighting Philips, Lamp, 564898, 60 W Equivalent, Candelabra",LAMP CAND 60W 50K,"Philips 564898 Lamp, 60 W Equivalent, Candelabra, Candelabra Base, 50 K Color Temperature","Philips Lamp, LED, 60 W Equivalent, Candelabra, Candelabra Base, 50 K Color Temperature, 3 pk","Lamp, 60 W Equivalent, Candelabra, Candelabra Base, 50 K Color Temperature",,,,,,,,,,,,,,,,,,,,,,,,,,,Lamp,Lamp Type,LED,,Wattage Equivalent,60,W,Bulb Shape,Candelabra,,Base Type,Candelabra,,Color Temperature,50,K,Quantity per Package,3,pk,Dimmable,,,Additional Information,,,,,,,,,,,,,,,,,,,,,,,,,,,,,,,,,,,,,,,,,,,,,,,,,,,,,,,,,,,,,,,,,,,,,,,,,,,,,,,,,,,,,,,,,,,,,,,,,,,,,,,,,,,,,,,,,,,,,,,,,,,,,,,,,,,,39101619,,,,,,,,,,,,,,,,,,,,,,,,,,,,,,,,,,,,,,,,,,,
,,,,,,,Electrical,Lighting,Light Bulbs,,538319,588525 40W Led Cand 3pk,-- Unbranded --,-- No Unilog Brand --,Philips,Phillips Lighting (5831),Phillips Lighting,Philips,,538319,,Electrical>Lamps & Light Bulbs>Light Bulbs,"Phillips Lighting Philips, Lamp, 538319, 40 W Equivalent, Candelabra",LAMP CAND 40W,"Philips 538319 Lamp, 40 W Equivalent, Candelabra, Candelabra Base","Philips Lamp, LED, 40 W Equivalent, Candelabra, Candelabra Base, 3 pk","Lamp, 40 W Equivalent, Candelabra, Candelabra Base",,,,,,,,,,,,,,,,,,,,,,,,,,,Lamp,Lamp Type,LED,,Wattage Equivalent,40,W,Bulb Shape,Candelabra,,Base Type,Candelabra,,Color Temperature,,,Quantity per Package,3,pk,Dimmable,,,Additional Information,,,,,,,,,,,,,,,,,,,,,,,,,,,,,,,,,,,,,,,,,,,,,,,,,,,,,,,,,,,,,,,,,,,,,,,,,,,,,,,,,,,,,,,,,,,,,,,,,,,,,,,,,,,,,,,,,,,,,,,,,,,,,,,,,,,,39101619,,,,,,,,,,,,,,,,,,,,,,,,,,,,,,,,,,,,,,,,,,,
,,,,,,,Electrical,Lighting,Light Bulbs,,576009,576009 100W Led Par30L Med 50k,-- Unbranded --,-- No Unilog Brand --,Philips,Phillips Lighting (5831),Phillips Lighting,Philips,,576009,,Electrical>Lamps & Light Bulbs>Light Bulbs,"Phillips Lighting Philips, Lamp, 576009, 100 W Equivalent, PAR30L, Medium Base",LAMP PAR30L 100W 50K,"Philips 576009 Lamp, 100 W Equivalent, PAR30L, Medium Base, 50 K Color Temperature","Philips Lamp, LED, 100 W Equivalent, PAR30L, Medium Base, 50 K Color Temperature","Lamp, 100 W Equivalent, PAR30L, Medium Base, 50 K Color Temperature",,,,,,,,,,,,,,,,,,,,,,,,,,,Lamp,Lamp Type,LED,,Wattage Equivalent,100,W,Bulb Shape,PAR30L,,Base Type,Medium,,Color Temperature,50,K,Quantity per Package,,,Dimmable,,,Additional Information,,,,,,,,,,,,,,,,,,,,,,,,,,,,,,,,,,,,,,,,,,,,,,,,,,,,,,,,,,,,,,,,,,,,,,,,,,,,,,,,,,,,,,,,,,,,,,,,,,,,,,,,,,,,,,,,,,,,,,,,,,,,,,,,,,,,39101619,,,,,,,,,,,,,,,,,,,,,,,,,,,,,,,,,,,,,,,,,,,
,,,,,,,Electrical,Lighting,Light Bulbs,,564450,564450 40W Led Cand 27k 2pk,-- Unbranded --,-- No Unilog Brand --,Philips,Phillips Lighting (5831),Phillips Lighting,Philips,,564450,,Electrical>Lamps & Light Bulbs>Light Bulbs,"Phillips Lighting Philips, Lamp, 564450, 40 W Equivalent, Candelabra",LAMP CAND 40W 27K,"Philips 564450 Lamp, 40 W Equivalent, Candelabra, Candelabra Base, 27 K Color Temperature","Philips Lamp, LED, 40 W Equivalent, Candelabra, Candelabra Base, 27 K Color Temperature, 2 pk","Lamp, 40 W Equivalent, Candelabra, Candelabra Base, 27 K Color Temperature",,,,,,,,,,,,,,,,,,,,,,,,,,,Lamp,Lamp Type,LED,,Wattage Equivalent,40,W,Bulb Shape,Candelabra,,Base Type,Candelabra,,Color Temperature,27,K,Quantity per Package,2,pk,Dimmable,,,Additional Information,,,,,,,,,,,,,,,,,,,,,,,,,,,,,,,,,,,,,,,,,,,,,,,,,,,,,,,,,,,,,,,,,,,,,,,,,,,,,,,,,,,,,,,,,,,,,,,,,,,,,,,,,,,,,,,,,,,,,,,,,,,,,,,,,,,,39101619,,,,,,,,,,,,,,,,,,,,,,,,,,,,,,,,,,,,,,,,,,,
,,,,,,,Electrical,Lighting,Light Bulbs,,572669,572669 60W Led F15 Med 27k,-- Unbranded --,-- No Unilog Brand --,Philips,Phillips Lighting (5831),Phillips Lighting,Philips,,572669,,Electrical>Lamps & Light Bulbs>Light Bulbs,"Phillips Lighting Philips, Lamp, 572669, 60 W Equivalent, F15, Medium Base",LAMP F15 60W 27K,"Philips 572669 Lamp, 60 W Equivalent, F15, Medium Base, 27 K Color Temperature","Philips Lamp, LED, 60 W Equivalent, F15, Medium Base, 27 K Color Temperature","Lamp, 60 W Equivalent, F15, Medium Base, 27 K Color Temperature",,,,,,,,,,,,,,,,,,,,,,,,,,,Lamp,Lamp Type,LED,,Wattage Equivalent,60,W,Bulb Shape,F15,,Base Type,Medium,,Color Temperature,27,K,Quantity per Package,,,Dimmable,,,Additional Information,,,,,,,,,,,,,,,,,,,,,,,,,,,,,,,,,,,,,,,,,,,,,,,,,,,,,,,,,,,,,,,,,,,,,,,,,,,,,,,,,,,,,,,,,,,,,,,,,,,,,,,,,,,,,,,,,,,,,,,,,,,,,,,,,,,,39101619,,,,,,,,,,,,,,,,,,,,,,,,,,,,,,,,,,,,,,,,,,,
,,,,,,,Electrical,Lighting,Light Bulbs,,564906,564906 60W Led Med 27k 2pk,-- Unbranded --,-- No Unilog Brand --,Philips,Phillips Lighting (5831),Phillips Lighting,Philips,,564906,,Electrical>Lamps & Light Bulbs>Light Bulbs,"Phillips Lighting Philips, Lamp, 564906, 60 W Equivalent, Medium Base",LAMP 60W 27K,"Philips 564906 Lamp, 60 W Equivalent, Medium Base, 27 K Color Temperature","Philips Lamp, LED, 60 W Equivalent, Medium Base, 27 K Color Temperature, 2 pk","Lamp, 60 W Equivalent, Medium Base, 27 K Color Temperature",,,,,,,,,,,,,,,,,,,,,,,,,,,Lamp,Lamp Type,LED,,Wattage Equivalent,60,W,Bulb Shape,,,Base Type,Medium,,Color Temperature,27,K,Quantity per Package,2,pk,Dimmable,,,Additional Information,,,,,,,,,,,,,,,,,,,,,,,,,,,,,,,,,,,,,,,,,,,,,,,,,,,,,,,,,,,,,,,,,,,,,,,,,,,,,,,,,,,,,,,,,,,,,,,,,,,,,,,,,,,,,,,,,,,,,,,,,,,,,,,,,,,,39101619,,,,,,,,,,,,,,,,,,,,,,,,,,,,,,,,,,,,,,,,,,,
,,,,,,,Electrical,Lighting,Light Bulbs,,573410,573410 40W Led A19 Med 27k 2pk,-- Unbranded --,-- No Unilog Brand --,Philips,Phillips Lighting (5831),Phillips Lighting,Philips,,573410,,Electrical>Lamps & Light Bulbs>Light Bulbs,"Phillips Lighting Philips, Lamp, 573410, 40 W Equivalent, A19, Medium Base",LAMP A19 40W 27K,"Philips 573410 Lamp, 40 W Equivalent, A19, Medium Base, 27 K Color Temperature","Philips Lamp, LED, 40 W Equivalent, A19, Medium Base, 27 K Color Temperature, 2 pk","Lamp, 40 W Equivalent, A19, Medium Base, 27 K Color Temperature",,,,,,,,,,,,,,,,,,,,,,,,,,,Lamp,Lamp Type,LED,,Wattage Equivalent,40,W,Bulb Shape,A19,,Base Type,Medium,,Color Temperature,27,K,Quantity per Package,2,pk,Dimmable,,,Additional Information,,,,,,,,,,,,,,,,,,,,,,,,,,,,,,,,,,,,,,,,,,,,,,,,,,,,,,,,,,,,,,,,,,,,,,,,,,,,,,,,,,,,,,,,,,,,,,,,,,,,,,,,,,,,,,,,,,,,,,,,,,,,,,,,,,,,39101619,,,,,,,,,,,,,,,,,,,,,,,,,,,,,,,,,,,,,,,,,,,
,,,,,,,Electrical,Lighting,Light Bulbs,,576504,576504 65W Led BR40 Med 50k,-- Unbranded --,-- No Unilog Brand --,Philips,Phillips Lighting (5831),Phillips Lighting,Philips,,576504,,Electrical>Lamps & Light Bulbs>Light Bulbs,"Phillips Lighting Philips, Lamp, 576504, 65 W Equivalent, BR40, Medium Base",LAMP BR40 65W 50K,"Philips 576504 Lamp, 65 W Equivalent, BR40, Medium Base, 50 K Color Temperature","Philips Lamp, LED, 65 W Equivalent, BR40, Medium Base, 50 K Color Temperature","Lamp, 65 W Equivalent, BR40, Medium Base, 50 K Color Temperature",,,,,,,,,,,,,,,,,,,,,,,,,,,Lamp,Lamp Type,LED,,Wattage Equivalent,65,W,Bulb Shape,BR40,,Base Type,Medium,,Color Temperature,50,K,Quantity per Package,,,Dimmable,,,Additional Information,,,,,,,,,,,,,,,,,,,,,,,,,,,,,,,,,,,,,,,,,,,,,,,,,,,,,,,,,,,,,,,,,,,,,,,,,,,,,,,,,,,,,,,,,,,,,,,,,,,,,,,,,,,,,,,,,,,,,,,,,,,,,,,,,,,,39101619,,,,,,,,,,,,,,,,,,,,,,,,,,,,,,,,,,,,,,,,,,,
,,,,,,,Electrical,Lighting,Light Bulbs,,576017,576017 100W Led Par30L Med 30k,-- Unbranded --,-- No Unilog Brand --,Philips,Phillips Lighting (5831),Phillips Lighting,Philips,,576017,,Electrical>Lamps & Light Bulbs>Light Bulbs,"Phillips Lighting Philips, Lamp, 576017, 100 W Equivalent, PAR30L, Medium Base",LAMP PAR30L 100W 30K,"Philips 576017 Lamp, 100 W Equivalent, PAR30L, Medium Base, 30 K Color Temperature","Philips Lamp, LED, 100 W Equivalent, PAR30L, Medium Base, 30 K Color Temperature","Lamp, 100 W Equivalent, PAR30L, Medium Base, 30 K Color Temperature",,,,,,,,,,,,,,,,,,,,,,,,,,,Lamp,Lamp Type,LED,,Wattage Equivalent,100,W,Bulb Shape,PAR30L,,Base Type,Medium,,Color Temperature,30,K,Quantity per Package,,,Dimmable,,,Additional Information,,,,,,,,,,,,,,,,,,,,,,,,,,,,,,,,,,,,,,,,,,,,,,,,,,,,,,,,,,,,,,,,,,,,,,,,,,,,,,,,,,,,,,,,,,,,,,,,,,,,,,,,,,,,,,,,,,,,,,,,,,,,,,,,,,,,39101619,,,,,,,,,,,,,,,,,,,,,,,,,,,,,,,,,,,,,,,,,,,
,,,,,,,Electrical,Lighting,Light Bulbs,,574392,574392 40W Led B11 Med 27k 3pk,-- Unbranded --,-- No Unilog Brand --,Philips,Phillips Lighting (5831),Phillips Lighting,Philips,,574392,,Electrical>Lamps & Light Bulbs>Light Bulbs,"Phillips Lighting Philips, Lamp, 574392, 40 W Equivalent, B11, Medium Base",LAMP B11 40W 27K,"Philips 574392 Lamp, 40 W Equivalent, B11, Medium Base, 27 K Color Temperature","Philips Lamp, LED, 40 W Equivalent, B11, Medium Base, 27 K Color Temperature, 3 pk","Lamp, 40 W Equivalent, B11, Medium Base, 27 K Color Temperature",,,,,,,,,,,,,,,,,,,,,,,,,,,Lamp,Lamp Type,LED,,Wattage Equivalent,40,W,Bulb Shape,B11,,Base Type,Medium,,Color Temperature,27,K,Quantity per Package,3,pk,Dimmable,,,Additional Information,,,,,,,,,,,,,,,,,,,,,,,,,,,,,,,,,,,,,,,,,,,,,,,,,,,,,,,,,,,,,,,,,,,,,,,,,,,,,,,,,,,,,,,,,,,,,,,,,,,,,,,,,,,,,,,,,,,,,,,,,,,,,,,,,,,,39101619,,,,,,,,,,,,,,,,,,,,,,,,,,,,,,,,,,,,,,,,,,,
,,,,,,,Electrical,Lighting,Light Bulbs,,576751,576751 65W Led BR30 Med 3pk,-- Unbranded --,-- No Unilog Brand --,Philips,Phillips Lighting (5831),Phillips Lighting,Philips,,576751,,Electrical>Lamps & Light Bulbs>Light Bulbs,"Phillips Lighting Philips, Lamp, 576751, 65 W Equivalent, BR30, Medium Base",LAMP BR30 65W,"Philips 576751 Lamp, 65 W Equivalent, BR30, Medium Base","Philips Lamp, LED, 65 W Equivalent, BR30, Medium Base, 3 pk","Lamp, 65 W Equivalent, BR30, Medium Base",,,,,,,,,,,,,,,,,,,,,,,,,,,Lamp,Lamp Type,LED,,Wattage Equivalent,65,W,Bulb Shape,BR30,,Base Type,Medium,,Color Temperature,,,Quantity per Package,3,pk,Dimmable,,,Additional Information,,,,,,,,,,,,,,,,,,,,,,,,,,,,,,,,,,,,,,,,,,,,,,,,,,,,,,,,,,,,,,,,,,,,,,,,,,,,,,,,,,,,,,,,,,,,,,,,,,,,,,,,,,,,,,,,,,,,,,,,,,,,,,,,,,,,39101619,,,,,,,,,,,,,,,,,,,,,,,,,,,,,,,,,,,,,,,,,,,
,,,,,,,Electrical,Lighting,Light Bulbs,,583161,583161 Led 65W Med BR30 3pk,-- Unbranded --,-- No Unilog Brand --,Philips,Phillips Lighting (5831),Phillips Lighting,Philips,,583161,,Electrical>Lamps & Light Bulbs>Light Bulbs,"Phillips Lighting Philips, Lamp, 583161, 65 W Equivalent, BR30, Medium Base",LAMP BR30 65W,"Philips 583161 Lamp, 65 W Equivalent, BR30, Medium Base","Philips Lamp, LED, 65 W Equivalent, BR30, Medium Base, 3 pk","Lamp, 65 W Equivalent, BR30, Medium Base",,,,,,,,,,,,,,,,,,,,,,,,,,,Lamp,Lamp Type,LED,,Wattage Equivalent,65,W,Bulb Shape,BR30,,Base Type,Medium,,Color Temperature,,,Quantity per Package,3,pk,Dimmable,,,Additional Information,,,,,,,,,,,,,,,,,,,,,,,,,,,,,,,,,,,,,,,,,,,,,,,,,,,,,,,,,,,,,,,,,,,,,,,,,,,,,,,,,,,,,,,,,,,,,,,,,,,,,,,,,,,,,,,,,,,,,,,,,,,,,,,,,,,,39101619,,,,,,,,,,,,,,,,,,,,,,,,,,,,,,,,,,,,,,,,,,,
,,,,,,,Electrical,Lighting,Light Bulbs,,566695,566695 60W Led Med 27k 3pk,-- Unbranded --,-- No Unilog Brand --,Philips,Phillips Lighting (5831),Phillips Lighting,Philips,,566695,,Electrical>Lamps & Light Bulbs>Light Bulbs,"Phillips Lighting Philips, Lamp, 566695, 60 W Equivalent, Medium Base",LAMP 60W 27K,"Philips 566695 Lamp, 60 W Equivalent, Medium Base, 27 K Color Temperature","Philips Lamp, LED, 60 W Equivalent, Medium Base, 27 K Color Temperature, 3 pk","Lamp, 60 W Equivalent, Medium Base, 27 K Color Temperature",,,,,,,,,,,,,,,,,,,,,,,,,,,Lamp,Lamp Type,LED,,Wattage Equivalent,60,W,Bulb Shape,,,Base Type,Medium,,Color Temperature,27,K,Quantity per Package,3,pk,Dimmable,,,Additional Information,,,,,,,,,,,,,,,,,,,,,,,,,,,,,,,,,,,,,,,,,,,,,,,,,,,,,,,,,,,,,,,,,,,,,,,,,,,,,,,,,,,,,,,,,,,,,,,,,,,,,,,,,,,,,,,,,,,,,,,,,,,,,,,,,,,,39101619,,,,,,,,,,,,,,,,,,,,,,,,,,,,,,,,,,,,,,,,,,,
,,,,,,,Electrical,Lighting,Light Bulbs,,577007,577007 125W Led Med 30k Flood,-- Unbranded --,-- No Unilog Brand --,Philips,Phillips Lighting (5831),Phillips Lighting,Philips,,577007,,Electrical>Lamps & Light Bulbs>Light Bulbs,"Phillips Lighting Philips, Lamp, 577007, 125 W Equivalent, Medium Base",LAMP 125W 30K,"Philips 577007 Lamp, 125 W Equivalent, Medium Base, 30 K Color Temperature","Philips Lamp, LED, 125 W Equivalent, Medium Base, 30 K Color Temperature","Lamp, 125 W Equivalent, Medium Base, 30 K Color Temperature",,,,,,,,,,,,,,,,,,,,,,,,,,,Lamp,Lamp Type,LED,,Wattage Equivalent,125,W,Bulb Shape,,,Base Type,Medium,,Color Temperature,30,K,Quantity per Package,,,Dimmable,,,Additional Information,,,,,,,,,,,,,,,,,,,,,,,,,,,,,,,,,,,,,,,,,,,,,,,,,,,,,,,,,,,,,,,,,,,,,,,,,,,,,,,,,,,,,,,,,,,,,,,,,,,,,,,,,,,,,,,,,,,,,,,,,,,,,,,,,,,,39101619,,,,,,,,,,,,,,,,,,,,,,,,,,,,,,,,,,,,,,,,,,,
,,,,,,,Electrical,Lighting,Light Bulbs,,566653,566653 25W Led Cand 27k 3pk,-- Unbranded --,-- No Unilog Brand --,Philips,Phillips Lighting (5831),Phillips Lighting,Philips,,566653,,Electrical>Lamps & Light Bulbs>Light Bulbs,"Phillips Lighting Philips, Lamp, 566653, 25 W Equivalent, Candelabra",LAMP CAND 25W 27K,"Philips 566653 Lamp, 25 W Equivalent, Candelabra, Candelabra Base, 27 K Color Temperature","Philips Lamp, LED, 25 W Equivalent, Candelabra, Candelabra Base, 27 K Color Temperature, 3 pk","Lamp, 25 W Equivalent, Candelabra, Candelabra Base, 27 K Color Temperature",,,,,,,,,,,,,,,,,,,,,,,,,,,Lamp,Lamp Type,LED,,Wattage Equivalent,25,W,Bulb Shape,Candelabra,,Base Type,Candelabra,,Color Temperature,27,K,Quantity per Package,3,pk,Dimmable,,,Additional Information,,,,,,,,,,,,,,,,,,,,,,,,,,,,,,,,,,,,,,,,,,,,,,,,,,,,,,,,,,,,,,,,,,,,,,,,,,,,,,,,,,,,,,,,,,,,,,,,,,,,,,,,,,,,,,,,,,,,,,,,,,,,,,,,,,,,39101619,,,,,,,,,,,,,,,,,,,,,,,,,,,,,,,,,,,,,,,,,,,
,,,,,,,Electrical,Lighting,Light Bulbs,,566679,566679 40W Led Med 27k 3pk,-- Unbranded --,-- No Unilog Brand --,Philips,Phillips Lighting (5831),Phillips Lighting,Philips,,566679,,Electrical>Lamps & Light Bulbs>Light Bulbs,"Phillips Lighting Philips, Lamp, 566679, 40 W Equivalent, Medium Base",LAMP 40W 27K,"Philips 566679 Lamp, 40 W Equivalent, Medium Base, 27 K Color Temperature","Philips Lamp, LED, 40 W Equivalent, Medium Base, 27 K Color Temperature, 3 pk","Lamp, 40 W Equivalent, Medium Base, 27 K Color Temperature",,,,,,,,,,,,,,,,,,,,,,,,,,,Lamp,Lamp Type,LED,,Wattage Equivalent,40,W,Bulb Shape,,,Base Type,Medium,,Color Temperature,27,K,Quantity per Package,3,pk,Dimmable,,,Additional Information,,,,,,,,,,,,,,,,,,,,,,,,,,,,,,,,,,,,,,,,,,,,,,,,,,,,,,,,,,,,,,,,,,,,,,,,,,,,,,,,,,,,,,,,,,,,,,,,,,,,,,,,,,,,,,,,,,,,,,,,,,,,,,,,,,,,39101619,,,,,,,,,,,,,,,,,,,,,,,,,,,,,,,,,,,,,,,,,,,
,,,,,,,Electrical,Lighting,Light Bulbs,,573311,573311 60W Led Med 27k 2pk,-- Unbranded --,-- No Unilog Brand --,Philips,Phillips Lighting (5831),Phillips Lighting,Philips,,573311,,Electrical>Lamps & Light Bulbs>Light Bulbs,"Phillips Lighting Philips, Lamp, 573311, 60 W Equivalent, Medium Base",LAMP 60W 27K,"Philips 573311 Lamp, 60 W Equivalent, Medium Base, 27 K Color Temperature","Philips Lamp, LED, 60 W Equivalent, Medium Base, 27 K Color Temperature, 2 pk","Lamp, 60 W Equivalent, Medium Base, 27 K Color Temperature",,,,,,,,,,,,,,,,,,,,,,,,,,,Lamp,Lamp Type,LED,,Wattage Equivalent,60,W,Bulb Shape,,,Base Type,Medium,,Color Temperature,27,K,Quantity per Package,2,pk,Dimmable,,,Additional Information,,,,,,,,,,,,,,,,,,,,,,,,,,,,,,,,,,,,,,,,,,,,,,,,,,,,,,,,,,,,,,,,,,,,,,,,,,,,,,,,,,,,,,,,,,,,,,,,,,,,,,,,,,,,,,,,,,,,,,,,,,,,,,,,,,,,39101619,,,,,,,,,,,,,,,,,,,,,,,,,,,,,,,,,,,,,,,,,,,
,,,,,,,Electrical,Lighting,Light Bulbs,,573394,573394 60W Led Cand 27k 2pk,-- Unbranded --,-- No Unilog Brand --,Philips,Phillips Lighting (5831),Phillips Lighting,Philips,,573394,,Electrical>Lamps & Light Bulbs>Light Bulbs,"Phillips Lighting Philips, Lamp, 573394, 60 W Equivalent, Candelabra",LAMP CAND 60W 27K,"Philips 573394 Lamp, 60 W Equivalent, Candelabra, Candelabra Base, 27 K Color Temperature","Philips Lamp, LED, 60 W Equivalent, Candelabra, Candelabra Base, 27 K Color Temperature, 2 pk","Lamp, 60 W Equivalent, Candelabra, Candelabra Base, 27 K Color Temperature",,,,,,,,,,,,,,,,,,,,,,,,,,,Lamp,Lamp Type,LED,,Wattage Equivalent,60,W,Bulb Shape,Candelabra,,Base Type,Candelabra,,Color Temperature,27,K,Quantity per Package,2,pk,Dimmable,,,Additional Information,,,,,,,,,,,,,,,,,,,,,,,,,,,,,,,,,,,,,,,,,,,,,,,,,,,,,,,,,,,,,,,,,,,,,,,,,,,,,,,,,,,,,,,,,,,,,,,,,,,,,,,,,,,,,,,,,,,,,,,,,,,,,,,,,,,,39101619,,,,,,,,,,,,,,,,,,,,,,,,,,,,,,,,,,,,,,,,,,,
,,,,,,,Electrical,Lighting,Light Bulbs,,573329,573329 60W Cand Led 27k 2pk,-- Unbranded --,-- No Unilog Brand --,Philips,Phillips Lighting (5831),Phillips Lighting,Philips,,573329,,Electrical>Lamps & Light Bulbs>Light Bulbs,"Phillips Lighting Philips, Lamp, 573329, 60 W Equivalent, Candelabra",LAMP CAND 60W 27K,"Philips 573329 Lamp, 60 W Equivalent, Candelabra, Candelabra Base, 27 K Color Temperature","Philips Lamp, LED, 60 W Equivalent, Candelabra, Candelabra Base, 27 K Color Temperature, 2 pk","Lamp, 60 W Equivalent, Candelabra, Candelabra Base, 27 K Color Temperature",,,,,,,,,,,,,,,,,,,,,,,,,,,Lamp,Lamp Type,LED,,Wattage Equivalent,60,W,Bulb Shape,Candelabra,,Base Type,Candelabra,,Color Temperature,27,K,Quantity per Package,2,pk,Dimmable,,,Additional Information,,,,,,,,,,,,,,,,,,,,,,,,,,,,,,,,,,,,,,,,,,,,,,,,,,,,,,,,,,,,,,,,,,,,,,,,,,,,,,,,,,,,,,,,,,,,,,,,,,,,,,,,,,,,,,,,,,,,,,,,,,,,,,,,,,,,39101619,,,,,,,,,,,,,,,,,,,,,,,,,,,,,,,,,,,,,,,,,,,
,,,,,,,Electrical,Lighting,Light Bulbs,,564930,564930 40W Cand Led 50k 3pk,-- Unbranded --,-- No Unilog Brand --,Philips,Phillips Lighting (5831),Phillips Lighting,Philips,,564930,,Electrical>Lamps & Light Bulbs>Light Bulbs,"Phillips Lighting Philips, Lamp, 564930, 40 W Equivalent, Candelabra",LAMP CAND 40W 50K,"Philips 564930 Lamp, 40 W Equivalent, Candelabra, Candelabra Base, 50 K Color Temperature","Philips Lamp, LED, 40 W Equivalent, Candelabra, Candelabra Base, 50 K Color Temperature, 3 pk","Lamp, 40 W Equivalent, Candelabra, Candelabra Base, 50 K Color Temperature",,,,,,,,,,,,,,,,,,,,,,,,,,,Lamp,Lamp Type,LED,,Wattage Equivalent,40,W,Bulb Shape,Candelabra,,Base Type,Candelabra,,Color Temperature,50,K,Quantity per Package,3,pk,Dimmable,,,Additional Information,,,,,,,,,,,,,,,,,,,,,,,,,,,,,,,,,,,,,,,,,,,,,,,,,,,,,,,,,,,,,,,,,,,,,,,,,,,,,,,,,,,,,,,,,,,,,,,,,,,,,,,,,,,,,,,,,,,,,,,,,,,,,,,,,,,,39101619,,,,,,,,,,,,,,,,,,,,,,,,,,,,,,,,,,,,,,,,,,,
,,,,,,,Electrical,Lighting,Light Bulbs,,565000,565000 60W Led Med 27k 2pk,-- Unbranded --,-- No Unilog Brand --,Philips,Phillips Lighting (5831),Phillips Lighting,Philips,,565000,,Electrical>Lamps & Light Bulbs>Light Bulbs,"Phillips Lighting Philips, Lamp, 565000, 60 W Equivalent, Medium Base",LAMP 60W 27K,"Philips 565000 Lamp, 60 W Equivalent, Medium Base, 27 K Color Temperature","Philips Lamp, LED, 60 W Equivalent, Medium Base, 27 K Color Temperature, 2 pk","Lamp, 60 W Equivalent, Medium Base, 27 K Color Temperature",,,,,,,,,,,,,,,,,,,,,,,,,,,Lamp,Lamp Type,LED,,Wattage Equivalent,60,W,Bulb Shape,,,Base Type,Medium,,Color Temperature,27,K,Quantity per Package,2,pk,Dimmable,,,Additional Information,,,,,,,,,,,,,,,,,,,,,,,,,,,,,,,,,,,,,,,,,,,,,,,,,,,,,,,,,,,,,,,,,,,,,,,,,,,,,,,,,,,,,,,,,,,,,,,,,,,,,,,,,,,,,,,,,,,,,,,,,,,,,,,,,,,,39101619,,,,,,,,,,,,,,,,,,,,,,,,,,,,,,,,,,,,,,,,,,,
,,,,,,,Electrical,Lighting,Light Bulbs,,564922,564922 60W Led BA11 50k 3pk,-- Unbranded --,-- No Unilog Brand --,Philips,Phillips Lighting (5831),Phillips Lighting,Philips,,564922,,Electrical>Lamps & Light Bulbs>Light Bulbs,"Phillips Lighting Philips, Lamp, 564922, 60 W Equivalent, BA11",LAMP BA11 60W 50K,"Philips 564922 Lamp, 60 W Equivalent, BA11, 50 K Color Temperature","Philips Lamp, LED, 60 W Equivalent, BA11, 50 K Color Temperature, 3 pk","Lamp, 60 W Equivalent, BA11, 50 K Color Temperature",,,,,,,,,,,,,,,,,,,,,,,,,,,Lamp,Lamp Type,LED,,Wattage Equivalent,60,W,Bulb Shape,BA11,,Base Type,,,Color Temperature,50,K,Quantity per Package,3,pk,Dimmable,,,Additional Information,,,,,,,,,,,,,,,,,,,,,,,,,,,,,,,,,,,,,,,,,,,,,,,,,,,,,,,,,,,,,,,,,,,,,,,,,,,,,,,,,,,,,,,,,,,,,,,,,,,,,,,,,,,,,,,,,,,,,,,,,,,,,,,,,,,,39101619,,,,,,,,,,,,,,,,,,,,,,,,,,,,,,,,,,,,,,,,,,,
,,,,,,,Electrical,Lighting,Light Bulbs,,573295,573295 40W Led Med 27k 2pk,-- Unbranded --,-- No Unilog Brand --,Philips,Phillips Lighting (5831),Phillips Lighting,Philips,,573295,,Electrical>Lamps & Light Bulbs>Light Bulbs,"Phillips Lighting Philips, Lamp, 573295, 40 W Equivalent, Medium Base",LAMP 40W 27K,"Philips 573295 Lamp, 40 W Equivalent, Medium Base, 27 K Color Temperature","Philips Lamp, LED, 40 W Equivalent, Medium Base, 27 K Color Temperature, 2 pk","Lamp, 40 W Equivalent, Medium Base, 27 K Color Temperature",,,,,,,,,,,,,,,,,,,,,,,,,,,Lamp,Lamp Type,LED,,Wattage Equivalent,40,W,Bulb Shape,,,Base Type,Medium,,Color Temperature,27,K,Quantity per Package,2,pk,Dimmable,,,Additional Information,,,,,,,,,,,,,,,,,,,,,,,,,,,,,,,,,,,,,,,,,,,,,,,,,,,,,,,,,,,,,,,,,,,,,,,,,,,,,,,,,,,,,,,,,,,,,,,,,,,,,,,,,,,,,,,,,,,,,,,,,,,,,,,,,,,,39101619,,,,,,,,,,,,,,,,,,,,,,,,,,,,,,,,,,,,,,,,,,,
,,,,,,,Electrical,Lighting,Light Bulbs,,564914,564914 60W Med Led 50k 2pk,-- Unbranded --,-- No Unilog Brand --,Philips,Phillips Lighting (5831),Phillips Lighting,Philips,,564914,,Electrical>Lamps & Light Bulbs>Light Bulbs,"Phillips Lighting Philips, Lamp, 564914, 60 W Equivalent, Medium Base",LAMP 60W 50K,"Philips 564914 Lamp, 60 W Equivalent, Medium Base, 50 K Color Temperature","Philips Lamp, LED, 60 W Equivalent, Medium Base, 50 K Color Temperature, 2 pk","Lamp, 60 W Equivalent, Medium Base, 50 K Color Temperature",,,,,,,,,,,,,,,,,,,,,,,,,,,Lamp,Lamp Type,LED,,Wattage Equivalent,60,W,Bulb Shape,,,Base Type,Medium,,Color Temperature,50,K,Quantity per Package,2,pk,Dimmable,,,Additional Information,,,,,,,,,,,,,,,,,,,,,,,,,,,,,,,,,,,,,,,,,,,,,,,,,,,,,,,,,,,,,,,,,,,,,,,,,,,,,,,,,,,,,,,,,,,,,,,,,,,,,,,,,,,,,,,,,,,,,,,,,,,,,,,,,,,,39101619,,,,,,,,,,,,,,,,,,,,,,,,,,,,,,,,,,,,,,,,,,,
,,,,,,,Electrical,Lighting,Light Bulbs,,573485,573485 60W Led A19 Med 50k 2pk,-- Unbranded --,-- No Unilog Brand --,Philips,Phillips Lighting (5831),Phillips Lighting,Philips,,573485,,Electrical>Lamps & Light Bulbs>Light Bulbs,"Phillips Lighting Philips, Lamp, 573485, 60 W Equivalent, A19, Medium Base",LAMP A19 60W 50K,"Philips 573485 Lamp, 60 W Equivalent, A19, Medium Base, 50 K Color Temperature","Philips Lamp, LED, 60 W Equivalent, A19, Medium Base, 50 K Color Temperature, 2 pk","Lamp, 60 W Equivalent, A19, Medium Base, 50 K Color Temperature",,,,,,,,,,,,,,,,,,,,,,,,,,,Lamp,Lamp Type,LED,,Wattage Equivalent,60,W,Bulb Shape,A19,,Base Type,Medium,,Color Temperature,50,K,Quantity per Package,2,pk,Dimmable,,,Additional Information,,,,,,,,,,,,,,,,,,,,,,,,,,,,,,,,,,,,,,,,,,,,,,,,,,,,,,,,,,,,,,,,,,,,,,,,,,,,,,,,,,,,,,,,,,,,,,,,,,,,,,,,,,,,,,,,,,,,,,,,,,,,,,,,,,,,39101619,,,,,,,,,,,,,,,,,,,,,,,,,,,,,,,,,,,,,,,,,,,
,,,,,,,Electrical,Lighting,Light Bulbs,,573337,573337 40W Led G25 Med 50k 2pk,-- Unbranded --,-- No Unilog Brand --,Philips,Phillips Lighting (5831),Phillips Lighting,Philips,,573337,,Electrical>Lamps & Light Bulbs>Light Bulbs,"Phillips Lighting Philips, Lamp, 573337, 40 W Equivalent, G25, Medium Base",LAMP G25 40W 50K,"Philips 573337 Lamp, 40 W Equivalent, G25, Medium Base, 50 K Color Temperature","Philips Lamp, LED, 40 W Equivalent, G25, Medium Base, 50 K Color Temperature, 2 pk","Lamp, 40 W Equivalent, G25, Medium Base, 50 K Color Temperature",,,,,,,,,,,,,,,,,,,,,,,,,,,Lamp,Lamp Type,LED,,Wattage Equivalent,40,W,Bulb Shape,G25,,Base Type,Medium,,Color Temperature,50,K,Quantity per Package,2,pk,Dimmable,,,Additional Information,,,,,,,,,,,,,,,,,,,,,,,,,,,,,,,,,,,,,,,,,,,,,,,,,,,,,,,,,,,,,,,,,,,,,,,,,,,,,,,,,,,,,,,,,,,,,,,,,,,,,,,,,,,,,,,,,,,,,,,,,,,,,,,,,,,,39101619,,,,,,,,,,,,,,,,,,,,,,,,,,,,,,,,,,,,,,,,,,,
,,,,,,,Electrical,Lighting,Light Bulbs,,544874,544874 32W Led T8 UBulb 40k,-- Unbranded --,-- No Unilog Brand --,Philips,Phillips Lighting (5831),Phillips Lighting,Philips,,544874,,Electrical>Lamps & Light Bulbs>Light Bulbs,"Phillips Lighting Philips, Lamp, 544874, 32 W Equivalent, T8",LAMP T8 32W 40K,"Philips 544874 Lamp, 32 W Equivalent, T8, 40 K Color Temperature","Philips Lamp, LED, 32 W Equivalent, T8, 40 K Color Temperature","Lamp, 32 W Equivalent, T8, 40 K Color Temperature",,,,,,,,,,,,,,,,,,,,,,,,,,,Lamp,Lamp Type,LED,,Wattage Equivalent,32,W,Bulb Shape,T8,,Base Type,,,Color Temperature,40,K,Quantity per Package,,,Dimmable,,,Additional Information,,,,,,,,,,,,,,,,,,,,,,,,,,,,,,,,,,,,,,,,,,,,,,,,,,,,,,,,,,,,,,,,,,,,,,,,,,,,,,,,,,,,,,,,,,,,,,,,,,,,,,,,,,,,,,,,,,,,,,,,,,,,,,,,,,,,39101619,,,,,,,,,,,,,,,,,,,,,,,,,,,,,,,,,,,,,,,,,,,
,,,,,,,Electrical,Lighting,Light Bulbs,,570846,570846 50W Led Med 22K 2pk,-- Unbranded --,-- No Unilog Brand --,Philips,Phillips Lighting (5831),Phillips Lighting,Philips,,570846,,Electrical>Lamps & Light Bulbs>Light Bulbs,"Phillips Lighting Philips, Lamp, 570846, 50 W Equivalent, Medium Base",LAMP 50W 22K,"Philips 570846 Lamp, 50 W Equivalent, Medium Base, 22 K Color Temperature","Philips Lamp, LED, 50 W Equivalent, Medium Base, 22 K Color Temperature, 2 pk","Lamp, 50 W Equivalent, Medium Base, 22 K Color Temperature",,,,,,,,,,,,,,,,,,,,,,,,,,,Lamp,Lamp Type,LED,,Wattage Equivalent,50,W,Bulb Shape,,,Base Type,Medium,,Color Temperature,22,K,Quantity per Package,2,pk,Dimmable,,,Additional Information,,,,,,,,,,,,,,,,,,,,,,,,,,,,,,,,,,,,,,,,,,,,,,,,,,,,,,,,,,,,,,,,,,,,,,,,,,,,,,,,,,,,,,,,,,,,,,,,,,,,,,,,,,,,,,,,,,,,,,,,,,,,,,,,,,,,39101619,,,,,,,,,,,,,,,,,,,,,,,,,,,,,,,,,,,,,,,,,,,
,,,,,,,Electrical,Lighting,Light Bulbs,,565473,565473 60W Led A19 Bulb 2pk,-- Unbranded --,-- No Unilog Brand --,Philips,Phillips Lighting (5831),Phillips Lighting,Philips,,565473,,Electrical>Lamps & Light Bulbs>Light Bulbs,"Phillips Lighting Philips, Lamp, 565473, 60 W Equivalent, A19",LAMP A19 60W,"Philips 565473 Lamp, 60 W Equivalent, A19","Philips Lamp, LED, 60 W Equivalent, A19, 2 pk","Lamp, 60 W Equivalent, A19",,,,,,,,,,,,,,,,,,,,,,,,,,,Lamp,Lamp Type,LED,,Wattage Equivalent,60,W,Bulb Shape,A19,,Base Type,,,Color Temperature,,,Quantity per Package,2,pk,Dimmable,,,Additional Information,,,,,,,,,,,,,,,,,,,,,,,,,,,,,,,,,,,,,,,,,,,,,,,,,,,,,,,,,,,,,,,,,,,,,,,,,,,,,,,,,,,,,,,,,,,,,,,,,,,,,,,,,,,,,,,,,,,,,,,,,,,,,,,,,,,,39101619,,,,,,,,,,,,,,,,,,,,,,,,,,,,,,,,,,,,,,,,,,,
,,,,,,,Electrical,Lighting,Light Bulbs,,573402,573402 60W Led Med 50k 2pk,-- Unbranded --,-- No Unilog Brand --,Philips,Phillips Lighting (5831),Phillips Lighting,Philips,,573402,,Electrical>Lamps & Light Bulbs>Light Bulbs,"Phillips Lighting Philips, Lamp, 573402, 60 W Equivalent, Medium Base",LAMP 60W 50K,"Philips 573402 Lamp, 60 W Equivalent, Medium Base, 50 K Color Temperature","Philips Lamp, LED, 60 W Equivalent, Medium Base, 50 K Color Temperature, 2 pk","Lamp, 60 W Equivalent, Medium Base, 50 K Color Temperature",,,,,,,,,,,,,,,,,,,,,,,,,,,Lamp,Lamp Type,LED,,Wattage Equivalent,60,W,Bulb Shape,,,Base Type,Medium,,Color Temperature,50,K,Quantity per Package,2,pk,Dimmable,,,Additional Information,,,,,,,,,,,,,,,,,,,,,,,,,,,,,,,,,,,,,,,,,,,,,,,,,,,,,,,,,,,,,,,,,,,,,,,,,,,,,,,,,,,,,,,,,,,,,,,,,,,,,,,,,,,,,,,,,,,,,,,,,,,,,,,,,,,,39101619,,,,,,,,,,,,,,,,,,,,,,,,,,,,,,,,,,,,,,,,,,,
,,,,,,,Electrical,Lighting,Light Bulbs,,573352,573352 40W Led Med 27k 2pk,-- Unbranded --,-- No Unilog Brand --,Philips,Phillips Lighting (5831),Phillips Lighting,Philips,,573352,,Electrical>Lamps & Light Bulbs>Light Bulbs,"Phillips Lighting Philips, Lamp, 573352, 40 W Equivalent, Medium Base",LAMP 40W 27K,"Philips 573352 Lamp, 40 W Equivalent, Medium Base, 27 K Color Temperature","Philips Lamp, LED, 40 W Equivalent, Medium Base, 27 K Color Temperature, 2 pk","Lamp, 40 W Equivalent, Medium Base, 27 K Color Temperature",,,,,,,,,,,,,,,,,,,,,,,,,,,Lamp,Lamp Type,LED,,Wattage Equivalent,40,W,Bulb Shape,,,Base Type,Medium,,Color Temperature,27,K,Quantity per Package,2,pk,Dimmable,,,Additional Information,,,,,,,,,,,,,,,,,,,,,,,,,,,,,,,,,,,,,,,,,,,,,,,,,,,,,,,,,,,,,,,,,,,,,,,,,,,,,,,,,,,,,,,,,,,,,,,,,,,,,,,,,,,,,,,,,,,,,,,,,,,,,,,,,,,,39101619,,,,,,,,,,,,,,,,,,,,,,,,,,,,,,,,,,,,,,,,,,,
,,,,,,,Electrical,Lighting,Light Bulbs,,573428,573428 40W Med Led 50k 2pk,-- Unbranded --,-- No Unilog Brand --,Philips,Phillips Lighting (5831),Phillips Lighting,Philips,,573428,,Electrical>Lamps & Light Bulbs>Light Bulbs,"Phillips Lighting Philips, Lamp, 573428, 40 W Equivalent, Medium Base",LAMP 40W 50K,"Philips 573428 Lamp, 40 W Equivalent, Medium Base, 50 K Color Temperature","Philips Lamp, LED, 40 W Equivalent, Medium Base, 50 K Color Temperature, 2 pk","Lamp, 40 W Equivalent, Medium Base, 50 K Color Temperature",,,,,,,,,,,,,,,,,,,,,,,,,,,Lamp,Lamp Type,LED,,Wattage Equivalent,40,W,Bulb Shape,,,Base Type,Medium,,Color Temperature,50,K,Quantity per Package,2,pk,Dimmable,,,Additional Information,,,,,,,,,,,,,,,,,,,,,,,,,,,,,,,,,,,,,,,,,,,,,,,,,,,,,,,,,,,,,,,,,,,,,,,,,,,,,,,,,,,,,,,,,,,,,,,,,,,,,,,,,,,,,,,,,,,,,,,,,,,,,,,,,,,,39101619,,,,,,,,,,,,,,,,,,,,,,,,,,,,,,,,,,,,,,,,,,,
,,,,,,,Electrical,Lighting,Light Bulbs,,573386,573386 60W Led Med 27k 2pk,-- Unbranded --,-- No Unilog Brand --,Philips,Phillips Lighting (5831),Phillips Lighting,Philips,,573386,,Electrical>Lamps & Light Bulbs>Light Bulbs,"Phillips Lighting Philips, Lamp, 573386, 60 W Equivalent, Medium Base",LAMP 60W 27K,"Philips 573386 Lamp, 60 W Equivalent, Medium Base, 27 K Color Temperature","Philips Lamp, LED, 60 W Equivalent, Medium Base, 27 K Color Temperature, 2 pk","Lamp, 60 W Equivalent, Medium Base, 27 K Color Temperature",,,,,,,,,,,,,,,,,,,,,,,,,,,Lamp,Lamp Type,LED,,Wattage Equivalent,60,W,Bulb Shape,,,Base Type,Medium,,Color Temperature,27,K,Quantity per Package,2,pk,Dimmable,,,Additional Information,,,,,,,,,,,,,,,,,,,,,,,,,,,,,,,,,,,,,,,,,,,,,,,,,,,,,,,,,,,,,,,,,,,,,,,,,,,,,,,,,,,,,,,,,,,,,,,,,,,,,,,,,,,,,,,,,,,,,,,,,,,,,,,,,,,,39101619,,,,,,,,,,,,,,,,,,,,,,,,,,,,,,,,,,,,,,,,,,,
,,,,,,,Electrical,Lighting,Light Bulbs,,564948,564948 40W Led Med 50k 3pk,-- Unbranded --,-- No Unilog Brand --,Philips,Phillips Lighting (5831),Phillips Lighting,Philips,,564948,,Electrical>Lamps & Light Bulbs>Light Bulbs,"Phillips Lighting Philips, Lamp, 564948, 40 W Equivalent, Medium Base",LAMP 40W 50K,"Philips 564948 Lamp, 40 W Equivalent, Medium Base, 50 K Color Temperature","Philips Lamp, LED, 40 W Equivalent, Medium Base, 50 K Color Temperature, 3 pk","Lamp, 40 W Equivalent, Medium Base, 50 K Color Temperature",,,,,,,,,,,,,,,,,,,,,,,,,,,Lamp,Lamp Type,LED,,Wattage Equivalent,40,W,Bulb Shape,,,Base Type,Medium,,Color Temperature,50,K,Quantity per Package,3,pk,Dimmable,,,Additional Information,,,,,,,,,,,,,,,,,,,,,,,,,,,,,,,,,,,,,,,,,,,,,,,,,,,,,,,,,,,,,,,,,,,,,,,,,,,,,,,,,,,,,,,,,,,,,,,,,,,,,,,,,,,,,,,,,,,,,,,,,,,,,,,,,,,,39101619,,,,,,,,,,,,,,,,,,,,,,,,,,,,,,,,,,,,,,,,,,,
,,,,,,,Electrical,Lighting,Light Bulbs,,573303,573303 40W Led Cand 27k 2pk,-- Unbranded --,-- No Unilog Brand --,Philips,Phillips Lighting (5831),Phillips Lighting,Philips,,573303,,Electrical>Lamps & Light Bulbs>Light Bulbs,"Phillips Lighting Philips, Lamp, 573303, 40 W Equivalent, Candelabra",LAMP CAND 40W 27K,"Philips 573303 Lamp, 40 W Equivalent, Candelabra, Candelabra Base, 27 K Color Temperature","Philips Lamp, LED, 40 W Equivalent, Candelabra, Candelabra Base, 27 K Color Temperature, 2 pk","Lamp, 40 W Equivalent, Candelabra, Candelabra Base, 27 K Color Temperature",,,,,,,,,,,,,,,,,,,,,,,,,,,Lamp,Lamp Type,LED,,Wattage Equivalent,40,W,Bulb Shape,Candelabra,,Base Type,Candelabra,,Color Temperature,27,K,Quantity per Package,2,pk,Dimmable,,,Additional Information,,,,,,,,,,,,,,,,,,,,,,,,,,,,,,,,,,,,,,,,,,,,,,,,,,,,,,,,,,,,,,,,,,,,,,,,,,,,,,,,,,,,,,,,,,,,,,,,,,,,,,,,,,,,,,,,,,,,,,,,,,,,,,,,,,,,39101619,,,,,,,,,,,,,,,,,,,,,,,,,,,,,,,,,,,,,,,,,,,
,,,,,,,Electrical,Lighting,Light Bulbs,,573188,573188 250W Led Par38 Med 50k,-- Unbranded --,-- No Unilog Brand --,Philips,Phillips Lighting (5831),Phillips Lighting,Philips,,573188,,Electrical>Lamps & Light Bulbs>Light Bulbs,"Phillips Lighting Philips, Lamp, 573188, 250 W Equivalent, PAR38, Medium Base",LAMP PAR38 250W 50K,"Philips 573188 Lamp, 250 W Equivalent, PAR38, Medium Base, 50 K Color Temperature","Philips Lamp, LED, 250 W Equivalent, PAR38, Medium Base, 50 K Color Temperature","Lamp, 250 W Equivalent, PAR38, Medium Base, 50 K Color Temperature",,,,,,,,,,,,,,,,,,,,,,,,,,,Lamp,Lamp Type,LED,,Wattage Equivalent,250,W,Bulb Shape,PAR38,,Base Type,Medium,,Color Temperature,50,K,Quantity per Package,,,Dimmable,,,Additional Information,,,,,,,,,,,,,,,,,,,,,,,,,,,,,,,,,,,,,,,,,,,,,,,,,,,,,,,,,,,,,,,,,,,,,,,,,,,,,,,,,,,,,,,,,,,,,,,,,,,,,,,,,,,,,,,,,,,,,,,,,,,,,,,,,,,,39101619,,,,,,,,,,,,,,,,,,,,,,,,,,,,,,,,,,,,,,,,,,,
,,,,,,,Electrical,Lighting,Light Bulbs,,573469,573469 40W Led A19 Med 50k 2pk,-- Unbranded --,-- No Unilog Brand --,Philips,Phillips Lighting (5831),Phillips Lighting,Philips,,573469,,Electrical>Lamps & Light Bulbs>Light Bulbs,"Phillips Lighting Philips, Lamp, 573469, 40 W Equivalent, A19, Medium Base",LAMP A19 40W 50K,"Philips 573469 Lamp, 40 W Equivalent, A19, Medium Base, 50 K Color Temperature","Philips Lamp, LED, 40 W Equivalent, A19, Medium Base, 50 K Color Temperature, 2 pk","Lamp, 40 W Equivalent, A19, Medium Base, 50 K Color Temperature",,,,,,,,,,,,,,,,,,,,,,,,,,,Lamp,Lamp Type,LED,,Wattage Equivalent,40,W,Bulb Shape,A19,,Base Type,Medium,,Color Temperature,50,K,Quantity per Package,2,pk,Dimmable,,,Additional Information,,,,,,,,,,,,,,,,,,,,,,,,,,,,,,,,,,,,,,,,,,,,,,,,,,,,,,,,,,,,,,,,,,,,,,,,,,,,,,,,,,,,,,,,,,,,,,,,,,,,,,,,,,,,,,,,,,,,,,,,,,,,,,,,,,,,39101619,,,,,,,,,,,,,,,,,,,,,,,,,,,,,,,,,,,,,,,,,,,
,,,,,,,Electrical,Lighting,Light Bulbs,,565671,565671 25W Led Med 20K,-- Unbranded --,-- No Unilog Brand --,Philips,Phillips Lighting (5831),Phillips Lighting,Philips,,565671,,Electrical>Lamps & Light Bulbs>Light Bulbs,"Phillips Lighting Philips, Lamp, 565671, 25 W Equivalent, Medium Base",LAMP 25W 20K,"Philips 565671 Lamp, 25 W Equivalent, Medium Base, 20 K Color Temperature","Philips Lamp, LED, 25 W Equivalent, Medium Base, 20 K Color Temperature","Lamp, 25 W Equivalent, Medium Base, 20 K Color Temperature",,,,,,,,,,,,,,,,,,,,,,,,,,,Lamp,Lamp Type,LED,,Wattage Equivalent,25,W,Bulb Shape,,,Base Type,Medium,,Color Temperature,20,K,Quantity per Package,,,Dimmable,,,Additional Information,,,,,,,,,,,,,,,,,,,,,,,,,,,,,,,,,,,,,,,,,,,,,,,,,,,,,,,,,,,,,,,,,,,,,,,,,,,,,,,,,,,,,,,,,,,,,,,,,,,,,,,,,,,,,,,,,,,,,,,,,,,,,,,,,,,,39101619,,,,,,,,,,,,,,,,,,,,,,,,,,,,,,,,,,,,,,,,,,,
,,,,,,,Electrical,Lighting,Light Bulbs,,573204,573204 75W Led Par20 Med 50k,-- Unbranded --,-- No Unilog Brand --,Philips,Phillips Lighting (5831),Phillips Lighting,Philips,,573204,,Electrical>Lamps & Light Bulbs>Light Bulbs,"Phillips Lighting Philips, Lamp, 573204, 75 W Equivalent, PAR20, Medium Base",LAMP PAR20 75W 50K,"Philips 573204 Lamp, 75 W Equivalent, PAR20, Medium Base, 50 K Color Temperature","Philips Lamp, LED, 75 W Equivalent, PAR20, Medium Base, 50 K Color Temperature","Lamp, 75 W Equivalent, PAR20, Medium Base, 50 K Color Temperature",,,,,,,,,,,,,,,,,,,,,,,,,,,Lamp,Lamp Type,LED,,Wattage Equivalent,75,W,Bulb Shape,PAR20,,Base Type,Medium,,Color Temperature,50,K,Quantity per Package,,,Dimmable,,,Additional Information,,,,,,,,,,,,,,,,,,,,,,,,,,,,,,,,,,,,,,,,,,,,,,,,,,,,,,,,,,,,,,,,,,,,,,,,,,,,,,,,,,,,,,,,,,,,,,,,,,,,,,,,,,,,,,,,,,,,,,,,,,,,,,,,,,,,39101619,,,,,,,,,,,,,,,,,,,,,,,,,,,,,,,,,,,,,,,,,,,
,,,,,,,Electrical,Lighting,Light Bulbs,,581199,581199 60W Led Med 2pk,-- Unbranded --,-- No Unilog Brand --,Philips,Phillips Lighting (5831),Phillips Lighting,Philips,,581199,,Electrical>Lamps & Light Bulbs>Light Bulbs,"Phillips Lighting Philips, Lamp, 581199, 60 W Equivalent, Medium Base",LAMP 60W,"Philips 581199 Lamp, 60 W Equivalent, Medium Base","Philips Lamp, LED, 60 W Equivalent, Medium Base, 2 pk","Lamp, 60 W Equivalent, Medium Base",,,,,,,,,,,,,,,,,,,,,,,,,,,Lamp,Lamp Type,LED,,Wattage Equivalent,60,W,Bulb Shape,,,Base Type,Medium,,Color Temperature,,,Quantity per Package,2,pk,Dimmable,,,Additional Information,,,,,,,,,,,,,,,,,,,,,,,,,,,,,,,,,,,,,,,,,,,,,,,,,,,,,,,,,,,,,,,,,,,,,,,,,,,,,,,,,,,,,,,,,,,,,,,,,,,,,,,,,,,,,,,,,,,,,,,,,,,,,,,,,,,,39101619,,,,,,,,,,,,,,,,,,,,,,,,,,,,,,,,,,,,,,,,,,,
,,,,,,,Electrical,Lighting,Light Bulbs,,565887,565887 60W Led Med 20k,-- Unbranded --,-- No Unilog Brand --,Philips,Phillips Lighting (5831),Phillips Lighting,Philips,,565887,,Electrical>Lamps & Light Bulbs>Light Bulbs,"Phillips Lighting Philips, Lamp, 565887, 60 W Equivalent, Medium Base",LAMP 60W 20K,"Philips 565887 Lamp, 60 W Equivalent, Medium Base, 20 K Color Temperature","Philips Lamp, LED, 60 W Equivalent, Medium Base, 20 K Color Temperature","Lamp, 60 W Equivalent, Medium Base, 20 K Color Temperature",,,,,,,,,,,,,,,,,,,,,,,,,,,Lamp,Lamp Type,LED,,Wattage Equivalent,60,W,Bulb Shape,,,Base Type,Medium,,Color Temperature,20,K,Quantity per Package,,,Dimmable,,,Additional Information,,,,,,,,,,,,,,,,,,,,,,,,,,,,,,,,,,,,,,,,,,,,,,,,,,,,,,,,,,,,,,,,,,,,,,,,,,,,,,,,,,,,,,,,,,,,,,,,,,,,,,,,,,,,,,,,,,,,,,,,,,,,,,,,,,,,39101619,,,,,,,,,,,,,,,,,,,,,,,,,,,,,,,,,,,,,,,,,,,
,,,,,,,Electrical,Lighting,Light Bulbs,,586867,586867 60W Led Med 27K,-- Unbranded --,-- No Unilog Brand --,Philips,Phillips Lighting (5831),Phillips Lighting,Philips,,586867,,Electrical>Lamps & Light Bulbs>Light Bulbs,"Phillips Lighting Philips, Lamp, 586867, 60 W Equivalent, Medium Base",LAMP 60W 27K,"Philips 586867 Lamp, 60 W Equivalent, Medium Base, 27 K Color Temperature","Philips Lamp, LED, 60 W Equivalent, Medium Base, 27 K Color Temperature","Lamp, 60 W Equivalent, Medium Base, 27 K Color Temperature",,,,,,,,,,,,,,,,,,,,,,,,,,,Lamp,Lamp Type,LED,,Wattage Equivalent,60,W,Bulb Shape,,,Base Type,Medium,,Color Temperature,27,K,Quantity per Package,,,Dimmable,,,Additional Information,,,,,,,,,,,,,,,,,,,,,,,,,,,,,,,,,,,,,,,,,,,,,,,,,,,,,,,,,,,,,,,,,,,,,,,,,,,,,,,,,,,,,,,,,,,,,,,,,,,,,,,,,,,,,,,,,,,,,,,,,,,,,,,,,,,,39101619,,,,,,,,,,,,,,,,,,,,,,,,,,,,,,,,,,,,,,,,,,,
,,,,,,,Electrical,Lighting,Light Bulbs,,568451,5686451 50W Led Med 50k 2pk,-- Unbranded --,-- No Unilog Brand --,Philips,Phillips Lighting (5831),Phillips Lighting,Philips,,568451,,Electrical>Lamps & Light Bulbs>Light Bulbs,"Phillips Lighting Philips, Lamp, 568451, 50 W Equivalent, Medium Base",LAMP 50W 50K,"Philips 568451 Lamp, 50 W Equivalent, Medium Base, 50 K Color Temperature","Philips Lamp, LED, 50 W Equivalent, Medium Base, 50 K Color Temperature, 2 pk","Lamp, 50 W Equivalent, Medium Base, 50 K Color Temperature",,,,,,,,,,,,,,,,,,,,,,,,,,,Lamp,Lamp Type,LED,,Wattage Equivalent,50,W,Bulb Shape,,,Base Type,Medium,,Color Temperature,50,K,Quantity per Package,2,pk,Dimmable,,,Additional Information,,,,,,,,,,,,,,,,,,,,,,,,,,,,,,,,,,,,,,,,,,,,,,,,,,,,,,,,,,,,,,,,,,,,,,,,,,,,,,,,,,,,,,,,,,,,,,,,,,,,,,,,,,,,,,,,,,,,,,,,,,,,,,,,,,,,39101619,,,,,,,,,,,,,,,,,,,,,,,,,,,,,,,,,,,,,,,,,,,
,,,,,,,Electrical,Lighting,Light Bulbs,,568444,568444 90W Led Par38 50k 2pk,-- Unbranded --,-- No Unilog Brand --,Philips,Phillips Lighting (5831),Phillips Lighting,Philips,,568444,,Electrical>Lamps & Light Bulbs>Light Bulbs,"Phillips Lighting Philips, Lamp, 568444, 90 W Equivalent, PAR38",LAMP PAR38 90W 50K,"Philips 568444 Lamp, 90 W Equivalent, PAR38, 50 K Color Temperature","Philips Lamp, LED, 90 W Equivalent, PAR38, 50 K Color Temperature, 2 pk","Lamp, 90 W Equivalent, PAR38, 50 K Color Temperature",,,,,,,,,,,,,,,,,,,,,,,,,,,Lamp,Lamp Type,LED,,Wattage Equivalent,90,W,Bulb Shape,PAR38,,Base Type,,,Color Temperature,50,K,Quantity per Package,2,pk,Dimmable,,,Additional Information,,,,,,,,,,,,,,,,,,,,,,,,,,,,,,,,,,,,,,,,,,,,,,,,,,,,,,,,,,,,,,,,,,,,,,,,,,,,,,,,,,,,,,,,,,,,,,,,,,,,,,,,,,,,,,,,,,,,,,,,,,,,,,,,,,,,39101619,,,,,,,,,,,,,,,,,,,,,,,,,,,,,,,,,,,,,,,,,,,
,,,,,,,Electrical,Lighting,Light Bulbs,,573196,573196 75W Led Med 30K,-- Unbranded --,-- No Unilog Brand --,Philips,Phillips Lighting (5831),Phillips Lighting,Philips,,573196,,Electrical>Lamps & Light Bulbs>Light Bulbs,"Phillips Lighting Philips, Lamp, 573196, 75 W Equivalent, Medium Base",LAMP 75W 30K,"Philips 573196 Lamp, 75 W Equivalent, Medium Base, 30 K Color Temperature","Philips Lamp, LED, 75 W Equivalent, Medium Base, 30 K Color Temperature","Lamp, 75 W Equivalent, Medium Base, 30 K Color Temperature",,,,,,,,,,,,,,,,,,,,,,,,,,,Lamp,Lamp Type,LED,,Wattage Equivalent,75,W,Bulb Shape,,,Base Type,Medium,,Color Temperature,30,K,Quantity per Package,,,Dimmable,,,Additional Information,,,,,,,,,,,,,,,,,,,,,,,,,,,,,,,,,,,,,,,,,,,,,,,,,,,,,,,,,,,,,,,,,,,,,,,,,,,,,,,,,,,,,,,,,,,,,,,,,,,,,,,,,,,,,,,,,,,,,,,,,,,,,,,,,,,,39101619,,,,,,,,,,,,,,,,,,,,,,,,,,,,,,,,,,,,,,,,,,,
,,,,,,,Electrical,Lighting,Light Bulbs,,564500,564500 75W Adj Base 50k 3pk,-- Unbranded --,-- No Unilog Brand --,Philips,Phillips Lighting (5831),Phillips Lighting,Philips,,564500,,Electrical>Lamps & Light Bulbs>Light Bulbs,"Phillips Lighting Philips, Lamp, 564500, 75 W Equivalent, Adjustable Base",LAMP 75W 50K,"Philips 564500 Lamp, 75 W Equivalent, Adjustable Base, 50 K Color Temperature","Philips Lamp, 75 W Equivalent, Adjustable Base, 50 K Color Temperature, 3 pk","Lamp, 75 W Equivalent, Adjustable Base, 50 K Color Temperature",,,,,,,,,,,,,,,,,,,,,,,,,,,Lamp,Lamp Type,,,Wattage Equivalent,75,W,Bulb Shape,,,Base Type,Adjustable,,Color Temperature,50,K,Quantity per Package,3,pk,Dimmable,,,Additional Information,,,,,,,,,,,,,,,,,,,,,,,,,,,,,,,,,,,,,,,,,,,,,,,,,,,,,,,,,,,,,,,,,,,,,,,,,,,,,,,,,,,,,,,,,,,,,,,,,,,,,,,,,,,,,,,,,,,,,,,,,,,,,,,,,,,,39101619,,,,,,,,,,,,,,,,,,,,,,,,,,,,,,,,,,,,,,,,,,,
,,,,,,,Electrical,Lighting,Light Bulbs,,571513,571513 40/60/100 Led Med 27k,-- Unbranded --,-- No Unilog Brand --,Philips,Phillips Lighting (5831),Phillips Lighting,Philips,,571513,,Electrical>Lamps & Light Bulbs>Light Bulbs,"Phillips Lighting Philips, Lamp, 571513, Medium Base, 27 K Color Temperature",LAMP 27K,"Philips 571513 Lamp, Medium Base, 27 K Color Temperature","Philips Lamp, LED, Medium Base, 27 K Color Temperature","Lamp, Medium Base, 27 K Color Temperature",,,,,,,,,,,,,,,,,,,,,,,,,,,Lamp,Lamp Type,LED,,Wattage Equivalent,,,Bulb Shape,,,Base Type,Medium,,Color Temperature,27,K,Quantity per Package,,,Dimmable,,,Additional Information,,,,,,,,,,,,,,,,,,,,,,,,,,,,,,,,,,,,,,,,,,,,,,,,,,,,,,,,,,,,,,,,,,,,,,,,,,,,,,,,,,,,,,,,,,,,,,,,,,,,,,,,,,,,,,,,,,,,,,,,,,,,,,,,,,,,39101619,,,,,,,,,,,,,,,,,,,,,,,,,,,,,,,,,,,,,,,,,,,
,,,,,,,Electrical,Lighting,Light Bulbs,,588566,588566 40W Led Med 55k 3pk,-- Unbranded --,-- No Unilog Brand --,Philips,Phillips Lighting (5831),Phillips Lighting,Philips,,588566,,Electrical>Lamps & Light Bulbs>Light Bulbs,"Phillips Lighting Philips, Lamp, 588566, 40 W Equivalent, Medium Base",LAMP 40W 55K,"Philips 588566 Lamp, 40 W Equivalent, Medium Base, 55 K Color Temperature","Philips Lamp, LED, 40 W Equivalent, Medium Base, 55 K Color Temperature, 3 pk","Lamp, 40 W Equivalent, Medium Base, 55 K Color Temperature",,,,,,,,,,,,,,,,,,,,,,,,,,,Lamp,Lamp Type,LED,,Wattage Equivalent,40,W,Bulb Shape,,,Base Type,Medium,,Color Temperature,55,K,Quantity per Package,3,pk,Dimmable,,,Additional Information,,,,,,,,,,,,,,,,,,,,,,,,,,,,,,,,,,,,,,,,,,,,,,,,,,,,,,,,,,,,,,,,,,,,,,,,,,,,,,,,,,,,,,,,,,,,,,,,,,,,,,,,,,,,,,,,,,,,,,,,,,,,,,,,,,,,39101619,,,,,,,,,,,,,,,,,,,,,,,,,,,,,,,,,,,,,,,,,,,
,,,,,,,Electrical,Lighting,Light Bulbs,,565655,565655 25W Led A15 Med 20k,-- Unbranded --,-- No Unilog Brand --,Philips,Phillips Lighting (5831),Phillips Lighting,Philips,,565655,,Electrical>Lamps & Light Bulbs>Light Bulbs,"Phillips Lighting Philips, Lamp, 565655, 25 W Equivalent, A15, Medium Base",LAMP A15 25W 20K,"Philips 565655 Lamp, 25 W Equivalent, A15, Medium Base, 20 K Color Temperature","Philips Lamp, LED, 25 W Equivalent, A15, Medium Base, 20 K Color Temperature","Lamp, 25 W Equivalent, A15, Medium Base, 20 K Color Temperature",,,,,,,,,,,,,,,,,,,,,,,,,,,Lamp,Lamp Type,LED,,Wattage Equivalent,25,W,Bulb Shape,A15,,Base Type,Medium,,Color Temperature,20,K,Quantity per Package,,,Dimmable,,,Additional Information,,,,,,,,,,,,,,,,,,,,,,,,,,,,,,,,,,,,,,,,,,,,,,,,,,,,,,,,,,,,,,,,,,,,,,,,,,,,,,,,,,,,,,,,,,,,,,,,,,,,,,,,,,,,,,,,,,,,,,,,,,,,,,,,,,,,39101619,,,,,,,,,,,,,,,,,,,,,,,,,,,,,,,,,,,,,,,,,,,
,,,,,,,Electrical,Lighting,Light Bulbs,,565812,565812 60W Med Led 50k,-- Unbranded --,-- No Unilog Brand --,Philips,Phillips Lighting (5831),Phillips Lighting,Philips,,565812,,Electrical>Lamps & Light Bulbs>Light Bulbs,"Phillips Lighting Philips, Lamp, 565812, 60 W Equivalent, Medium Base",LAMP 60W 50K,"Philips 565812 Lamp, 60 W Equivalent, Medium Base, 50 K Color Temperature","Philips Lamp, LED, 60 W Equivalent, Medium Base, 50 K Color Temperature","Lamp, 60 W Equivalent, Medium Base, 50 K Color Temperature",,,,,,,,,,,,,,,,,,,,,,,,,,,Lamp,Lamp Type,LED,,Wattage Equivalent,60,W,Bulb Shape,,,Base Type,Medium,,Color Temperature,50,K,Quantity per Package,,,Dimmable,,,Additional Information,,,,,,,,,,,,,,,,,,,,,,,,,,,,,,,,,,,,,,,,,,,,,,,,,,,,,,,,,,,,,,,,,,,,,,,,,,,,,,,,,,,,,,,,,,,,,,,,,,,,,,,,,,,,,,,,,,,,,,,,,,,,,,,,,,,,39101619,,,,,,,,,,,,,,,,,,,,,,,,,,,,,,,,,,,,,,,,,,,
,,,,,,,Electrical,Lighting,Light Bulbs,,586917,586917 40W Led Cand 27K 2pk,-- Unbranded --,-- No Unilog Brand --,Philips,Phillips Lighting (5831),Phillips Lighting,Philips,,586917,,Electrical>Lamps & Light Bulbs>Light Bulbs,"Phillips Lighting Philips, Lamp, 586917, 40 W Equivalent, Candelabra",LAMP CAND 40W 27K,"Philips 586917 Lamp, 40 W Equivalent, Candelabra, Candelabra Base, 27 K Color Temperature","Philips Lamp, LED, 40 W Equivalent, Candelabra, Candelabra Base, 27 K Color Temperature, 2 pk","Lamp, 40 W Equivalent, Candelabra, Candelabra Base, 27 K Color Temperature",,,,,,,,,,,,,,,,,,,,,,,,,,,Lamp,Lamp Type,LED,,Wattage Equivalent,40,W,Bulb Shape,Candelabra,,Base Type,Candelabra,,Color Temperature,27,K,Quantity per Package,2,pk,Dimmable,,,Additional Information,,,,,,,,,,,,,,,,,,,,,,,,,,,,,,,,,,,,,,,,,,,,,,,,,,,,,,,,,,,,,,,,,,,,,,,,,,,,,,,,,,,,,,,,,,,,,,,,,,,,,,,,,,,,,,,,,,,,,,,,,,,,,,,,,,,,39101619,,,,,,,,,,,,,,,,,,,,,,,,,,,,,,,,,,,,,,,,,,,
,,,,,,,Electrical,Lighting,Light Fixtures,,46719,49719 Wall Light Motion Wh,-- Unbranded --,-- No Unilog Brand --,-- No DIB Brand --,Maxsa Innovations (MAXIN),Maxsa Innovations,,,46719,,Electrical>Lighting Fixtures>Interior Lighting Fixtures,"Maxsa Innovations, Light Fixture, 46719, Wall Sconce, White",FIXTURE SCONCE WH,"46719 Light Fixture, Wall Sconce, White","Light Fixture, Wall Sconce, White","Light Fixture, Wall Sconce, White",,,,,,,,,,,,,,,,,,,,,,,,,,,Light Fixture,Fixture Type,Wall Sconce,,Mounting Type,,,Size,,,Finish,White,,Color Temperature,,,Voltage Rating,,,Number of Lights,,,Additional Information,,,,,,,,,,,,,,,,,,,,,,,,,,,,,,,,,,,,,,,,,,,,,,,,,,,,,,,,,,,,,,,,,,,,,,,,,,,,,,,,,,,,,,,,,,,,,,,,,,,,,,,,,,,,,,,,,,,,,,,,,,,,,,,,,,,,39111524,,,,,,,,,,,,,,,,,,,,,,,,,,,,,,,,,,,,,,,,,,,
,,,,,,,Electrical,Lighting,Light Fixtures,,59061BSL,59061BSL Kichler Ext Wall Lt,-- Unbranded --,-- No Unilog Brand --,-- No DIB Brand --,Kichler Lighting (KICLI),Kichler Lighting,Kichler,,59061BSL,,Electrical>Lighting Fixtures>Interior Lighting Fixtures,"Kichler, Light Fixture, 59061BSL, Wall Sconce",FIXTURE SCONCE,"Kichler 59061BSL Light Fixture, Wall Sconce","Kichler Light Fixture, Wall Sconce","Light Fixture, Wall Sconce",,,,,,,,,,,,,,,,,,,,,,,,,,,Light Fixture,Fixture Type,Wall Sconce,,Mounting Type,,,Size,,,Finish,,,Color Temperature,,,Voltage Rating,,,Number of Lights,,,Additional Information,,,,,,,,,,,,,,,,,,,,,,,,,,,,,,,,,,,,,,,,,,,,,,,,,,,,,,,,,,,,,,,,,,,,,,,,,,,,,,,,,,,,,,,,,,,,,,,,,,,,,,,,,,,,,,,,,,,,,,,,,,,,,,,,,,,,39111524,,,,,,,,,,,,,,,,,,,,,,,,,,,,,,,,,,,,,,,,,,,
,,,,,,,Electrical,Lighting,Light Fixtures,,59062BSL,59062BSL Kichler Ext Wall Lt,-- Unbranded --,-- No Unilog Brand --,-- No DIB Brand --,Kichler Lighting (KICLI),Kichler Lighting,Kichler,,59062BSL,,Electrical>Lighting Fixtures>Interior Lighting Fixtures,"Kichler, Light Fixture, 59062BSL, Wall Sconce",FIXTURE SCONCE,"Kichler 59062BSL Light Fixture, Wall Sconce","Kichler Light Fixture, Wall Sconce","Light Fixture, Wall Sconce",,,,,,,,,,,,,,,,,,,,,,,,,,,Light Fixture,Fixture Type,Wall Sconce,,Mounting Type,,,Size,,,Finish,,,Color Temperature,,,Voltage Rating,,,Number of Lights,,,Additional Information,,,,,,,,,,,,,,,,,,,,,,,,,,,,,,,,,,,,,,,,,,,,,,,,,,,,,,,,,,,,,,,,,,,,,,,,,,,,,,,,,,,,,,,,,,,,,,,,,,,,,,,,,,,,,,,,,,,,,,,,,,,,,,,,,,,,39111524,,,,,,,,,,,,,,,,,,,,,,,,,,,,,,,,,,,,,,,,,,,
,,,,,,,Electrical,Lighting,Light Fixtures,,59124BKT,59124BKT Kichler Ext Wall Lt,-- Unbranded --,-- No Unilog Brand --,-- No DIB Brand --,Kichler Lighting (KICLI),Kichler Lighting,Kichler,,59124BKT,,Electrical>Lighting Fixtures>Interior Lighting Fixtures,"Kichler, Light Fixture, 59124BKT, Wall Sconce",FIXTURE SCONCE,"Kichler 59124BKT Light Fixture, Wall Sconce","Kichler Light Fixture, Wall Sconce","Light Fixture, Wall Sconce",,,,,,,,,,,,,,,,,,,,,,,,,,,Light Fixture,Fixture Type,Wall Sconce,,Mounting Type,,,Size,,,Finish,,,Color Temperature,,,Voltage Rating,,,Number of Lights,,,Additional Information,,,,,,,,,,,,,,,,,,,,,,,,,,,,,,,,,,,,,,,,,,,,,,,,,,,,,,,,,,,,,,,,,,,,,,,,,,,,,,,,,,,,,,,,,,,,,,,,,,,,,,,,,,,,,,,,,,,,,,,,,,,,,,,,,,,,39111524,,,,,,,,,,,,,,,,,,,,,,,,,,,,,,,,,,,,,,,,,,,
,,,,,,,Electrical,Lighting,Light Fixtures,,59025BK,59025BK Kichler Post Lt,-- Unbranded --,-- No Unilog Brand --,-- No DIB Brand --,Kichler Lighting (KICLI),Kichler Lighting,Kichler,,59025BK,,Electrical>Lighting Fixtures>Interior Lighting Fixtures,"Kichler, Light Fixture, 59025BK, Post Light",FIXTURE POST LIGHT,"Kichler 59025BK Light Fixture, Post Light","Kichler Light Fixture, Post Light","Light Fixture, Post Light",,,,,,,,,,,,,,,,,,,,,,,,,,,Light Fixture,Fixture Type,Post Light,,Mounting Type,,,Size,,,Finish,,,Color Temperature,,,Voltage Rating,,,Number of Lights,,,Additional Information,,,,,,,,,,,,,,,,,,,,,,,,,,,,,,,,,,,,,,,,,,,,,,,,,,,,,,,,,,,,,,,,,,,,,,,,,,,,,,,,,,,,,,,,,,,,,,,,,,,,,,,,,,,,,,,,,,,,,,,,,,,,,,,,,,,,39111524,,,,,,,,,,,,,,,,,,,,,,,,,,,,,,,,,,,,,,,,,,,
,,,,,,,,,,,DCL183,Dewalt DCL183 Light - Rechargeable,-- Unbranded --,-- No Unilog Brand --,DEWALT,Black & Decker/dewlt (2585),Black & Decker/dewlt,DEWALT,,DCL183,,,"Black & Decker/dewlt DEWALT, Product, DCL183",PRODUCT,DEWALT DCL183 Product,DEWALT Product,Product,,,,,,,,,,,,,,,,,,,,,,,,,,,Product,Product Type,,,Size,,,Material,,,Color,,,Additional Information,,,,,,,,,,,,,,,,,,,,,,,,,,,,,,,,,,,,,,,,,,,,,,,,,,,,,,,,,,,,,,,,,,,,,,,,,,,,,,,,,,,,,,,,,,,,,,,,,,,,,,,,,,,,,,,,,,,,,,,,,,,,,,,,,,,,,,,,,,,,,,,,,,,,,,,,,,,,,,,,,,,,,,,,,,,,,,,,,,,,,,,,
,,,,,,,Electrical,Lighting,Light Fixtures,,73020,73020 Nano Clip Light Bk,-- Unbranded --,-- No Unilog Brand --,-- No DIB Brand --,Streamlight (7277),Streamlight,,,73020,,Electrical>Lighting Fixtures>Interior Lighting Fixtures,"Streamlight, Light Fixture, 73020, Black",FIXTURE BK,"73020 Light Fixture, Black","Light Fixture, Black","Light Fixture, Black",,,,,,,,,,,,,,,,,,,,,,,,,,,Light Fixture,Fixture Type,,,Mounting Type,,,Size,,,Finish,Black,,Color Temperature,,,Voltage Rating,,,Number of Lights,,,Additional Information,,,,,,,,,,,,,,,,,,,,,,,,,,,,,,,,,,,,,,,,,,,,,,,,,,,,,,,,,,,,,,,,,,,,,,,,,,,,,,,,,,,,,,,,,,,,,,,,,,,,,,,,,,,,,,,,,,,,,,,,,,,,,,,,,,,,39111524,,,,,,,,,,,,,,,,,,,,,,,,,,,,,,,,,,,,,,,,,,,
,,,,,,,,,,,NEB-FLT-1021,NEBFLT1021 Slyde King FlashLt,-- Unbranded --,-- No Unilog Brand --,-- No DIB Brand --,ACG Brands (1154),ACG Brands,,,NEB-FLT-1021,,,"ACG Brands, Product, NEB-FLT-1021",PRODUCT,NEB-FLT-1021 Product,Product,Product,,,,,,,,,,,,,,,,,,,,,,,,,,,Product,Product Type,,,Size,,,Material,,,Color,,,Additional Information,,,,,,,,,,,,,,,,,,,,,,,,,,,,,,,,,,,,,,,,,,,,,,,,,,,,,,,,,,,,,,,,,,,,,,,,,,,,,,,,,,,,,,,,,,,,,,,,,,,,,,,,,,,,,,,,,,,,,,,,,,,,,,,,,,,,,,,,,,,,,,,,,,,,,,,,,,,,,,,,,,,,,,,,,,,,,,,,,,,,,,,,
,,,,,,,,,,,NEB-FLT-0053,NEBFLT0053 2600L Flash Light,-- Unbranded --,-- No Unilog Brand --,-- No DIB Brand --,ACG Brands (1154),ACG Brands,,,NEB-FLT-0053,,,"ACG Brands, Product, NEB-FLT-0053",PRODUCT,NEB-FLT-0053 Product,Product,Product,,,,,,,,,,,,,,,,,,,,,,,,,,,Product,Product Type,,,Size,,,Material,,,Color,,,Additional Information,,,,,,,,,,,,,,,,,,,,,,,,,,,,,,,,,,,,,,,,,,,,,,,,,,,,,,,,,,,,,,,,,,,,,,,,,,,,,,,,,,,,,,,,,,,,,,,,,,,,,,,,,,,,,,,,,,,,,,,,,,,,,,,,,,,,,,,,,,,,,,,,,,,,,,,,,,,,,,,,,,,,,,,,,,,,,,,,,,,,,,,,
,,,,,,,,,,,97708,97708 Police 800L Headlight,-- Unbranded --,-- No Unilog Brand --,Police Security,Police Security (9470),Police Security,Police Security,,97708,,,"Police Security, Product, 97708",PRODUCT,Police Security 97708 Product,Police Security Product,Product,,,,,,,,,,,,,,,,,,,,,,,,,,,Product,Product Type,,,Size,,,Material,,,Color,,,Additional Information,,,,,,,,,,,,,,,,,,,,,,,,,,,,,,,,,,,,,,,,,,,,,,,,,,,,,,,,,,,,,,,,,,,,,,,,,,,,,,,,,,,,,,,,,,,,,,,,,,,,,,,,,,,,,,,,,,,,,,,,,,,,,,,,,,,,,,,,,,,,,,,,,,,,,,,,,,,,,,,,,,,,,,,,,,,,,,,,,,,,,,,,
,,,,,,,,,,,WORK6000XLTPPLUG,6000L Twin Head Work Light,-- Unbranded --,-- No Unilog Brand --,Feit Electric,Feit Electric (3468),Feit Electric,Feit Electric,,WORK6000XLTPPLUG,,,"Feit Electric, Product, WORK6000XLTPPLUG",PRODUCT,Feit Electric WORK6000XLTPPLUG Product,Feit Electric Product,Product,,,,,,,,,,,,,,,,,,,,,,,,,,,Product,Product Type,,,Size,,,Material,,,Color,,,Additional Information,,,,,,,,,,,,,,,,,,,,,,,,,,,,,,,,,,,,,,,,,,,,,,,,,,,,,,,,,,,,,,,,,,,,,,,,,,,,,,,,,,,,,,,,,,,,,,,,,,,,,,,,,,,,,,,,,,,,,,,,,,,,,,,,,,,,,,,,,,,,,,,,,,,,,,,,,,,,,,,,,,,,,,,,,,,,,,,,,,,,,,,,
,,,,,,,Electrical,Power Distribution,Load Centers,,HOM2040M200PRB,HOM2040M200PRB 200A Load Cntr,-- Unbranded --,-- No Unilog Brand --,-- No DIB Brand --,Square D Con Prod Dv (6825),Square D Con Prod Dv,,,HOM2040M200PRB,,Electrical>Power Distribution>Load Centers & Breaker Panels,"Square D Con Prod Dv, Load Center, HOM2040M200PRB, 200 A",LOAD CTR 200A,"HOM2040M200PRB Load Center, 200 A","Load Center, 200 A","Load Center, 200 A",,,,,,,,,,,,,,,,,,,,,,,,,,,Load Center,Amperage Rating,200,A,Number of Spaces,,,Number of Circuits,,,Voltage Rating,,,Additional Information,,,,,,,,,,,,,,,,,,,,,,,,,,,,,,,,,,,,,,,,,,,,,,,,,,,,,,,,,,,,,,,,,,,,,,,,,,,,,,,,,,,,,,,,,,,,,,,,,,,,,,,,,,,,,,,,,,,,,,,,,,,,,,,,,,,,,,,,,,,,,39121610,,,,,,,,,,,,,,,,,,,,,,,,,,,,,,,,,,,,,,,,,,,
,,,,,,,Electrical,Power Distribution,Load Centers,,HOM3060L225PGC,HOM3060L225PGC 225 Load Center,-- Unbranded --,-- No Unilog Brand --,Square D,Square D Con Prod Dv (6825),Square D Con Prod Dv,Square D,,HOM3060L225PGC,,Electrical>Power Distribution>Load Centers & Breaker Panels,"Square D, Load Center, HOM3060L225PGC",LOAD CTR,Square D HOM3060L225PGC Load Center,Square D Load Center,Load Center,,,,,,,,,,,,,,,,,,,,,,,,,,,Load Center,Amperage Rating,,,Number of Spaces,,,Number of Circuits,,,Voltage Rating,,,Additional Information,,,,,,,,,,,,,,,,,,,,,,,,,,,,,,,,,,,,,,,,,,,,,,,,,,,,,,,,,,,,,,,,,,,,,,,,,,,,,,,,,,,,,,,,,,,,,,,,,,,,,,,,,,,,,,,,,,,,,,,,,,,,,,,,,,,,,,,,,,,,,39121610,,,,,,,,,,,,,,,,,,,,,,,,,,,,,,,,,,,,,,,,,,,
,,,,,,,Electrical,Power Distribution,Load Centers,,QO612L100RBCP,QO612L100RBCP 100A Load Center,-- Unbranded --,-- No Unilog Brand --,Square D,Square D Con Prod Dv (6825),Square D Con Prod Dv,Square D,,QO612L100RBCP,,Electrical>Power Distribution>Load Centers & Breaker Panels,"Square D, Load Center, QO612L100RBCP, 100 A",LOAD CTR 100A,"Square D QO612L100RBCP Load Center, 100 A","Square D Load Center, 100 A","Load Center, 100 A",,,,,,,,,,,,,,,,,,,,,,,,,,,Load Center,Amperage Rating,100,A,Number of Spaces,,,Number of Circuits,,,Voltage Rating,,,Additional Information,,,,,,,,,,,,,,,,,,,,,,,,,,,,,,,,,,,,,,,,,,,,,,,,,,,,,,,,,,,,,,,,,,,,,,,,,,,,,,,,,,,,,,,,,,,,,,,,,,,,,,,,,,,,,,,,,,,,,,,,,,,,,,,,,,,,,,,,,,,,,39121610,,,,,,,,,,,,,,,,,,,,,,,,,,,,,,,,,,,,,,,,,,,
,,,,,,,Electrical,Wire & Cable,Building Wire,,13093005,4/0 Aluminum Entrance Cable (Linear Foot),-- Unbranded --,-- No Unilog Brand --,-- No DIB Brand --,Southwire/g Turner (6603),Southwire/g Turner,,,13093005,,Electrical>Wire & Cable>Building Wire & Cable,"Southwire/g Turner, Wire, 13093005, 4 AWG, Entrance Cable",WIRE 4AWG ENTRANCE CABLE,"13093005 Wire, 4 AWG, Entrance Cable","Wire, 4 AWG, Entrance Cable, Aluminum, Linear Foot","Wire, 4 AWG, Entrance Cable",,,,,,,,,,,,,,,,,,,,,,,,,,,Wire,Conductor Size,4,AWG,Number of Conductors,,,Cable Type,Entrance Cable,,Conductor Material,Aluminum,,Selling Unit,Linear Foot,,Additional Information,,,,,,,,,,,,,,,,,,,,,,,,,,,,,,,,,,,,,,,,,,,,,,,,,,,,,,,,,,,,,,,,,,,,,,,,,,,,,,,,,,,,,,,,,,,,,,,,,,,,,,,,,,,,,,,,,,,,,,,,,,,,,,,,,,,,,,,,,,26121600,,,,,,,,,,,,,,,,,,,,,,,,,,,,,,,,,,,,,,,,,,,
,,,,,,,Electrical,Wire & Cable,Building Wire,,12-4 SO,12-4 SO Cord (Linear Foot),-- Unbranded --,-- No Unilog Brand --,-- No DIB Brand --,-,,,,12-4 SO,,Electrical>Wire & Cable>Building Wire & Cable,"Wire, 12-4 SO, 12 AWG, SO Cord",WIRE 12AWG SO CORD,"12-4 SO Wire, 12 AWG, SO Cord","Wire, 12 AWG, SO Cord, Linear Foot","Wire, 12 AWG, SO Cord",,,,,,,,,,,,,,,,,,,,,,,,,,,Wire,Conductor Size,12,AWG,Number of Conductors,,,Cable Type,SO Cord,,Conductor Material,,,Selling Unit,Linear Foot,,Additional Information,,,,,,,,,,,,,,,,,,,,,,,,,,,,,,,,,,,,,,,,,,,,,,,,,,,,,,,,,,,,,,,,,,,,,,,,,,,,,,,,,,,,,,,,,,,,,,,,,,,,,,,,,,,,,,,,,,,,,,,,,,,,,,,,,,,,,,,,,,26121600,,,,,,,,,,,,,,,,,,,,,,,,,,,,,,,,,,,,,,,,,,,
,,,,,,,Electrical,Wire & Cable,Building Wire,,96263-46-06,96263-46-06 CAT5E Wire (Linear Foot),-- Unbranded --,-- No Unilog Brand --,-- No DIB Brand --,Woods Wire Southwire (7579),Woods Wire Southwire,,,96263-46-06,,Electrical>Wire & Cable>Building Wire & Cable,"Woods Wire Southwire, Wire, 96263-46-06, CAT5E",WIRE CAT5E,"96263-46-06 Wire, CAT5E","Wire, CAT5E, Linear Foot","Wire, CAT5E",,,,,,,,,,,,,,,,,,,,,,,,,,,Wire,Conductor Size,,,Number of Conductors,,,Cable Type,CAT5E,,Conductor Material,,,Selling Unit,Linear Foot,,Additional Information,,,,,,,,,,,,,,,,,,,,,,,,,,,,,,,,,,,,,,,,,,,,,,,,,,,,,,,,,,,,,,,,,,,,,,,,,,,,,,,,,,,,,,,,,,,,,,,,,,,,,,,,,,,,,,,,,,,,,,,,,,,,,,,,,,,,,,,,,,26121600,,,,,,,,,,,,,,,,,,,,,,,,,,,,,,,,,,,,,,,,,,,
,,,,,,,Electrical,Wire & Cable,Building Wire,,R50003-ID,16-2 Stranded Wire CL3 500' (Linear Foot),-- Unbranded --,-- No Unilog Brand --,-- No DIB Brand --,Southwire/g Turner (6603),Southwire/g Turner,,,R50003-ID,,Electrical>Wire & Cable>Building Wire & Cable,"Southwire/g Turner, Wire, R50003-ID, 16 AWG, Class 3",WIRE 16AWG CLASS 3,"R50003-ID Wire, 16 AWG, Class 3","Wire, 16 AWG, Class 3, Linear Foot","Wire, 16 AWG, Class 3",,,,,,,,,,,,,,,,,,,,,,,,,,,Wire,Conductor Size,16,AWG,Number of Conductors,,,Cable Type,Class 3,,Conductor Material,,,Selling Unit,Linear Foot,,Additional Information,,,,,,,,,,,,,,,,,,,,,,,,,,,,,,,,,,,,,,,,,,,,,,,,,,,,,,,,,,,,,,,,,,,,,,,,,,,,,,,,,,,,,,,,,,,,,,,,,,,,,,,,,,,,,,,,,,,,,,,,,,,,,,,,,,,,,,,,,,26121600,,,,,,,,,,,,,,,,,,,,,,,,,,,,,,,,,,,,,,,,,,,
,,,,,,,Electrical,Wire & Cable,Building Wire,,10-4 SO,10-4 SO Cord (Linear Foot),-- Unbranded --,-- No Unilog Brand --,-- No DIB Brand --,Southwire/g Turner (6603),Southwire/g Turner,,,10-4 SO,,Electrical>Wire & Cable>Building Wire & Cable,"Southwire/g Turner, Wire, 10-4 SO, 10 AWG, SO Cord",WIRE 10AWG SO CORD,"10-4 SO Wire, 10 AWG, SO Cord","Wire, 10 AWG, SO Cord, Linear Foot","Wire, 10 AWG, SO Cord",,,,,,,,,,,,,,,,,,,,,,,,,,,Wire,Conductor Size,10,AWG,Number of Conductors,,,Cable Type,SO Cord,,Conductor Material,,,Selling Unit,Linear Foot,,Additional Information,,,,,,,,,,,,,,,,,,,,,,,,,,,,,,,,,,,,,,,,,,,,,,,,,,,,,,,,,,,,,,,,,,,,,,,,,,,,,,,,,,,,,,,,,,,,,,,,,,,,,,,,,,,,,,,,,,,,,,,,,,,,,,,,,,,,,,,,,,26121600,,,,,,,,,,,,,,,,,,,,,,,,,,,,,,,,,,,,,,,,,,,
,,,,,,,Electrical,Wire & Cable,Building Wire,,23346-0408,23346-0408 Wire 16/3 SJEWA 250 (Linear Foot),-- Unbranded --,-- No Unilog Brand --,-- No DIB Brand --,-,,,,23346-0408,,Electrical>Wire & Cable>Building Wire & Cable,"Wire, 23346-0408, 16 AWG, SJEWA",WIRE 16AWG SJEWA,"23346-0408 Wire, 16 AWG, SJEWA","Wire, 16 AWG, SJEWA, Linear Foot","Wire, 16 AWG, SJEWA",,,,,,,,,,,,,,,,,,,,,,,,,,,Wire,Conductor Size,16,AWG,Number of Conductors,,,Cable Type,SJEWA,,Conductor Material,,,Selling Unit,Linear Foot,,Additional Information,,,,,,,,,,,,,,,,,,,,,,,,,,,,,,,,,,,,,,,,,,,,,,,,,,,,,,,,,,,,,,,,,,,,,,,,,,,,,,,,,,,,,,,,,,,,,,,,,,,,,,,,,,,,,,,,,,,,,,,,,,,,,,,,,,,,,,,,,,26121600,,,,,,,,,,,,,,,,,,,,,,,,,,,,,,,,,,,,,,,,,,,
,,,,,,,Electrical,Wire & Cable,Building Wire,,2/2/4 UD ALUM,2/2/4 UD Aluminum Triplex Wire (Linear Foot),-- Unbranded --,-- No Unilog Brand --,-- No DIB Brand --,Southwire/g Turner (6603),Southwire/g Turner,,,2/2/4 UD ALUM,,Electrical>Wire & Cable>Building Wire & Cable,"Southwire/g Turner, Wire, 2/2/4 UD ALUM, 2 AWG, Triplex",WIRE 2AWG TRIPLEX,"2/2/4 UD ALUM Wire, 2 AWG, Triplex","Wire, 2 AWG, Triplex, Aluminum, Linear Foot","Wire, 2 AWG, Triplex",,,,,,,,,,,,,,,,,,,,,,,,,,,Wire,Conductor Size,2,AWG,Number of Conductors,,,Cable Type,Triplex,,Conductor Material,Aluminum,,Selling Unit,Linear Foot,,Additional Information,,,,,,,,,,,,,,,,,,,,,,,,,,,,,,,,,,,,,,,,,,,,,,,,,,,,,,,,,,,,,,,,,,,,,,,,,,,,,,,,,,,,,,,,,,,,,,,,,,,,,,,,,,,,,,,,,,,,,,,,,,,,,,,,,,,,,,,,,,26121600,,,,,,,,,,,,,,,,,,,,,,,,,,,,,,,,,,,,,,,,,,,
,,,,,,,Electrical,Wire & Cable,Building Wire,,55418901,6/6/6 UD Triplex Aluminum Wire,-- Unbranded --,-- No Unilog Brand --,-- No DIB Brand --,Southwire/g Turner (6603),Southwire/g Turner,,,55418901,,Electrical>Wire & Cable>Building Wire & Cable,"Southwire/g Turner, Wire, 55418901, 6 AWG, Triplex",WIRE 6AWG TRIPLEX,"55418901 Wire, 6 AWG, Triplex","Wire, 6 AWG, Triplex, Aluminum","Wire, 6 AWG, Triplex",,,,,,,,,,,,,,,,,,,,,,,,,,,Wire,Conductor Size,6,AWG,Number of Conductors,,,Cable Type,Triplex,,Conductor Material,Aluminum,,Selling Unit,,,Additional Information,,,,,,,,,,,,,,,,,,,,,,,,,,,,,,,,,,,,,,,,,,,,,,,,,,,,,,,,,,,,,,,,,,,,,,,,,,,,,,,,,,,,,,,,,,,,,,,,,,,,,,,,,,,,,,,,,,,,,,,,,,,,,,,,,,,,,,,,,,26121600,,,,,,,,,,,,,,,,,,,,,,,,,,,,,,,,,,,,,,,,,,,
,,,,,,,Electrical,Wiring Devices,Receptacles & Switches,,CG50K,"CG50K 1/2"" Cord Grip Kit",-- Unbranded --,-- No Unilog Brand --,-- No DIB Brand --,Fenton Bros Electric Inc (FENBR),Fenton Bros Electric Inc,,,CG50K,,Electrical>Wiring Devices>Receptacles & Switches,"Fenton Bros Electric Inc, Wiring Device, CG50K",WIRING DEVICE,CG50K Wiring Device,Wiring Device,Wiring Device,,,,,,,,,,,,,,,,,,,,,,,,,,,Wiring Device,Device Type,,,Amperage Rating,,,Voltage Rating,,,Number of Gangs,,,Color,,,Additional Information,,,,,,,,,,,,,,,,,,,,,,,,,,,,,,,,,,,,,,,,,,,,,,,,,,,,,,,,,,,,,,,,,,,,,,,,,,,,,,,,,,,,,,,,,,,,,,,,,,,,,,,,,,,,,,,,,,,,,,,,,,,,,,,,,,,,,,,,,,39121004,,,,,,,,,,,,,,,,,,,,,,,,,,,,,,,,,,,,,,,,,,,
,,,,,,,Electrical,Wiring Devices,Receptacles & Switches,,R02-D215P-1RW,R02D215P1RW 15A Mini Outlet Wh,-- Unbranded --,-- No Unilog Brand --,Leviton,Leviton Mfg Co (4927),Leviton Mfg Co,Leviton,,R02-D215P-1RW,,Electrical>Wiring Devices>Receptacles & Switches,"Leviton, Wiring Device, R02-D215P-1RW, Receptacle, 15 A, White",WIRING DEVICE RECPT 15A WH,"Leviton R02-D215P-1RW Wiring Device, Receptacle, 15 A, White","Leviton Wiring Device, Receptacle, 15 A, White","Wiring Device, Receptacle, 15 A, White",,,,,,,,,,,,,,,,,,,,,,,,,,,Wiring Device,Device Type,Receptacle,,Amperage Rating,15,A,Voltage Rating,,,Number of Gangs,,,Color,White,,Additional Information,,,,,,,,,,,,,,,,,,,,,,,,,,,,,,,,,,,,,,,,,,,,,,,,,,,,,,,,,,,,,,,,,,,,,,,,,,,,,,,,,,,,,,,,,,,,,,,,,,,,,,,,,,,,,,,,,,,,,,,,,,,,,,,,,,,,,,,,,,39121004,,,,,,,,,,,,,,,,,,,,,,,,,,,,,,,,,,,,,,,,,,,
,,,,,,,Electrical,Wiring Devices,Receptacles & Switches,,PBUC013,PBUC013 15A Wall Tap w/USB,-- Unbranded --,-- No Unilog Brand --,Prime,Prime Wire & Cable (3562),Prime Wire & Cable,Prime,,PBUC013,,Electrical>Wiring Devices>Receptacles & Switches,"Prime, Wiring Device, PBUC013, 15 A",WIRING DEVICE 15A,"Prime PBUC013 Wiring Device With USB, 15 A","Prime Wiring Device With USB, 15 A","Wiring Device, 15 A",,,,,,,,,,,,,,,,,,,,,,With USB,,,,,Wiring Device,Device Type,,,Amperage Rating,15,A,Voltage Rating,,,Number of Gangs,,,Color,,,Additional Information,,,,,,,,,,,,,,,,,,,,,,,,,,,,,,,,,,,,,,,,,,,,,,,,,,,,,,,,,,,,,,,,,,,,,,,,,,,,,,,,,,,,,,,,,,,,,,,,,,,,,,,,,,,,,,,,,,,,,,,,,,,,,,,,,,,,,,,,,,39121004,,,,,,,,,,,,,,,,,,,,,,,,,,,,,,,,,,,,,,,,,,,
,,,,,,,Electrical,Wiring Devices,Receptacles & Switches,,R00-GFNT1-00K,R00GFNT100K 15A Outlet Br,-- Unbranded --,-- No Unilog Brand --,Leviton,Leviton Mfg Co (4927),Leviton Mfg Co,Leviton,,R00-GFNT1-00K,,Electrical>Wiring Devices>Receptacles & Switches,"Leviton, Wiring Device, R00-GFNT1-00K, Receptacle, 15 A, Brown",WIRING DEVICE RECPT 15A BRN,"Leviton R00-GFNT1-00K Wiring Device, Receptacle, 15 A, Brown","Leviton Wiring Device, Receptacle, 15 A, Brown","Wiring Device, Receptacle, 15 A, Brown",,,,,,,,,,,,,,,,,,,,,,,,,,,Wiring Device,Device Type,Receptacle,,Amperage Rating,15,A,Voltage Rating,,,Number of Gangs,,,Color,Brown,,Additional Information,,,,,,,,,,,,,,,,,,,,,,,,,,,,,,,,,,,,,,,,,,,,,,,,,,,,,,,,,,,,,,,,,,,,,,,,,,,,,,,,,,,,,,,,,,,,,,,,,,,,,,,,,,,,,,,,,,,,,,,,,,,,,,,,,,,,,,,,,,39121004,,,,,,,,,,,,,,,,,,,,,,,,,,,,,,,,,,,,,,,,,,,
,,,,,,,Electrical,Wiring Devices,Receptacles & Switches,,R92-GFWT1-0KW,R92GFWT10KW 15A GFCI Outlet Wh,-- Unbranded --,-- No Unilog Brand --,Leviton,Leviton Mfg Co (4927),Leviton Mfg Co,Leviton,,R92-GFWT1-0KW,,Electrical>Wiring Devices>Receptacles & Switches,"Leviton, Wiring Device, R92-GFWT1-0KW, GFCI Receptacle, 15 A, White",WIRING DEVICE GFCI 15A WH,"Leviton R92-GFWT1-0KW Wiring Device, GFCI Receptacle, 15 A, White","Leviton Wiring Device, GFCI Receptacle, 15 A, White","Wiring Device, GFCI Receptacle, 15 A, White",,,,,,,,,,,,,,,,,,,,,,,,,,,Wiring Device,Device Type,GFCI Receptacle,,Amperage Rating,15,A,Voltage Rating,,,Number of Gangs,,,Color,White,,Additional Information,,,,,,,,,,,,,,,,,,,,,,,,,,,,,,,,,,,,,,,,,,,,,,,,,,,,,,,,,,,,,,,,,,,,,,,,,,,,,,,,,,,,,,,,,,,,,,,,,,,,,,,,,,,,,,,,,,,,,,,,,,,,,,,,,,,,,,,,,,39121004,,,,,,,,,,,,,,,,,,,,,,,,,,,,,,,,,,,,,,,,,,,
,,,,,,,Electrical,Wiring Devices,Receptacles & Switches,,R12-AGTR1-0KW,R12AGTR10KW 15A GFCI Outler Wh,-- Unbranded --,-- No Unilog Brand --,Leviton,Leviton Mfg Co (4927),Leviton Mfg Co,Leviton,,R12-AGTR1-0KW,,Electrical>Wiring Devices>Receptacles & Switches,"Leviton, Wiring Device, R12-AGTR1-0KW, GFCI Receptacle, 15 A, White",WIRING DEVICE GFCI 15A WH,"Leviton R12-AGTR1-0KW Wiring Device, GFCI Receptacle, 15 A, White","Leviton Wiring Device, GFCI Receptacle, 15 A, White","Wiring Device, GFCI Receptacle, 15 A, White",,,,,,,,,,,,,,,,,,,,,,,,,,,Wiring Device,Device Type,GFCI Receptacle,,Amperage Rating,15,A,Voltage Rating,,,Number of Gangs,,,Color,White,,Additional Information,,,,,,,,,,,,,,,,,,,,,,,,,,,,,,,,,,,,,,,,,,,,,,,,,,,,,,,,,,,,,,,,,,,,,,,,,,,,,,,,,,,,,,,,,,,,,,,,,,,,,,,,,,,,,,,,,,,,,,,,,,,,,,,,,,,,,,,,,,39121004,,,,,,,,,,,,,,,,,,,,,,,,,,,,,,,,,,,,,,,,,,,
,,,,,,,Electrical,Wiring Devices,Receptacles & Switches,,R62-GFTA1-0KW,R92GFTA10KW 15A GFCI Outlet Wh,-- Unbranded --,-- No Unilog Brand --,Leviton,Leviton Mfg Co (4927),Leviton Mfg Co,Leviton,,R62-GFTA1-0KW,,Electrical>Wiring Devices>Receptacles & Switches,"Leviton, Wiring Device, R62-GFTA1-0KW, GFCI Receptacle, 15 A, White",WIRING DEVICE GFCI 15A WH,"Leviton R62-GFTA1-0KW Wiring Device, GFCI Receptacle, 15 A, White","Leviton Wiring Device, GFCI Receptacle, 15 A, White","Wiring Device, GFCI Receptacle, 15 A, White",,,,,,,,,,,,,,,,,,,,,,,,,,,Wiring Device,Device Type,GFCI Receptacle,,Amperage Rating,15,A,Voltage Rating,,,Number of Gangs,,,Color,White,,Additional Information,,,,,,,,,,,,,,,,,,,,,,,,,,,,,,,,,,,,,,,,,,,,,,,,,,,,,,,,,,,,,,,,,,,,,,,,,,,,,,,,,,,,,,,,,,,,,,,,,,,,,,,,,,,,,,,,,,,,,,,,,,,,,,,,,,,,,,,,,,39121004,,,,,,,,,,,,,,,,,,,,,,,,,,,,,,,,,,,,,,,,,,,
,,,,,,,Electrical,Wiring Devices,Receptacles & Switches,,165-04729-00C,1650472900C 15A 125V Cord Conn,-- Unbranded --,-- No Unilog Brand --,Leviton,Leviton Mfg Co (4927),Leviton Mfg Co,Leviton,,165-04729-00C,,Electrical>Wiring Devices>Receptacles & Switches,"Leviton, Wiring Device, 165-04729-00C, Cord Connector, 15 A",WIRING DEVICE CRD CONN 15A 125V,"Leviton 165-04729-00C Wiring Device, Cord Connector, 15 A","Leviton Wiring Device, Cord Connector, 15 A, 125 V","Wiring Device, Cord Connector, 15 A",,,,,,,,,,,,,,,,,,,,,,,,,,,Wiring Device,Device Type,Cord Connector,,Amperage Rating,15,A,Voltage Rating,125,V,Number of Gangs,,,Color,,,Additional Information,,,,,,,,,,,,,,,,,,,,,,,,,,,,,,,,,,,,,,,,,,,,,,,,,,,,,,,,,,,,,,,,,,,,,,,,,,,,,,,,,,,,,,,,,,,,,,,,,,,,,,,,,,,,,,,,,,,,,,,,,,,,,,,,,,,,,,,,,,39121004,,,,,,,,,,,,,,,,,,,,,,,,,,,,,,,,,,,,,,,,,,,
,,,,,,,Electrical,Wiring Devices,Receptacles & Switches,,161-04720-00C,1610472000C 15A 125V Cord Conn,-- Unbranded --,-- No Unilog Brand --,Leviton,Leviton Mfg Co (4927),Leviton Mfg Co,Leviton,,161-04720-00C,,Electrical>Wiring Devices>Receptacles & Switches,"Leviton, Wiring Device, 161-04720-00C, Cord Connector, 15 A",WIRING DEVICE CRD CONN 15A 125V,"Leviton 161-04720-00C Wiring Device, Cord Connector, 15 A","Leviton Wiring Device, Cord Connector, 15 A, 125 V","Wiring Device, Cord Connector, 15 A",,,,,,,,,,,,,,,,,,,,,,,,,,,Wiring Device,Device Type,Cord Connector,,Amperage Rating,15,A,Voltage Rating,125,V,Number of Gangs,,,Color,,,Additional Information,,,,,,,,,,,,,,,,,,,,,,,,,,,,,,,,,,,,,,,,,,,,,,,,,,,,,,,,,,,,,,,,,,,,,,,,,,,,,,,,,,,,,,,,,,,,,,,,,,,,,,,,,,,,,,,,,,,,,,,,,,,,,,,,,,,,,,,,,,39121004,,,,,,,,,,,,,,,,,,,,,,,,,,,,,,,,,,,,,,,,,,,
,,,,,,,Electrical,Wiring Devices,Receptacles & Switches,,R02-GUAC1-0BW,R02GUAC10BW 15A/USB Outlet Wh,-- Unbranded --,-- No Unilog Brand --,Leviton,Leviton Mfg Co (4927),Leviton Mfg Co,Leviton,,R02-GUAC1-0BW,,Electrical>Wiring Devices>Receptacles & Switches,"Leviton, Wiring Device, R02-GUAC1-0BW, Receptacle, 15 A, White",WIRING DEVICE RECPT 15A WH,"Leviton R02-GUAC1-0BW Wiring Device, Receptacle, 15 A, White","Leviton Wiring Device, Receptacle, 15 A, White","Wiring Device, Receptacle, 15 A, White",,,,,,,,,,,,,,,,,,,,,,,,,,,Wiring Device,Device Type,Receptacle,,Amperage Rating,15,A,Voltage Rating,,,Number of Gangs,,,Color,White,,Additional Information,,,,,,,,,,,,,,,,,,,,,,,,,,,,,,,,,,,,,,,,,,,,,,,,,,,,,,,,,,,,,,,,,,,,,,,,,,,,,,,,,,,,,,,,,,,,,,,,,,,,,,,,,,,,,,,,,,,,,,,,,,,,,,,,,,,,,,,,,,39121004,,,,,,,,,,,,,,,,,,,,,,,,,,,,,,,,,,,,,,,,,,,
,,,,,,,Electrical,Wiring Devices,Receptacles & Switches,,R56-CBR15-00T,R56CBR1500T 15A Outlet LA,-- Unbranded --,-- No Unilog Brand --,Leviton,Leviton Mfg Co (4927),Leviton Mfg Co,Leviton,,R56-CBR15-00T,,Electrical>Wiring Devices>Receptacles & Switches,"Leviton, Wiring Device, R56-CBR15-00T, Receptacle, 15 A, Light Almond",WIRING DEVICE RECPT 15A LA,"Leviton R56-CBR15-00T Wiring Device, Receptacle, 15 A, Light Almond","Leviton Wiring Device, Receptacle, 15 A, Light Almond","Wiring Device, Receptacle, 15 A, Light Almond",,,,,,,,,,,,,,,,,,,,,,,,,,,Wiring Device,Device Type,Receptacle,,Amperage Rating,15,A,Voltage Rating,,,Number of Gangs,,,Color,Light Almond,,Additional Information,,,,,,,,,,,,,,,,,,,,,,,,,,,,,,,,,,,,,,,,,,,,,,,,,,,,,,,,,,,,,,,,,,,,,,,,,,,,,,,,,,,,,,,,,,,,,,,,,,,,,,,,,,,,,,,,,,,,,,,,,,,,,,,,,,,,,,,,,,39121004,,,,,,,,,,,,,,,,,,,,,,,,,,,,,,,,,,,,,,,,,,,
,,,,,,,,,,,R20-05378-P00,R2005378P00 6-50R Welder Outet,-- Unbranded --,-- No Unilog Brand --,Leviton,Leviton Mfg Co (4927),Leviton Mfg Co,Leviton,,R20-05378-P00,,,"Leviton, Product, R20-05378-P00",PRODUCT,Leviton R20-05378-P00 Product,Leviton Product,Product,,,,,,,,,,,,,,,,,,,,,,,,,,,Product,Product Type,,,Size,,,Material,,,Color,,,Additional Information,,,,,,,,,,,,,,,,,,,,,,,,,,,,,,,,,,,,,,,,,,,,,,,,,,,,,,,,,,,,,,,,,,,,,,,,,,,,,,,,,,,,,,,,,,,,,,,,,,,,,,,,,,,,,,,,,,,,,,,,,,,,,,,,,,,,,,,,,,,,,,,,,,,,,,,,,,,,,,,,,,,,,,,,,,,,,,,,,,,,,,,,
,,,,,,,,,,,WC1V12W-SG-UPC,WC1V12WSGUPC 1G Cover Wh,-- Unbranded --,-- No Unilog Brand --,Southwire,Southwire/g Turner (6603),Southwire/g Turner,Southwire,,WC1V12W-SG-UPC,,,"Southwire, Product, WC1V12W-SG-UPC",PRODUCT,Southwire WC1V12W-SG-UPC Product,Southwire Product,Product,,,,,,,,,,,,,,,,,,,,,,,,,,,Product,Product Type,,,Size,,,Material,,,Color,,,Additional Information,,,,,,,,,,,,,,,,,,,,,,,,,,,,,,,,,,,,,,,,,,,,,,,,,,,,,,,,,,,,,,,,,,,,,,,,,,,,,,,,,,,,,,,,,,,,,,,,,,,,,,,,,,,,,,,,,,,,,,,,,,,,,,,,,,,,,,,,,,,,,,,,,,,,,,,,,,,,,,,,,,,,,,,,,,,,,,,,,,,,,,,,
,,,,,,,Electrical,Wiring Devices,Receptacles & Switches,,R51-GSRA1-THD,R5GSRA1THD 15A GFCI Plug,-- Unbranded --,-- No Unilog Brand --,Leviton,Leviton Mfg Co (4927),Leviton Mfg Co,Leviton,,R51-GSRA1-THD,,Electrical>Wiring Devices>Receptacles & Switches,"Leviton, Wiring Device, R51-GSRA1-THD, GFCI Receptacle, 15 A",WIRING DEVICE GFCI 15A,"Leviton R51-GSRA1-THD Wiring Device, GFCI Receptacle, 15 A","Leviton Wiring Device, GFCI Receptacle, 15 A","Wiring Device, GFCI Receptacle, 15 A",,,,,,,,,,,,,,,,,,,,,,,,,,,Wiring Device,Device Type,GFCI Receptacle,,Amperage Rating,15,A,Voltage Rating,,,Number of Gangs,,,Color,,,Additional Information,,,,,,,,,,,,,,,,,,,,,,,,,,,,,,,,,,,,,,,,,,,,,,,,,,,,,,,,,,,,,,,,,,,,,,,,,,,,,,,,,,,,,,,,,,,,,,,,,,,,,,,,,,,,,,,,,,,,,,,,,,,,,,,,,,,,,,,,,,39121004,,,,,,,,,,,,,,,,,,,,,,,,,,,,,,,,,,,,,,,,,,,
,,,,,,,Electrical,Wiring Devices,Receptacles & Switches,,R62-CBR15-00W,R62CBR1500W 15A Outlet Wh,-- Unbranded --,-- No Unilog Brand --,Leviton,Leviton Mfg Co (4927),Leviton Mfg Co,Leviton,,R62-CBR15-00W,,Electrical>Wiring Devices>Receptacles & Switches,"Leviton, Wiring Device, R62-CBR15-00W, Receptacle, 15 A, White",WIRING DEVICE RECPT 15A WH,"Leviton R62-CBR15-00W Wiring Device, Receptacle, 15 A, White","Leviton Wiring Device, Receptacle, 15 A, White","Wiring Device, Receptacle, 15 A, White",,,,,,,,,,,,,,,,,,,,,,,,,,,Wiring Device,Device Type,Receptacle,,Amperage Rating,15,A,Voltage Rating,,,Number of Gangs,,,Color,White,,Additional Information,,,,,,,,,,,,,,,,,,,,,,,,,,,,,,,,,,,,,,,,,,,,,,,,,,,,,,,,,,,,,,,,,,,,,,,,,,,,,,,,,,,,,,,,,,,,,,,,,,,,,,,,,,,,,,,,,,,,,,,,,,,,,,,,,,,,,,,,,,39121004,,,,,,,,,,,,,,,,,,,,,,,,,,,,,,,,,,,,,,,,,,,
,,,,,,,Electrical,Wiring Devices,Receptacles & Switches,,S03-05226-IS,S0305226IS IV Switch / Pilot,-- Unbranded --,-- No Unilog Brand --,Leviton,Leviton Mfg Co (4927),Leviton Mfg Co,Leviton,,S03-05226-IS,,Electrical>Wiring Devices>Receptacles & Switches,"Leviton, Wiring Device, S03-05226-IS, Switch, Ivory",WIRING DEVICE SWITCH IV,"Leviton S03-05226-IS Wiring Device, Switch, Ivory","Leviton Wiring Device, Switch, Ivory","Wiring Device, Switch, Ivory",,,,,,,,,,,,,,,,,,,,,,,,,,,Wiring Device,Device Type,Switch,,Amperage Rating,,,Voltage Rating,,,Number of Gangs,,,Color,Ivory,,Additional Information,,,,,,,,,,,,,,,,,,,,,,,,,,,,,,,,,,,,,,,,,,,,,,,,,,,,,,,,,,,,,,,,,,,,,,,,,,,,,,,,,,,,,,,,,,,,,,,,,,,,,,,,,,,,,,,,,,,,,,,,,,,,,,,,,,,,,,,,,,39121004,,,,,,,,,,,,,,,,,,,,,,,,,,,,,,,,,,,,,,,,,,,
,,,,,,,Electrical,Wiring Devices,Receptacles & Switches,,174-0CSB3-15W,174-OCSB3-15A Toggle 3-Way Switch Wh,-- Unbranded --,-- No Unilog Brand --,-- No DIB Brand --,Leviton Mfg Co (4927),Leviton Mfg Co,Leviton,,174-0CSB3-15W,,Electrical>Wiring Devices>Receptacles & Switches,"Leviton, Wiring Device, 174-0CSB3-15W, Switch, 15 A, White",WIRING DEVICE SWITCH 15A WH,"Leviton 174-0CSB3-15W Wiring Device, Switch, 15 A, White","Leviton Wiring Device, Switch, 15 A, White","Wiring Device, Switch, 15 A, White",,,,,,,,,,,,,,,,,,,,,,,,,,,Wiring Device,Device Type,Switch,,Amperage Rating,15,A,Voltage Rating,,,Number of Gangs,,,Color,White,,Additional Information,,,,,,,,,,,,,,,,,,,,,,,,,,,,,,,,,,,,,,,,,,,,,,,,,,,,,,,,,,,,,,,,,,,,,,,,,,,,,,,,,,,,,,,,,,,,,,,,,,,,,,,,,,,,,,,,,,,,,,,,,,,,,,,,,,,,,,,,,,39121004,,,,,,,,,,,,,,,,,,,,,,,,,,,,,,,,,,,,,,,,,,,
,,,,,,,Electrical,Wiring Devices,Receptacles & Switches,,R50-0SL13-000,T50-0SL13000 1G Wallplate SS - Blank,-- Unbranded --,-- No Unilog Brand --,Leviton,Leviton Mfg Co (4927),Leviton Mfg Co,Leviton,,R50-0SL13-000,,Electrical>Wiring Devices>Receptacles & Switches,"Leviton, Wiring Device, R50-0SL13-000, Wall Plate, Stainless Steel",WIRING DEVICE WLPLT SST,"Leviton R50-0SL13-000 Wiring Device, Wall Plate, Stainless Steel","Leviton Wiring Device, Wall Plate, 1 Gang, Stainless Steel","Wiring Device, Wall Plate, Stainless Steel",,,,,,,,,,,,,,,,,,,,,,,,,,,Wiring Device,Device Type,Wall Plate,,Amperage Rating,,,Voltage Rating,,,Number of Gangs,1,,Color,Stainless Steel,,Additional Information,,,,,,,,,,,,,,,,,,,,,,,,,,,,,,,,,,,,,,,,,,,,,,,,,,,,,,,,,,,,,,,,,,,,,,,,,,,,,,,,,,,,,,,,,,,,,,,,,,,,,,,,,,,,,,,,,,,,,,,,,,,,,,,,,,,,,,,,,,39121004,,,,,,,,,,,,,,,,,,,,,,,,,,,,,,,,,,,,,,,,,,,
,,,,,,,Electrical,Wiring Devices,Receptacles & Switches,,R52-0PJ13-00W,R520PJ1300W 1G Wallplate Wh - Blank,-- Unbranded --,-- No Unilog Brand --,Leviton,Leviton Mfg Co (4927),Leviton Mfg Co,Leviton,,R52-0PJ13-00W,,Electrical>Wiring Devices>Receptacles & Switches,"Leviton, Wiring Device, R52-0PJ13-00W, Wall Plate, White",WIRING DEVICE WLPLT WH,"Leviton R52-0PJ13-00W Wiring Device, Wall Plate, White","Leviton Wiring Device, Wall Plate, 1 Gang, White","Wiring Device, Wall Plate, White",,,,,,,,,,,,,,,,,,,,,,,,,,,Wiring Device,Device Type,Wall Plate,,Amperage Rating,,,Voltage Rating,,,Number of Gangs,1,,Color,White,,Additional Information,,,,,,,,,,,,,,,,,,,,,,,,,,,,,,,,,,,,,,,,,,,,,,,,,,,,,,,,,,,,,,,,,,,,,,,,,,,,,,,,,,,,,,,,,,,,,,,,,,,,,,,,,,,,,,,,,,,,,,,,,,,,,,,,,,,,,,,,,,39121004,,,,,,,,,,,,,,,,,,,,,,,,,,,,,,,,,,,,,,,,,,,
,,,,,,,Appliances,Small Appliances,Countertop Appliances,,XOU2470BCGS,XOU2470BCGS Tall Beverage Center SS,-- Unbranded --,-- No Unilog Brand --,-- No DIB Brand --,Appliance Dealers Cooperative (APPDE),,,,XOU2470BCGS,,Appliances & Consumer Electronics>Kitchen Appliances>Countertop Appliances,"Countertop Appliance, XOU2470BCGS, Beverage Center",CTOP APPLIANCE BEV CTR,"XOU2470BCGS Countertop Appliance, Beverage Center","Countertop Appliance, Beverage Center","Countertop Appliance, Beverage Center",,,,,,,,,,,,,,,,,,,,,,,,,,,Countertop Appliance,Series,,,Appliance Type,Beverage Center,,Voltage Rating,,,Color,,,Additional Information,,,,,,,,,,,,,,,,,,,,,,,,,,,,,,,,,,,,,,,,,,,,,,,,,,,,,,,,,,,,,,,,,,,,,,,,,,,,,,,,,,,,,,,,,,,,,,,,,,,,,,,,,,,,,,,,,,,,,,,,,,,,,,,,,,,,,,,,,,,,,52141550,,,,,,,,,,,,,,,,,,,,,,,,,,,,,,,,,,,,,,,,,,,
,,,,,,,Appliances,Small Appliances,Countertop Appliances,,XOU24BCGSR,XOU24BCGSR Beverage Center SS,-- Unbranded --,-- No Unilog Brand --,-- No DIB Brand --,Appliance Dealers Cooperative (APPDE),,,,XOU24BCGSR,,Appliances & Consumer Electronics>Kitchen Appliances>Countertop Appliances,"Countertop Appliance, XOU24BCGSR, Beverage Center",CTOP APPLIANCE BEV CTR,"XOU24BCGSR Countertop Appliance, Beverage Center","Countertop Appliance, Beverage Center","Countertop Appliance, Beverage Center",,,,,,,,,,,,,,,,,,,,,,,,,,,Countertop Appliance,Series,,,Appliance Type,Beverage Center,,Voltage Rating,,,Color,,,Additional Information,,,,,,,,,,,,,,,,,,,,,,,,,,,,,,,,,,,,,,,,,,,,,,,,,,,,,,,,,,,,,,,,,,,,,,,,,,,,,,,,,,,,,,,,,,,,,,,,,,,,,,,,,,,,,,,,,,,,,,,,,,,,,,,,,,,,,,,,,,,,,52141550,,,,,,,,,,,,,,,,,,,,,,,,,,,,,,,,,,,,,,,,,,,
,,,,,,,Appliances,Small Appliances,Countertop Appliances,,XOU24WDZGBR,XOU24WDZGBR Beverage Center Bk,-- Unbranded --,-- No Unilog Brand --,-- No DIB Brand --,Appliance Dealers Cooperative (APPDE),,,,XOU24WDZGBR,,Appliances & Consumer Electronics>Kitchen Appliances>Countertop Appliances,"Countertop Appliance, XOU24WDZGBR, Beverage Center",CTOP APPLIANCE BEV CTR,"XOU24WDZGBR Countertop Appliance, Beverage Center","Countertop Appliance, Beverage Center","Countertop Appliance, Beverage Center",,,,,,,,,,,,,,,,,,,,,,,,,,,Countertop Appliance,Series,,,Appliance Type,Beverage Center,,Voltage Rating,,,Color,,,Additional Information,,,,,,,,,,,,,,,,,,,,,,,,,,,,,,,,,,,,,,,,,,,,,,,,,,,,,,,,,,,,,,,,,,,,,,,,,,,,,,,,,,,,,,,,,,,,,,,,,,,,,,,,,,,,,,,,,,,,,,,,,,,,,,,,,,,,,,,,,,,,,52141550,,,,,,,,,,,,,,,,,,,,,,,,,,,,,,,,,,,,,,,,,,,
,,,,,,,Appliances,Small Appliances,Countertop Appliances,,C7CDAAS3PD3,C7CDAAS3PD3 Café Drip Coffee Maker MB,-- Unbranded --,-- No Unilog Brand --,-- No DIB Brand --,Appliance Dealers Cooperative (APPDE),,Cafe,,C7CDAAS3PD3,,Appliances & Consumer Electronics>Kitchen Appliances>Countertop Appliances,"Cafe, Countertop Appliance, C7CDAAS3PD3, Drip Coffee Maker",CTOP APPLIANCE COFFEE MKR,"Cafe C7CDAAS3PD3 Countertop Appliance, Drip Coffee Maker","Cafe Countertop Appliance, Drip Coffee Maker","Countertop Appliance, Drip Coffee Maker",,,,,,,,,,,,,,,,,,,,,,,,,,,Countertop Appliance,Series,,,Appliance Type,Drip Coffee Maker,,Voltage Rating,,,Color,,,Additional Information,,,,,,,,,,,,,,,,,,,,,,,,,,,,,,,,,,,,,,,,,,,,,,,,,,,,,,,,,,,,,,,,,,,,,,,,,,,,,,,,,,,,,,,,,,,,,,,,,,,,,,,,,,,,,,,,,,,,,,,,,,,,,,,,,,,,,,,,,,,,,52141550,,,,,,,,,,,,,,,,,,,,,,,,,,,,,,,,,,,,,,,,,,,
,,,,,,,Appliances,Small Appliances,Countertop Appliances,,C7CDAAS4PW3,C7CDAAS4PW3 Café Drip Coffee Maker MW,-- Unbranded --,-- No Unilog Brand --,-- No DIB Brand --,Appliance Dealers Cooperative (APPDE),,Cafe,,C7CDAAS4PW3,,Appliances & Consumer Electronics>Kitchen Appliances>Countertop Appliances,"Cafe, Countertop Appliance, C7CDAAS4PW3, Drip Coffee Maker",CTOP APPLIANCE COFFEE MKR,"Cafe C7CDAAS4PW3 Countertop Appliance, Drip Coffee Maker","Cafe Countertop Appliance, Drip Coffee Maker","Countertop Appliance, Drip Coffee Maker",,,,,,,,,,,,,,,,,,,,,,,,,,,Countertop Appliance,Series,,,Appliance Type,Drip Coffee Maker,,Voltage Rating,,,Color,,,Additional Information,,,,,,,,,,,,,,,,,,,,,,,,,,,,,,,,,,,,,,,,,,,,,,,,,,,,,,,,,,,,,,,,,,,,,,,,,,,,,,,,,,,,,,,,,,,,,,,,,,,,,,,,,,,,,,,,,,,,,,,,,,,,,,,,,,,,,,,,,,,,,52141550,,,,,,,,,,,,,,,,,,,,,,,,,,,,,,,,,,,,,,,,,,,
,,,,,,,Appliances,Small Appliances,Countertop Appliances,,C7CDABS2RS3,C7CDABS2RS3 Cafe Coffee Maker,-- Unbranded --,-- No Unilog Brand --,-- No DIB Brand --,Appliance Dealers Cooperative (APPDE),,Cafe,,C7CDABS2RS3,,Appliances & Consumer Electronics>Kitchen Appliances>Countertop Appliances,"Cafe, Countertop Appliance, C7CDABS2RS3, Drip Coffee Maker",CTOP APPLIANCE COFFEE MKR,"Cafe C7CDABS2RS3 Countertop Appliance, Drip Coffee Maker","Cafe Countertop Appliance, Drip Coffee Maker","Countertop Appliance, Drip Coffee Maker",,,,,,,,,,,,,,,,,,,,,,,,,,,Countertop Appliance,Series,,,Appliance Type,Drip Coffee Maker,,Voltage Rating,,,Color,,,Additional Information,,,,,,,,,,,,,,,,,,,,,,,,,,,,,,,,,,,,,,,,,,,,,,,,,,,,,,,,,,,,,,,,,,,,,,,,,,,,,,,,,,,,,,,,,,,,,,,,,,,,,,,,,,,,,,,,,,,,,,,,,,,,,,,,,,,,,,,,,,,,,52141550,,,,,,,,,,,,,,,,,,,,,,,,,,,,,,,,,,,,,,,,,,,
,,,,,,,Appliances,Small Appliances,Countertop Appliances,,C7CDABS3RD3,C7CDABS3RD3 Café Coffee Maker MB,-- Unbranded --,-- No Unilog Brand --,-- No DIB Brand --,Appliance Dealers Cooperative (APPDE),,Cafe,,C7CDABS3RD3,,Appliances & Consumer Electronics>Kitchen Appliances>Countertop Appliances,"Cafe, Countertop Appliance, C7CDABS3RD3, Drip Coffee Maker",CTOP APPLIANCE COFFEE MKR,"Cafe C7CDABS3RD3 Countertop Appliance, Drip Coffee Maker","Cafe Countertop Appliance, Drip Coffee Maker","Countertop Appliance, Drip Coffee Maker",,,,,,,,,,,,,,,,,,,,,,,,,,,Countertop Appliance,Series,,,Appliance Type,Drip Coffee Maker,,Voltage Rating,,,Color,,,Additional Information,,,,,,,,,,,,,,,,,,,,,,,,,,,,,,,,,,,,,,,,,,,,,,,,,,,,,,,,,,,,,,,,,,,,,,,,,,,,,,,,,,,,,,,,,,,,,,,,,,,,,,,,,,,,,,,,,,,,,,,,,,,,,,,,,,,,,,,,,,,,,52141550,,,,,,,,,,,,,,,,,,,,,,,,,,,,,,,,,,,,,,,,,,,
,,,,,,,Appliances,Small Appliances,Countertop Appliances,,C7CDABS4RW3,C7CDABS4RW3 Café Coffee Maker MW,-- Unbranded --,-- No Unilog Brand --,-- No DIB Brand --,Appliance Dealers Cooperative (APPDE),,Cafe,,C7CDABS4RW3,,Appliances & Consumer Electronics>Kitchen Appliances>Countertop Appliances,"Cafe, Countertop Appliance, C7CDABS4RW3, Drip Coffee Maker",CTOP APPLIANCE COFFEE MKR,"Cafe C7CDABS4RW3 Countertop Appliance, Drip Coffee Maker","Cafe Countertop Appliance, Drip Coffee Maker","Countertop Appliance, Drip Coffee Maker",,,,,,,,,,,,,,,,,,,,,,,,,,,Countertop Appliance,Series,,,Appliance Type,Drip Coffee Maker,,Voltage Rating,,,Color,,,Additional Information,,,,,,,,,,,,,,,,,,,,,,,,,,,,,,,,,,,,,,,,,,,,,,,,,,,,,,,,,,,,,,,,,,,,,,,,,,,,,,,,,,,,,,,,,,,,,,,,,,,,,,,,,,,,,,,,,,,,,,,,,,,,,,,,,,,,,,,,,,,,,52141550,,,,,,,,,,,,,,,,,,,,,,,,,,,,,,,,,,,,,,,,,,,
,,,,,,,Appliances,Small Appliances,Countertop Appliances,,C7CEBBS2RS3,C7CEBBS2RS3 Cafe Auto Espresso Machine SS,-- Unbranded --,-- No Unilog Brand --,-- No DIB Brand --,Appliance Dealers Cooperative (APPDE),,Cafe,,C7CEBBS2RS3,,Appliances & Consumer Electronics>Kitchen Appliances>Countertop Appliances,"Cafe, Countertop Appliance, C7CEBBS2RS3, Espresso Machine",CTOP APPLIANCE ESPRESSO,"Cafe C7CEBBS2RS3 Countertop Appliance, Espresso Machine","Cafe Countertop Appliance, Espresso Machine","Countertop Appliance, Espresso Machine",,,,,,,,,,,,,,,,,,,,,,,,,,,Countertop Appliance,Series,,,Appliance Type,Espresso Machine,,Voltage Rating,,,Color,,,Additional Information,,,,,,,,,,,,,,,,,,,,,,,,,,,,,,,,,,,,,,,,,,,,,,,,,,,,,,,,,,,,,,,,,,,,,,,,,,,,,,,,,,,,,,,,,,,,,,,,,,,,,,,,,,,,,,,,,,,,,,,,,,,,,,,,,,,,,,,,,,,,,52141550,,,,,,,,,,,,,,,,,,,,,,,,,,,,,,,,,,,,,,,,,,,
,,,,,,,Appliances,Small Appliances,Countertop Appliances,,C7CEBBS4RW3,C7CEBBS4RW3 Café Auto Espresso Machine Wh,-- Unbranded --,-- No Unilog Brand --,-- No DIB Brand --,Appliance Dealers Cooperative (APPDE),,Cafe,,C7CEBBS4RW3,,Appliances & Consumer Electronics>Kitchen Appliances>Countertop Appliances,"Cafe, Countertop Appliance, C7CEBBS4RW3, Espresso Machine",CTOP APPLIANCE ESPRESSO,"Cafe C7CEBBS4RW3 Countertop Appliance, Espresso Machine","Cafe Countertop Appliance, Espresso Machine","Countertop Appliance, Espresso Machine",,,,,,,,,,,,,,,,,,,,,,,,,,,Countertop Appliance,Series,,,Appliance Type,Espresso Machine,,Voltage Rating,,,Color,,,Additional Information,,,,,,,,,,,,,,,,,,,,,,,,,,,,,,,,,,,,,,,,,,,,,,,,,,,,,,,,,,,,,,,,,,,,,,,,,,,,,,,,,,,,,,,,,,,,,,,,,,,,,,,,,,,,,,,,,,,,,,,,,,,,,,,,,,,,,,,,,,,,,52141550,,,,,,,,,,,,,,,,,,,,,,,,,,,,,,,,,,,,,,,,,,,
,,,,,,,Appliances,Small Appliances,Countertop Appliances,,C7CESAS2RS3,C7CESAS2RS3 Café Espresso SS,-- Unbranded --,-- No Unilog Brand --,-- No DIB Brand --,Appliance Dealers Cooperative (APPDE),,Cafe,,C7CESAS2RS3,,Appliances & Consumer Electronics>Kitchen Appliances>Countertop Appliances,"Cafe, Countertop Appliance, C7CESAS2RS3, Espresso Machine",CTOP APPLIANCE ESPRESSO,"Cafe C7CESAS2RS3 Countertop Appliance, Espresso Machine","Cafe Countertop Appliance, Espresso Machine","Countertop Appliance, Espresso Machine",,,,,,,,,,,,,,,,,,,,,,,,,,,Countertop Appliance,Series,,,Appliance Type,Espresso Machine,,Voltage Rating,,,Color,,,Additional Information,,,,,,,,,,,,,,,,,,,,,,,,,,,,,,,,,,,,,,,,,,,,,,,,,,,,,,,,,,,,,,,,,,,,,,,,,,,,,,,,,,,,,,,,,,,,,,,,,,,,,,,,,,,,,,,,,,,,,,,,,,,,,,,,,,,,,,,,,,,,,52141550,,,,,,,,,,,,,,,,,,,,,,,,,,,,,,,,,,,,,,,,,,,
,,,,,,,Appliances,Small Appliances,Countertop Appliances,,C7CESAS3RD3,C7CESAS3RD3 Café Espresso Machine MB,-- Unbranded --,-- No Unilog Brand --,-- No DIB Brand --,Appliance Dealers Cooperative (APPDE),,Cafe,,C7CESAS3RD3,,Appliances & Consumer Electronics>Kitchen Appliances>Countertop Appliances,"Cafe, Countertop Appliance, C7CESAS3RD3, Espresso Machine",CTOP APPLIANCE ESPRESSO,"Cafe C7CESAS3RD3 Countertop Appliance, Espresso Machine","Cafe Countertop Appliance, Espresso Machine","Countertop Appliance, Espresso Machine",,,,,,,,,,,,,,,,,,,,,,,,,,,Countertop Appliance,Series,,,Appliance Type,Espresso Machine,,Voltage Rating,,,Color,,,Additional Information,,,,,,,,,,,,,,,,,,,,,,,,,,,,,,,,,,,,,,,,,,,,,,,,,,,,,,,,,,,,,,,,,,,,,,,,,,,,,,,,,,,,,,,,,,,,,,,,,,,,,,,,,,,,,,,,,,,,,,,,,,,,,,,,,,,,,,,,,,,,,52141550,,,,,,,,,,,,,,,,,,,,,,,,,,,,,,,,,,,,,,,,,,,
,,,,,,,Appliances,Small Appliances,Countertop Appliances,,C7CESAS4RW3,C7CESAS4RW3 Cafe Espresso Wh,-- Unbranded --,-- No Unilog Brand --,-- No DIB Brand --,Appliance Dealers Cooperative (APPDE),,Cafe,,C7CESAS4RW3,,Appliances & Consumer Electronics>Kitchen Appliances>Countertop Appliances,"Cafe, Countertop Appliance, C7CESAS4RW3, Espresso Machine",CTOP APPLIANCE ESPRESSO,"Cafe C7CESAS4RW3 Countertop Appliance, Espresso Machine","Cafe Countertop Appliance, Espresso Machine","Countertop Appliance, Espresso Machine",,,,,,,,,,,,,,,,,,,,,,,,,,,Countertop Appliance,Series,,,Appliance Type,Espresso Machine,,Voltage Rating,,,Color,,,Additional Information,,,,,,,,,,,,,,,,,,,,,,,,,,,,,,,,,,,,,,,,,,,,,,,,,,,,,,,,,,,,,,,,,,,,,,,,,,,,,,,,,,,,,,,,,,,,,,,,,,,,,,,,,,,,,,,,,,,,,,,,,,,,,,,,,,,,,,,,,,,,,52141550,,,,,,,,,,,,,,,,,,,,,,,,,,,,,,,,,,,,,,,,,,,
,,,,,,,Appliances,Small Appliances,Countertop Appliances,,WOSP30100SS,WOSP30100SS Beko Wall Oven SS,-- Unbranded --,-- No Unilog Brand --,-- No DIB Brand --,Appliance Dealers Cooperative (APPDE),,Beko,,WOSP30100SS,,Appliances & Consumer Electronics>Kitchen Appliances>Countertop Appliances,"Beko, Countertop Appliance, WOSP30100SS, Wall Oven",CTOP APPLIANCE WALL OVN,"Beko WOSP30100SS Countertop Appliance, Wall Oven","Beko Countertop Appliance, Wall Oven","Countertop Appliance, Wall Oven",,,,,,,,,,,,,,,,,,,,,,,,,,,Countertop Appliance,Series,,,Appliance Type,Wall Oven,,Voltage Rating,,,Color,,,Additional Information,,,,,,,,,,,,,,,,,,,,,,,,,,,,,,,,,,,,,,,,,,,,,,,,,,,,,,,,,,,,,,,,,,,,,,,,,,,,,,,,,,,,,,,,,,,,,,,,,,,,,,,,,,,,,,,,,,,,,,,,,,,,,,,,,,,,,,,,,,,,,52141550,,,,,,,,,,,,,,,,,,,,,,,,,,,,,,,,,,,,,,,,,,,
,,,,,,,Appliances,Small Appliances,Microwaves,,MSER2090S,MSER2090S LG Microwave SS,-- Unbranded --,-- No Unilog Brand --,-- No DIB Brand --,Appliance Dealers Cooperative (APPDE),,LG,,MSER2090S,,Appliances & Consumer Electronics>Kitchen Appliances>Microwave Ovens,"LG, Microwave, MSER2090S",MICROWAVE,LG MSER2090S Microwave,LG Microwave,Microwave,,,,,,,,,,,,,,,,,,,,,,,,,,,Microwave,Series,,,Installation Type,,,Capacity,,,Voltage Rating,,,Color,,,Additional Information,,,,,,,,,,,,,,,,,,,,,,,,,,,,,,,,,,,,,,,,,,,,,,,,,,,,,,,,,,,,,,,,,,,,,,,,,,,,,,,,,,,,,,,,,,,,,,,,,,,,,,,,,,,,,,,,,,,,,,,,,,,,,,,,,,,,,,,,,,52141506,,,,,,,,,,,,,,,,,,,,,,,,,,,,,,,,,,,,,,,,,,,
,,,,,,,Appliances,Small Appliances,Microwaves,,GCST16S1WSS,GCST16S1WSS GE Microwave SS,-- Unbranded --,-- No Unilog Brand --,-- No DIB Brand --,Appliance Dealers Cooperative (APPDE),,GE,,GCST16S1WSS,,Appliances & Consumer Electronics>Kitchen Appliances>Microwave Ovens,"GE, Microwave, GCST16S1WSS",MICROWAVE,GE GCST16S1WSS Microwave,GE Microwave,Microwave,,,,,,,,,,,,,,,,,,,,,,,,,,,Microwave,Series,,,Installation Type,,,Capacity,,,Voltage Rating,,,Color,,,Additional Information,,,,,,,,,,,,,,,,,,,,,,,,,,,,,,,,,,,,,,,,,,,,,,,,,,,,,,,,,,,,,,,,,,,,,,,,,,,,,,,,,,,,,,,,,,,,,,,,,,,,,,,,,,,,,,,,,,,,,,,,,,,,,,,,,,,,,,,,,,52141506,,,,,,,,,,,,,,,,,,,,,,,,,,,,,,,,,,,,,,,,,,,
,,,,,,,Appliances,Small Appliances,Microwaves,,PCWK15C1WSS,PCWK15C1WSS GE Microwave,-- Unbranded --,-- No Unilog Brand --,-- No DIB Brand --,Appliance Dealers Cooperative (APPDE),,GE,,PCWK15C1WSS,,Appliances & Consumer Electronics>Kitchen Appliances>Microwave Ovens,"GE, Microwave, PCWK15C1WSS",MICROWAVE,GE PCWK15C1WSS Microwave,GE Microwave,Microwave,,,,,,,,,,,,,,,,,,,,,,,,,,,Microwave,Series,,,Installation Type,,,Capacity,,,Voltage Rating,,,Color,,,Additional Information,,,,,,,,,,,,,,,,,,,,,,,,,,,,,,,,,,,,,,,,,,,,,,,,,,,,,,,,,,,,,,,,,,,,,,,,,,,,,,,,,,,,,,,,,,,,,,,,,,,,,,,,,,,,,,,,,,,,,,,,,,,,,,,,,,,,,,,,,,52141506,,,,,,,,,,,,,,,,,,,,,,,,,,,,,,,,,,,,,,,,,,,
,,,,,,,Appliances,Small Appliances,Microwaves,,SMC2266KS,SMC2266KS Microwave SS Display Only,-- Unbranded --,-- No Unilog Brand --,-- No DIB Brand --,Appliance Dealers Cooperative (APPDE),,,,SMC2266KS,,Appliances & Consumer Electronics>Kitchen Appliances>Microwave Ovens,"Microwave, SMC2266KS",MICROWAVE,SMC2266KS Microwave,Microwave,Microwave,,,,,,,,,,,,,,,,,,,,,,,,,,,Microwave,Series,,,Installation Type,,,Capacity,,,Voltage Rating,,,Color,,,Additional Information,,,,,,,,,,,,,,,,,,,,,,,,,,,,,,,,,,,,,,,,,,,,,,,,,,,,,,,,,,,,,,,,,,,,,,,,,,,,,,,,,,,,,,,,,,,,,,,,,,,,,,,,,,,,,,,,,,,,,,,,,,,,,,,,,,,,,,,,,,52141506,,,,,,,,,,,,,,,,,,,,,,,,,,,,,,,,,,,,,,,,,,,
,,,,,,,Appliances,Small Appliances,Microwaves,,SMD2479JS,SMD2479JS Microwave Drawer SS Display Only,-- Unbranded --,-- No Unilog Brand --,-- No DIB Brand --,Appliance Dealers Cooperative (APPDE),,,,SMD2479JS,,Appliances & Consumer Electronics>Kitchen Appliances>Microwave Ovens,"Microwave, SMD2479JS, Drawer",MICROWAVE DRAWER,"SMD2479JS Microwave, Drawer","Microwave, Drawer","Microwave, Drawer",,,,,,,,,,,,,,,,,,,,,,,,,,,Microwave,Series,,,Installation Type,Drawer,,Capacity,,,Voltage Rating,,,Color,,,Additional Information,,,,,,,,,,,,,,,,,,,,,,,,,,,,,,,,,,,,,,,,,,,,,,,,,,,,,,,,,,,,,,,,,,,,,,,,,,,,,,,,,,,,,,,,,,,,,,,,,,,,,,,,,,,,,,,,,,,,,,,,,,,,,,,,,,,,,,,,,,52141506,,,,,,,,,,,,,,,,,,,,,,,,,,,,,,,,,,,,,,,,,,,
,,,,,,,Appliances,Small Appliances,Countertop Appliances,,PEP9030DTBB,"PEP9030DTBB 30"" GE Cooktop Bk",-- Unbranded --,-- No Unilog Brand --,-- No DIB Brand --,Appliance Dealers Cooperative (APPDE),,GE,,PEP9030DTBB,,Appliances & Consumer Electronics>Kitchen Appliances>Countertop Appliances,"GE, Countertop Appliance, PEP9030DTBB, Cooktop",CTOP APPLIANCE COOKTOP,"GE PEP9030DTBB Countertop Appliance, Cooktop","GE Countertop Appliance, Cooktop","Countertop Appliance, Cooktop",,,,,,,,,,,,,,,,,,,,,,,,,,,Countertop Appliance,Series,,,Appliance Type,Cooktop,,Voltage Rating,,,Color,,,Additional Information,,,,,,,,,,,,,,,,,,,,,,,,,,,,,,,,,,,,,,,,,,,,,,,,,,,,,,,,,,,,,,,,,,,,,,,,,,,,,,,,,,,,,,,,,,,,,,,,,,,,,,,,,,,,,,,,,,,,,,,,,,,,,,,,,,,,,,,,,,,,,52141550,,,,,,,,,,,,,,,,,,,,,,,,,,,,,,,,,,,,,,,,,,,
,,,,,,,Appliances,Large Appliances,Ranges,,CES700P3MD1,"CES700P3MD1 Cafe 30"" Range Bk - Display",-- Unbranded --,-- No Unilog Brand --,-- No DIB Brand --,Appliance Dealers Cooperative (APPDE),,Cafe,,CES700P3MD1,,Appliances & Consumer Electronics>Kitchen Appliances>Ranges,"Cafe, Range, CES700P3MD1, 30 in, Black",RANGE 30IN BK,"Cafe CES700P3MD1 Range, 30 in, Black","Cafe Range, 30 in, Black","Range, 30 in, Black",,,,,,,,,,,,,,,,,,,,,,,,,,,Range,Series,,,Fuel Type,,,Size,30,in,Number of Burners,,,Voltage Rating,,,Color,Black,,Additional Information,,,,,,,,,,,,,,,,,,,,,,,,,,,,,,,,,,,,,,,,,,,,,,,,,,,,,,,,,,,,,,,,,,,,,,,,,,,,,,,,,,,,,,,,,,,,,,,,,,,,,,,,,,,,,,,,,,,,,,,,,,,,,,,,,,,,,,,52141504,,,,,,,,,,,,,,,,,,,,,,,,,,,,,,,,,,,,,,,,,,,
,,,,,,,Appliances,Large Appliances,Ranges,,PS960YPFS,"PS960YPFS 30"" GE Electric Range SS - Display Only",-- Unbranded --,-- No Unilog Brand --,-- No DIB Brand --,Appliance Dealers Cooperative (APPDE),,GE,,PS960YPFS,,Appliances & Consumer Electronics>Kitchen Appliances>Ranges,"GE, Range, PS960YPFS, Electric, 30 in, Stainless Steel",RANGE ELEC 30IN SST,"GE PS960YPFS Range, Electric, 30 in, Stainless Steel","GE Range, Electric, 30 in, Stainless Steel","Range, Electric, 30 in, Stainless Steel",,,,,,,,,,,,,,,,,,,,,,,,,,,Range,Series,,,Fuel Type,Electric,,Size,30,in,Number of Burners,,,Voltage Rating,,,Color,Stainless Steel,,Additional Information,,,,,,,,,,,,,,,,,,,,,,,,,,,,,,,,,,,,,,,,,,,,,,,,,,,,,,,,,,,,,,,,,,,,,,,,,,,,,,,,,,,,,,,,,,,,,,,,,,,,,,,,,,,,,,,,,,,,,,,,,,,,,,,,,,,,,,,52141504,,,,,,,,,,,,,,,,,,,,,,,,,,,,,,,,,,,,,,,,,,,
,,,,,,,Appliances,Large Appliances,Ranges,,PB900YVFS,"PB900YVFS Elect 30"" Range SS",-- Unbranded --,-- No Unilog Brand --,-- No DIB Brand --,Appliance Dealers Cooperative (APPDE),,,,PB900YVFS,,Appliances & Consumer Electronics>Kitchen Appliances>Ranges,"Range, PB900YVFS, Electric, 30 in, Stainless Steel",RANGE ELEC 30IN SST,"PB900YVFS Range, Electric, 30 in, Stainless Steel","Range, Electric, 30 in, Stainless Steel","Range, Electric, 30 in, Stainless Steel",,,,,,,,,,,,,,,,,,,,,,,,,,,Range,Series,,,Fuel Type,Electric,,Size,30,in,Number of Burners,,,Voltage Rating,,,Color,Stainless Steel,,Additional Information,,,,,,,,,,,,,,,,,,,,,,,,,,,,,,,,,,,,,,,,,,,,,,,,,,,,,,,,,,,,,,,,,,,,,,,,,,,,,,,,,,,,,,,,,,,,,,,,,,,,,,,,,,,,,,,,,,,,,,,,,,,,,,,,,,,,,,,52141504,,,,,,,,,,,,,,,,,,,,,,,,,,,,,,,,,,,,,,,,,,,
,,,,,,,Appliances,Large Appliances,Ranges,,PCFE3080AF,"PCFE3080AF 30"" Elect Range SS - Display Only",-- Unbranded --,-- No Unilog Brand --,-- No DIB Brand --,Appliance Dealers Cooperative (APPDE),,,,PCFE3080AF,,Appliances & Consumer Electronics>Kitchen Appliances>Ranges,"Range, PCFE3080AF, Electric, 30 in, Stainless Steel",RANGE ELEC 30IN SST,"PCFE3080AF Range, Electric, 30 in, Stainless Steel","Range, Electric, 30 in, Stainless Steel","Range, Electric, 30 in, Stainless Steel",,,,,,,,,,,,,,,,,,,,,,,,,,,Range,Series,,,Fuel Type,Electric,,Size,30,in,Number of Burners,,,Voltage Rating,,,Color,Stainless Steel,,Additional Information,,,,,,,,,,,,,,,,,,,,,,,,,,,,,,,,,,,,,,,,,,,,,,,,,,,,,,,,,,,,,,,,,,,,,,,,,,,,,,,,,,,,,,,,,,,,,,,,,,,,,,,,,,,,,,,,,,,,,,,,,,,,,,,,,,,,,,,52141504,,,,,,,,,,,,,,,,,,,,,,,,,,,,,,,,,,,,,,,,,,,
,,,,,,,Appliances,Large Appliances,Ranges,,SLER30524SS,"SLER30524SS 30"" Elect Range SS",-- Unbranded --,-- No Unilog Brand --,-- No DIB Brand --,Appliance Dealers Cooperative (APPDE),,,,SLER30524SS,,Appliances & Consumer Electronics>Kitchen Appliances>Ranges,"Range, SLER30524SS, Electric, 30 in, Stainless Steel",RANGE ELEC 30IN SST,"SLER30524SS Range, Electric, 30 in, Stainless Steel","Range, Electric, 30 in, Stainless Steel","Range, Electric, 30 in, Stainless Steel",,,,,,,,,,,,,,,,,,,,,,,,,,,Range,Series,,,Fuel Type,Electric,,Size,30,in,Number of Burners,,,Voltage Rating,,,Color,Stainless Steel,,Additional Information,,,,,,,,,,,,,,,,,,,,,,,,,,,,,,,,,,,,,,,,,,,,,,,,,,,,,,,,,,,,,,,,,,,,,,,,,,,,,,,,,,,,,,,,,,,,,,,,,,,,,,,,,,,,,,,,,,,,,,,,,,,,,,,,,,,,,,,52141504,,,,,,,,,,,,,,,,,,,,,,,,,,,,,,,,,,,,,,,,,,,
,,,,,,,Appliances,Large Appliances,Ranges,,LSEL6333ZE,"LSEL6333ZE LG 30"" Elec Range BS-Display Only",-- Unbranded --,-- No Unilog Brand --,-- No DIB Brand --,Appliance Dealers Cooperative (APPDE),,,,LSEL6333ZE,,Appliances & Consumer Electronics>Kitchen Appliances>Ranges,"Range, LSEL6333ZE, Electric, 30 in, Black Stainless Steel",RANGE ELEC 30IN BSST,"LSEL6333ZE Range, Electric, 30 in, Black Stainless Steel","Range, Electric, 30 in, Black Stainless Steel","Range, Electric, 30 in, Black Stainless Steel",,,,,,,,,,,,,,,,,,,,,,,,,,,Range,Series,,,Fuel Type,Electric,,Size,30,in,Number of Burners,,,Voltage Rating,,,Color,Black Stainless Steel,,Additional Information,,,,,,,,,,,,,,,,,,,,,,,,,,,,,,,,,,,,,,,,,,,,,,,,,,,,,,,,,,,,,,,,,,,,,,,,,,,,,,,,,,,,,,,,,,,,,,,,,,,,,,,,,,,,,,,,,,,,,,,,,,,,,,,,,,,,,,,52141504,,,,,,,,,,,,,,,,,,,,,,,,,,,,,,,,,,,,,,,,,,,
,,,,,,,Appliances,Large Appliances,Ranges,,KSES530SBE,"KSES530SBE 30"" Elect Range BO Display Only",-- Unbranded --,-- No Unilog Brand --,-- No DIB Brand --,Appliance Dealers Cooperative (APPDE),,,,KSES530SBE,,Appliances & Consumer Electronics>Kitchen Appliances>Ranges,"Range, KSES530SBE, Electric, 30 in, Black Onyx",RANGE ELEC 30IN BO,"KSES530SBE Range, Electric, 30 in, Black Onyx","Range, Electric, 30 in, Black Onyx","Range, Electric, 30 in, Black Onyx",,,,,,,,,,,,,,,,,,,,,,,,,,,Range,Series,,,Fuel Type,Electric,,Size,30,in,Number of Burners,,,Voltage Rating,,,Color,Black Onyx,,Additional Information,,,,,,,,,,,,,,,,,,,,,,,,,,,,,,,,,,,,,,,,,,,,,,,,,,,,,,,,,,,,,,,,,,,,,,,,,,,,,,,,,,,,,,,,,,,,,,,,,,,,,,,,,,,,,,,,,,,,,,,,,,,,,,,,,,,,,,,52141504,,,,,,,,,,,,,,,,,,,,,,,,,,,,,,,,,,,,,,,,,,,
,,,,,,,Appliances,Large Appliances,Ranges,,GCFG3661AF,"GCFG3661AF 36"" Frigidaire Gas Range SS",-- Unbranded --,-- No Unilog Brand --,-- No DIB Brand --,Appliance Dealers Cooperative (APPDE),,FRIGIDAIRE,,GCFG3661AF,,Appliances & Consumer Electronics>Kitchen Appliances>Ranges,"FRIGIDAIRE, Range, GCFG3661AF, Gas, 36 in, Stainless Steel",RANGE GAS 36IN SST,"FRIGIDAIRE® GCFG3661AF Range, Gas, 36 in, Stainless Steel","FRIGIDAIRE® Range, Gas, 36 in, Stainless Steel","Range, Gas, 36 in, Stainless Steel",,,,,,,,,,,,,,,,,,,,,,,,,,,Range,Series,,,Fuel Type,Gas,,Size,36,in,Number of Burners,,,Voltage Rating,,,Color,Stainless Steel,,Additional Information,,,,,,,,,,,,,,,,,,,,,,,,,,,,,,,,,,,,,,,,,,,,,,,,,,,,,,,,,,,,,,,,,,,,,,,,,,,,,,,,,,,,,,,,,,,,,,,,,,,,,,,,,,,,,,,,,,,,,,,,,,,,,,,,,,,,,,,52141504,,,,,,,,,,,,,,,,,,,,,,,,,,,,,,,,,,,,,,,,,,,
,,,,,,,Appliances,Large Appliances,Ranges,,WSGS7530RZ,"WSGS7530RZ 30"" Gas Range SS - Display Only",-- Unbranded --,-- No Unilog Brand --,-- No DIB Brand --,Appliance Dealers Cooperative (APPDE),,,,WSGS7530RZ,,Appliances & Consumer Electronics>Kitchen Appliances>Ranges,"Range, WSGS7530RZ, Gas, 30 in, Stainless Steel",RANGE GAS 30IN SST,"WSGS7530RZ Range, Gas, 30 in, Stainless Steel","Range, Gas, 30 in, Stainless Steel","Range, Gas, 30 in, Stainless Steel",,,,,,,,,,,,,,,,,,,,,,,,,,,Range,Series,,,Fuel Type,Gas,,Size,30,in,Number of Burners,,,Voltage Rating,,,Color,Stainless Steel,,Additional Information,,,,,,,,,,,,,,,,,,,,,,,,,,,,,,,,,,,,,,,,,,,,,,,,,,,,,,,,,,,,,,,,,,,,,,,,,,,,,,,,,,,,,,,,,,,,,,,,,,,,,,,,,,,,,,,,,,,,,,,,,,,,,,,,,,,,,,,52141504,,,,,,,,,,,,,,,,,,,,,,,,,,,,,,,,,,,,,,,,,,,
,,,,,,,Appliances,Small Appliances,Countertop Appliances,,CHP90301TBB,CHP90301TBB Café Cooktop Bk,-- Unbranded --,-- No Unilog Brand --,-- No DIB Brand --,Appliance Dealers Cooperative (APPDE),,Cafe,,CHP90301TBB,,Appliances & Consumer Electronics>Kitchen Appliances>Countertop Appliances,"Cafe, Countertop Appliance, CHP90301TBB, Cooktop",CTOP APPLIANCE COOKTOP,"Cafe CHP90301TBB Countertop Appliance, Cooktop","Cafe Countertop Appliance, Cooktop","Countertop Appliance, Cooktop",,,,,,,,,,,,,,,,,,,,,,,,,,,Countertop Appliance,Series,,,Appliance Type,Cooktop,,Voltage Rating,,,Color,,,Additional Information,,,,,,,,,,,,,,,,,,,,,,,,,,,,,,,,,,,,,,,,,,,,,,,,,,,,,,,,,,,,,,,,,,,,,,,,,,,,,,,,,,,,,,,,,,,,,,,,,,,,,,,,,,,,,,,,,,,,,,,,,,,,,,,,,,,,,,,,,,,,,52141550,,,,,,,,,,,,,,,,,,,,,,,,,,,,,,,,,,,,,,,,,,,
,,,,,,,Appliances,Small Appliances,Microwaves,,CVM517P3RD1,CVM517P3RD1 Cafe Microwave Bk - Display,-- Unbranded --,-- No Unilog Brand --,-- No DIB Brand --,Appliance Dealers Cooperative (APPDE),,Cafe,,CVM517P3RD1,,Appliances & Consumer Electronics>Kitchen Appliances>Microwave Ovens,"Cafe, Microwave, CVM517P3RD1",MICROWAVE,Cafe CVM517P3RD1 Microwave,Cafe Microwave,Microwave,,,,,,,,,,,,,,,,,,,,,,,,,,,Microwave,Series,,,Installation Type,,,Capacity,,,Voltage Rating,,,Color,,,Additional Information,,,,,,,,,,,,,,,,,,,,,,,,,,,,,,,,,,,,,,,,,,,,,,,,,,,,,,,,,,,,,,,,,,,,,,,,,,,,,,,,,,,,,,,,,,,,,,,,,,,,,,,,,,,,,,,,,,,,,,,,,,,,,,,,,,,,,,,,,,52141506,,,,,,,,,,,,,,,,,,,,,,,,,,,,,,,,,,,,,,,,,,,
,,,,,,,Appliances,Small Appliances,Microwaves,,PMOS1980AF,PMOS1980AF OTR Microwave SS - Display Only,-- Unbranded --,-- No Unilog Brand --,-- No DIB Brand --,Appliance Dealers Cooperative (APPDE),,,,PMOS1980AF,,Appliances & Consumer Electronics>Kitchen Appliances>Microwave Ovens,"Microwave, PMOS1980AF, Over the Range",MICROWAVE OTR,"PMOS1980AF Microwave, Over the Range","Microwave, Over the Range","Microwave, Over the Range",,,,,,,,,,,,,,,,,,,,,,,,,,,Microwave,Series,,,Installation Type,Over the Range,,Capacity,,,Voltage Rating,,,Color,,,Additional Information,,,,,,,,,,,,,,,,,,,,,,,,,,,,,,,,,,,,,,,,,,,,,,,,,,,,,,,,,,,,,,,,,,,,,,,,,,,,,,,,,,,,,,,,,,,,,,,,,,,,,,,,,,,,,,,,,,,,,,,,,,,,,,,,,,,,,,,,,,52141506,,,,,,,,,,,,,,,,,,,,,,,,,,,,,,,,,,,,,,,,,,,
,,,,,,,Appliances,Small Appliances,Microwaves,,WMMS3330RZ,WMMS3330RZ OTR Mocrowave SS - Display Only,-- Unbranded --,-- No Unilog Brand --,-- No DIB Brand --,Appliance Dealers Cooperative (APPDE),,,,WMMS3330RZ,,Appliances & Consumer Electronics>Kitchen Appliances>Microwave Ovens,"Microwave, WMMS3330RZ, Over the Range",MICROWAVE OTR,"WMMS3330RZ Microwave, Over the Range","Microwave, Over the Range","Microwave, Over the Range",,,,,,,,,,,,,,,,,,,,,,,,,,,Microwave,Series,,,Installation Type,Over the Range,,Capacity,,,Voltage Rating,,,Color,,,Additional Information,,,,,,,,,,,,,,,,,,,,,,,,,,,,,,,,,,,,,,,,,,,,,,,,,,,,,,,,,,,,,,,,,,,,,,,,,,,,,,,,,,,,,,,,,,,,,,,,,,,,,,,,,,,,,,,,,,,,,,,,,,,,,,,,,,,,,,,,,,52141506,,,,,,,,,,,,,,,,,,,,,,,,,,,,,,,,,,,,,,,,,,,
,,,,,,,Appliances,Small Appliances,Microwaves,,KMMF530PBE,KMMF530PBE OTR Microwave BO Display Only,-- Unbranded --,-- No Unilog Brand --,-- No DIB Brand --,Appliance Dealers Cooperative (APPDE),,,,KMMF530PBE,,Appliances & Consumer Electronics>Kitchen Appliances>Microwave Ovens,"Microwave, KMMF530PBE, Over the Range",MICROWAVE OTR,"KMMF530PBE Microwave, Over the Range","Microwave, Over the Range","Microwave, Over the Range",,,,,,,,,,,,,,,,,,,,,,,,,,,Microwave,Series,,,Installation Type,Over the Range,,Capacity,,,Voltage Rating,,,Color,,,Additional Information,,,,,,,,,,,,,,,,,,,,,,,,,,,,,,,,,,,,,,,,,,,,,,,,,,,,,,,,,,,,,,,,,,,,,,,,,,,,,,,,,,,,,,,,,,,,,,,,,,,,,,,,,,,,,,,,,,,,,,,,,,,,,,,,,,,,,,,,,,52141506,,,,,,,,,,,,,,,,,,,,,,,,,,,,,,,,,,,,,,,,,,,
,,,,,,,,,,,JXGRILL1,JXGRILL1 GE Range Grill,-- Unbranded --,-- No Unilog Brand --,-- No DIB Brand --,Appliance Dealers Cooperative (APPDE),,GE,,JXGRILL1,,,"GE, Product, JXGRILL1",PRODUCT,GE JXGRILL1 Product,GE Product,Product,,,,,,,,,,,,,,,,,,,,,,,,,,,Product,Product Type,,,Size,,,Material,,,Color,,,Additional Information,,,,,,,,,,,,,,,,,,,,,,,,,,,,,,,,,,,,,,,,,,,,,,,,,,,,,,,,,,,,,,,,,,,,,,,,,,,,,,,,,,,,,,,,,,,,,,,,,,,,,,,,,,,,,,,,,,,,,,,,,,,,,,,,,,,,,,,,,,,,,,,,,,,,,,,,,,,,,,,,,,,,,,,,,,,,,,,,,,,,,,,,
,,,,,,,Appliances,Small Appliances,Countertop Appliances,,C9TMA2S3PD3,C9TMA2S3PD3 Café Toaster MB,-- Unbranded --,-- No Unilog Brand --,-- No DIB Brand --,Appliance Dealers Cooperative (APPDE),,Cafe,,C9TMA2S3PD3,,Appliances & Consumer Electronics>Kitchen Appliances>Countertop Appliances,"Cafe, Countertop Appliance, C9TMA2S3PD3, Toaster",CTOP APPLIANCE TOASTER,"Cafe C9TMA2S3PD3 Countertop Appliance, Toaster","Cafe Countertop Appliance, Toaster","Countertop Appliance, Toaster",,,,,,,,,,,,,,,,,,,,,,,,,,,Countertop Appliance,Series,,,Appliance Type,Toaster,,Voltage Rating,,,Color,,,Additional Information,,,,,,,,,,,,,,,,,,,,,,,,,,,,,,,,,,,,,,,,,,,,,,,,,,,,,,,,,,,,,,,,,,,,,,,,,,,,,,,,,,,,,,,,,,,,,,,,,,,,,,,,,,,,,,,,,,,,,,,,,,,,,,,,,,,,,,,,,,,,,52141550,,,,,,,,,,,,,,,,,,,,,,,,,,,,,,,,,,,,,,,,,,,
,,,,,,,Appliances,Small Appliances,Countertop Appliances,,C9TMA2S4PW3,C9TMA2S4PW3 Café Toaster MW,-- Unbranded --,-- No Unilog Brand --,-- No DIB Brand --,Appliance Dealers Cooperative (APPDE),,Cafe,,C9TMA2S4PW3,,Appliances & Consumer Electronics>Kitchen Appliances>Countertop Appliances,"Cafe, Countertop Appliance, C9TMA2S4PW3, Toaster",CTOP APPLIANCE TOASTER,"Cafe C9TMA2S4PW3 Countertop Appliance, Toaster","Cafe Countertop Appliance, Toaster","Countertop Appliance, Toaster",,,,,,,,,,,,,,,,,,,,,,,,,,,Countertop Appliance,Series,,,Appliance Type,Toaster,,Voltage Rating,,,Color,,,Additional Information,,,,,,,,,,,,,,,,,,,,,,,,,,,,,,,,,,,,,,,,,,,,,,,,,,,,,,,,,,,,,,,,,,,,,,,,,,,,,,,,,,,,,,,,,,,,,,,,,,,,,,,,,,,,,,,,,,,,,,,,,,,,,,,,,,,,,,,,,,,,,52141550,,,,,,,,,,,,,,,,,,,,,,,,,,,,,,,,,,,,,,,,,,,
,,,,,,,Appliances,Small Appliances,Countertop Appliances,,C90AAAS2RS3,C90AAAS2RS3 Cafe Toast Oven SS,-- Unbranded --,-- No Unilog Brand --,-- No DIB Brand --,Appliance Dealers Cooperative (APPDE),,Cafe,,C90AAAS2RS3,,Appliances & Consumer Electronics>Kitchen Appliances>Countertop Appliances,"Cafe, Countertop Appliance, C90AAAS2RS3, Toaster Oven",CTOP APPLIANCE TOAST OVN,"Cafe C90AAAS2RS3 Countertop Appliance, Toaster Oven","Cafe Countertop Appliance, Toaster Oven","Countertop Appliance, Toaster Oven",,,,,,,,,,,,,,,,,,,,,,,,,,,Countertop Appliance,Series,,,Appliance Type,Toaster Oven,,Voltage Rating,,,Color,,,Additional Information,,,,,,,,,,,,,,,,,,,,,,,,,,,,,,,,,,,,,,,,,,,,,,,,,,,,,,,,,,,,,,,,,,,,,,,,,,,,,,,,,,,,,,,,,,,,,,,,,,,,,,,,,,,,,,,,,,,,,,,,,,,,,,,,,,,,,,,,,,,,,52141550,,,,,,,,,,,,,,,,,,,,,,,,,,,,,,,,,,,,,,,,,,,
,,,,,,,Appliances,Small Appliances,Countertop Appliances,,C9TMA2SP2PS3,C9TMA2S2PS3 Cafe Toaster SS,-- Unbranded --,-- No Unilog Brand --,-- No DIB Brand --,Appliance Dealers Cooperative (APPDE),,Cafe,,C9TMA2SP2PS3,,Appliances & Consumer Electronics>Kitchen Appliances>Countertop Appliances,"Cafe, Countertop Appliance, C9TMA2SP2PS3, Toaster",CTOP APPLIANCE TOASTER,"Cafe C9TMA2SP2PS3 Countertop Appliance, Toaster","Cafe Countertop Appliance, Toaster","Countertop Appliance, Toaster",,,,,,,,,,,,,,,,,,,,,,,,,,,Countertop Appliance,Series,,,Appliance Type,Toaster,,Voltage Rating,,,Color,,,Additional Information,,,,,,,,,,,,,,,,,,,,,,,,,,,,,,,,,,,,,,,,,,,,,,,,,,,,,,,,,,,,,,,,,,,,,,,,,,,,,,,,,,,,,,,,,,,,,,,,,,,,,,,,,,,,,,,,,,,,,,,,,,,,,,,,,,,,,,,,,,,,,52141550,,,,,,,,,,,,,,,,,,,,,,,,,,,,,,,,,,,,,,,,,,,
,,,,,,,Appliances,Large Appliances,Refrigerators,,GDE21EMKES,GDE21EMKES GE 21CF Fridge SL Display Only,-- Unbranded --,-- No Unilog Brand --,-- No DIB Brand --,Appliance Dealers Cooperative (APPDE),,,,GDE21EMKES,,Appliances & Consumer Electronics>Kitchen Appliances>Refrigerators,"Refrigerator, GDE21EMKES, 21 cu ft Capacity, Slate",FRIDGE 21CUFT SLT,"GDE21EMKES Refrigerator, 21 cu ft Capacity, Slate","Refrigerator, 21 cu ft Capacity, Slate","Refrigerator, 21 cu ft Capacity, Slate",,,,,,,,,,,,,,,,,,,,,,,,,,,Refrigerator,Series,,,Configuration,,,Capacity,21,cu ft,Voltage Rating,,,Size,,,Color,Slate,,Additional Information,,,,,,,,,,,,,,,,,,,,,,,,,,,,,,,,,,,,,,,,,,,,,,,,,,,,,,,,,,,,,,,,,,,,,,,,,,,,,,,,,,,,,,,,,,,,,,,,,,,,,,,,,,,,,,,,,,,,,,,,,,,,,,,,,,,,,,,52141501,,,,,,,,,,,,,,,,,,,,,,,,,,,,,,,,,,,,,,,,,,,
,,,,,,,Appliances,Large Appliances,Freezers,,FCM16SLWW,FCM16SLWW 16CF GE Freezer Chest MH,-- Unbranded --,-- No Unilog Brand --,-- No DIB Brand --,Appliance Dealers Cooperative (APPDE),,GE,,FCM16SLWW,,Appliances & Consumer Electronics>Kitchen Appliances>Freezers,"GE, Freezer, FCM16SLWW, Chest, 16 cu ft Capacity",FREEZER CHEST 16CUFT,"GE FCM16SLWW Freezer, Chest, 16 cu ft Capacity","GE Freezer, Chest, 16 cu ft Capacity","Freezer, Chest, 16 cu ft Capacity",,,,,,,,,,,,,,,,,,,,,,,,,,,Freezer,Configuration,Chest,,Capacity,16,cu ft,Voltage Rating,,,Color,,,Additional Information,,,,,,,,,,,,,,,,,,,,,,,,,,,,,,,,,,,,,,,,,,,,,,,,,,,,,,,,,,,,,,,,,,,,,,,,,,,,,,,,,,,,,,,,,,,,,,,,,,,,,,,,,,,,,,,,,,,,,,,,,,,,,,,,,,,,,,,,,,,,,52141502,,,,,,,,,,,,,,,,,,,,,,,,,,,,,,,,,,,,,,,,,,,
,,,,,,,Appliances,Large Appliances,Refrigerators,,GNE27JYMFS,GNE27JYMFS GE Fridge SS,-- Unbranded --,-- No Unilog Brand --,-- No DIB Brand --,Appliance Dealers Cooperative (APPDE),,GE,,GNE27JYMFS,,Appliances & Consumer Electronics>Kitchen Appliances>Refrigerators,"GE, Refrigerator, GNE27JYMFS, Stainless Steel",FRIDGE SST,"GE GNE27JYMFS Refrigerator, Stainless Steel","GE Refrigerator, Stainless Steel","Refrigerator, Stainless Steel",,,,,,,,,,,,,,,,,,,,,,,,,,,Refrigerator,Series,,,Configuration,,,Capacity,,,Voltage Rating,,,Size,,,Color,Stainless Steel,,Additional Information,,,,,,,,,,,,,,,,,,,,,,,,,,,,,,,,,,,,,,,,,,,,,,,,,,,,,,,,,,,,,,,,,,,,,,,,,,,,,,,,,,,,,,,,,,,,,,,,,,,,,,,,,,,,,,,,,,,,,,,,,,,,,,,,,,,,,,,52141501,,,,,,,,,,,,,,,,,,,,,,,,,,,,,,,,,,,,,,,,,,,
,,,,,,,Appliances,Large Appliances,Refrigerators,,CVE28DP3ND1,CVE28DP3ND1 Cafe Fridge Bk,-- Unbranded --,-- No Unilog Brand --,-- No DIB Brand --,Appliance Dealers Cooperative (APPDE),,Cafe,,CVE28DP3ND1,,Appliances & Consumer Electronics>Kitchen Appliances>Refrigerators,"Cafe, Refrigerator, CVE28DP3ND1, Black",FRIDGE BK,"Cafe CVE28DP3ND1 Refrigerator, Black","Cafe Refrigerator, Black","Refrigerator, Black",,,,,,,,,,,,,,,,,,,,,,,,,,,Refrigerator,Series,,,Configuration,,,Capacity,,,Voltage Rating,,,Size,,,Color,Black,,Additional Information,,,,,,,,,,,,,,,,,,,,,,,,,,,,,,,,,,,,,,,,,,,,,,,,,,,,,,,,,,,,,,,,,,,,,,,,,,,,,,,,,,,,,,,,,,,,,,,,,,,,,,,,,,,,,,,,,,,,,,,,,,,,,,,,,,,,,,,52141501,,,,,,,,,,,,,,,,,,,,,,,,,,,,,,,,,,,,,,,,,,,
,,,,,,,Appliances,Large Appliances,Refrigerators,,GNE25JMKES,GNE25JMKES GE Fridge Slate - Display,-- Unbranded --,-- No Unilog Brand --,-- No DIB Brand --,Appliance Dealers Cooperative (APPDE),,GE,,GNE25JMKES,,Appliances & Consumer Electronics>Kitchen Appliances>Refrigerators,"GE, Refrigerator, GNE25JMKES, Slate",FRIDGE SLT,"GE GNE25JMKES Refrigerator, Slate","GE Refrigerator, Slate","Refrigerator, Slate",,,,,,,,,,,,,,,,,,,,,,,,,,,Refrigerator,Series,,,Configuration,,,Capacity,,,Voltage Rating,,,Size,,,Color,Slate,,Additional Information,,,,,,,,,,,,,,,,,,,,,,,,,,,,,,,,,,,,,,,,,,,,,,,,,,,,,,,,,,,,,,,,,,,,,,,,,,,,,,,,,,,,,,,,,,,,,,,,,,,,,,,,,,,,,,,,,,,,,,,,,,,,,,,,,,,,,,,52141501,,,,,,,,,,,,,,,,,,,,,,,,,,,,,,,,,,,,,,,,,,,
,,,,,,,Appliances,Large Appliances,Refrigerators,,PRFS2883AF,"PRFS2883AF 36"" Fridge SS - Display Only",-- Unbranded --,-- No Unilog Brand --,-- No DIB Brand --,Appliance Dealers Cooperative (APPDE),,,,PRFS2883AF,,Appliances & Consumer Electronics>Kitchen Appliances>Refrigerators,"Refrigerator, PRFS2883AF, Stainless Steel",FRIDGE SST,"PRFS2883AF Refrigerator, Stainless Steel","Refrigerator, Stainless Steel","Refrigerator, Stainless Steel",,,,,,,,,,,,,,,,,,,,,,,,,,,Refrigerator,Series,,,Configuration,,,Capacity,,,Voltage Rating,,,Size,,,Color,Stainless Steel,,Additional Information,,,,,,,,,,,,,,,,,,,,,,,,,,,,,,,,,,,,,,,,,,,,,,,,,,,,,,,,,,,,,,,,,,,,,,,,,,,,,,,,,,,,,,,,,,,,,,,,,,,,,,,,,,,,,,,,,,,,,,,,,,,,,,,,,,,,,,,52141501,,,,,,,,,,,,,,,,,,,,,,,,,,,,,,,,,,,,,,,,,,,
,,,,,,,Appliances,Large Appliances,Refrigerators,,PAD28BYTFS,PAD28BYTFS GE Fridge SS,-- Unbranded --,-- No Unilog Brand --,-- No DIB Brand --,Appliance Dealers Cooperative (APPDE),,GE,,PAD28BYTFS,,Appliances & Consumer Electronics>Kitchen Appliances>Refrigerators,"GE, Refrigerator, PAD28BYTFS, Stainless Steel",FRIDGE SST,"GE PAD28BYTFS Refrigerator, Stainless Steel","GE Refrigerator, Stainless Steel","Refrigerator, Stainless Steel",,,,,,,,,,,,,,,,,,,,,,,,,,,Refrigerator,Series,,,Configuration,,,Capacity,,,Voltage Rating,,,Size,,,Color,Stainless Steel,,Additional Information,,,,,,,,,,,,,,,,,,,,,,,,,,,,,,,,,,,,,,,,,,,,,,,,,,,,,,,,,,,,,,,,,,,,,,,,,,,,,,,,,,,,,,,,,,,,,,,,,,,,,,,,,,,,,,,,,,,,,,,,,,,,,,,,,,,,,,,52141501,,,,,,,,,,,,,,,,,,,,,,,,,,,,,,,,,,,,,,,,,,,
,,,,,,,Appliances,Large Appliances,Refrigerators,,PGE29BYTFS,PGE29BYTFS GE Fridge SS,-- Unbranded --,-- No Unilog Brand --,-- No DIB Brand --,Appliance Dealers Cooperative (APPDE),,GE,,PGE29BYTFS,,Appliances & Consumer Electronics>Kitchen Appliances>Refrigerators,"GE, Refrigerator, PGE29BYTFS, Stainless Steel",FRIDGE SST,"GE PGE29BYTFS Refrigerator, Stainless Steel","GE Refrigerator, Stainless Steel","Refrigerator, Stainless Steel",,,,,,,,,,,,,,,,,,,,,,,,,,,Refrigerator,Series,,,Configuration,,,Capacity,,,Voltage Rating,,,Size,,,Color,Stainless Steel,,Additional Information,,,,,,,,,,,,,,,,,,,,,,,,,,,,,,,,,,,,,,,,,,,,,,,,,,,,,,,,,,,,,,,,,,,,,,,,,,,,,,,,,,,,,,,,,,,,,,,,,,,,,,,,,,,,,,,,,,,,,,,,,,,,,,,,,,,,,,,52141501,,,,,,,,,,,,,,,,,,,,,,,,,,,,,,,,,,,,,,,,,,,
,,,,,,,Appliances,Large Appliances,Refrigerators,,ERFD19CGCS,ERFD19CGCS Element Fridge SS,-- Unbranded --,-- No Unilog Brand --,-- No DIB Brand --,Appliance Dealers Cooperative (APPDE),,Element,,ERFD19CGCS,,Appliances & Consumer Electronics>Kitchen Appliances>Refrigerators,"Element, Refrigerator, ERFD19CGCS, Stainless Steel",FRIDGE SST,"Element ERFD19CGCS Refrigerator, Stainless Steel","Element Refrigerator, Stainless Steel","Refrigerator, Stainless Steel",,,,,,,,,,,,,,,,,,,,,,,,,,,Refrigerator,Series,,,Configuration,,,Capacity,,,Voltage Rating,,,Size,,,Color,Stainless Steel,,Additional Information,,,,,,,,,,,,,,,,,,,,,,,,,,,,,,,,,,,,,,,,,,,,,,,,,,,,,,,,,,,,,,,,,,,,,,,,,,,,,,,,,,,,,,,,,,,,,,,,,,,,,,,,,,,,,,,,,,,,,,,,,,,,,,,,,,,,,,,52141501,,,,,,,,,,,,,,,,,,,,,,,,,,,,,,,,,,,,,,,,,,,
,,,,,,,Appliances,Large Appliances,Refrigerators,,LT18S2100W,LT18S2100W LG Fridge Wh,-- Unbranded --,-- No Unilog Brand --,-- No DIB Brand --,Appliance Dealers Cooperative (APPDE),,LG,,LT18S2100W,,Appliances & Consumer Electronics>Kitchen Appliances>Refrigerators,"LG, Refrigerator, LT18S2100W, White",FRIDGE WH,"LG LT18S2100W Refrigerator, White","LG Refrigerator, White","Refrigerator, White",,,,,,,,,,,,,,,,,,,,,,,,,,,Refrigerator,Series,,,Configuration,,,Capacity,,,Voltage Rating,,,Size,,,Color,White,,Additional Information,,,,,,,,,,,,,,,,,,,,,,,,,,,,,,,,,,,,,,,,,,,,,,,,,,,,,,,,,,,,,,,,,,,,,,,,,,,,,,,,,,,,,,,,,,,,,,,,,,,,,,,,,,,,,,,,,,,,,,,,,,,,,,,,,,,,,,,52141501,,,,,,,,,,,,,,,,,,,,,,,,,,,,,,,,,,,,,,,,,,,
,,,,,,,Appliances,Large Appliances,Refrigerators,,LT18S2100SS,LT18S2100S 18CF LG Fridge SS,-- Unbranded --,-- No Unilog Brand --,-- No DIB Brand --,Appliance Dealers Cooperative (APPDE),,LG,,LT18S2100SS,,Appliances & Consumer Electronics>Kitchen Appliances>Refrigerators,"LG, Refrigerator, LT18S2100SS, 18 cu ft Capacity, Stainless Steel",FRIDGE 18CUFT SST,"LG LT18S2100SS Refrigerator, 18 cu ft Capacity, Stainless Steel","LG Refrigerator, 18 cu ft Capacity, Stainless Steel","Refrigerator, 18 cu ft Capacity, Stainless Steel",,,,,,,,,,,,,,,,,,,,,,,,,,,Refrigerator,Series,,,Configuration,,,Capacity,18,cu ft,Voltage Rating,,,Size,,,Color,Stainless Steel,,Additional Information,,,,,,,,,,,,,,,,,,,,,,,,,,,,,,,,,,,,,,,,,,,,,,,,,,,,,,,,,,,,,,,,,,,,,,,,,,,,,,,,,,,,,,,,,,,,,,,,,,,,,,,,,,,,,,,,,,,,,,,,,,,,,,,,,,,,,,,52141501,,,,,,,,,,,,,,,,,,,,,,,,,,,,,,,,,,,,,,,,,,,
,,,,,,,Appliances,Large Appliances,Freezers,,EUF17CDBW,EUF17CDBW Element 17CF Freezer - Upright,-- Unbranded --,-- No Unilog Brand --,-- No DIB Brand --,Appliance Dealers Cooperative (APPDE),,Element,,EUF17CDBW,,Appliances & Consumer Electronics>Kitchen Appliances>Freezers,"Element, Freezer, EUF17CDBW, Upright, 17 cu ft Capacity",FREEZER UPRT 17CUFT,"Element EUF17CDBW Freezer, Upright, 17 cu ft Capacity","Element Freezer, Upright, 17 cu ft Capacity","Freezer, Upright, 17 cu ft Capacity",,,,,,,,,,,,,,,,,,,,,,,,,,,Freezer,Configuration,Upright,,Capacity,17,cu ft,Voltage Rating,,,Color,,,Additional Information,,,,,,,,,,,,,,,,,,,,,,,,,,,,,,,,,,,,,,,,,,,,,,,,,,,,,,,,,,,,,,,,,,,,,,,,,,,,,,,,,,,,,,,,,,,,,,,,,,,,,,,,,,,,,,,,,,,,,,,,,,,,,,,,,,,,,,,,,,,,,52141502,,,,,,,,,,,,,,,,,,,,,,,,,,,,,,,,,,,,,,,,,,,
,,,,,,,Appliances,Large Appliances,Freezers,,EUF21CDBW,EUF21CDBW Element 21CF Freezer - Upright,-- Unbranded --,-- No Unilog Brand --,-- No DIB Brand --,Appliance Dealers Cooperative (APPDE),,Element,,EUF21CDBW,,Appliances & Consumer Electronics>Kitchen Appliances>Freezers,"Element, Freezer, EUF21CDBW, Upright, 21 cu ft Capacity",FREEZER UPRT 21CUFT,"Element EUF21CDBW Freezer, Upright, 21 cu ft Capacity","Element Freezer, Upright, 21 cu ft Capacity","Freezer, Upright, 21 cu ft Capacity",,,,,,,,,,,,,,,,,,,,,,,,,,,Freezer,Configuration,Upright,,Capacity,21,cu ft,Voltage Rating,,,Color,,,Additional Information,,,,,,,,,,,,,,,,,,,,,,,,,,,,,,,,,,,,,,,,,,,,,,,,,,,,,,,,,,,,,,,,,,,,,,,,,,,,,,,,,,,,,,,,,,,,,,,,,,,,,,,,,,,,,,,,,,,,,,,,,,,,,,,,,,,,,,,,,,,,,52141502,,,,,,,,,,,,,,,,,,,,,,,,,,,,,,,,,,,,,,,,,,,
,,,,,,,,,,,TP-1935,TP-1935 Hole Drilling System,-- Unbranded --,-- No Unilog Brand --,-- No DIB Brand --,-,,,,TP-1935,,,"Product, TP-1935",PRODUCT,TP-1935 Product,Product,Product,,,,,,,,,,,,,,,,,,,,,,,,,,,Product,Product Type,,,Size,,,Material,,,Color,,,Additional Information,,,,,,,,,,,,,,,,,,,,,,,,,,,,,,,,,,,,,,,,,,,,,,,,,,,,,,,,,,,,,,,,,,,,,,,,,,,,,,,,,,,,,,,,,,,,,,,,,,,,,,,,,,,,,,,,,,,,,,,,,,,,,,,,,,,,,,,,,,,,,,,,,,,,,,,,,,,,,,,,,,,,,,,,,,,,,,,,,,,,,,,,
,,,,,,,Hardware,Fasteners,Nails & Staples,,K527APBXR,"K527APBXR Senco .131x3"" SM BB - 500CT",-- Unbranded --,-- No Unilog Brand --,-- No DIB Brand --,Senco Products Inc (4650),Senco Products Inc,Senco,,K527APBXR,,Tools & Hardware>Fasteners>Nails & Staples,"Senco, Fastener, K527APBXR, Framing Nail, 0.131 in Length, 500 per Package",FASTENER FRAMING NAIL 0.131IN,"Senco K527APBXR Fastener, Framing Nail, 0.131 in Length, 500-per Package","Senco Fastener, Framing Nail, 0.131 in Length, 500 per Package","Fastener, Framing Nail, 0.131 in Length, 500-per Package",,,,,,,,,,,,,,,,,,,,,,,,,,,Fastener,Fastener Type,Framing Nail,,Length,0.131,in,Gauge,,,Quantity per Package,500,,Additional Information,,,,,,,,,,,,,,,,,,,,,,,,,,,,,,,,,,,,,,,,,,,,,,,,,,,,,,,,,,,,,,,,,,,,,,,,,,,,,,,,,,,,,,,,,,,,,,,,,,,,,,,,,,,,,,,,,,,,,,,,,,,,,,,,,,,,,,,,,,,,,31161500,,,,,,,,,,,,,,,,,,,,,,,,,,,,,,,,,,,,,,,,,,,
,,,,,,,Hardware,Fasteners,Nails & Staples,,603150,"603150 2-1/2"" Finish Nail 15GA - 4M",-- Unbranded --,-- No Unilog Brand --,-- No DIB Brand --,National Nail Corp (7439),National Nail Corp,,,603150,,Tools & Hardware>Fasteners>Nails & Staples,"National Nail Corp, Fastener, 603150, Finish Nail, 2-1/2 in Length, 15 gauge",FASTENER FINISH NAIL 2-1/2IN 15GAUGE,"603150 Fastener, Finish Nail, 2-1/2 in Length, 15 gauge, 4-per Package","Fastener, Finish Nail, 2-1/2 in Length, 15 gauge, 4 per Package","Fastener, Finish Nail, 2-1/2 in Length, 15 gauge, 4-per Package",,,,,,,,,,,,,,,,,,,,,,,,,,,Fastener,Fastener Type,Finish Nail,,Length,2-1/2,in,Gauge,15,gauge,Quantity per Package,4,,Additional Information,,,,,,,,,,,,,,,,,,,,,,,,,,,,,,,,,,,,,,,,,,,,,,,,,,,,,,,,,,,,,,,,,,,,,,,,,,,,,,,,,,,,,,,,,,,,,,,,,,,,,,,,,,,,,,,,,,,,,,,,,,,,,,,,,,,,,,,,,,,,,31161500,,,,,,,,,,,,,,,,,,,,,,,,,,,,,,,,,,,,,,,,,,,
,,,,,,,Hardware,Fasteners,Nails & Staples,,d10cnk,"D10CNK Prebena 1/2""x3/8"" - Staple",-- Unbranded --,-- No Unilog Brand --,-- No DIB Brand --,Prebena (PREBE),Prebena,Prebena,,d10cnk,,Tools & Hardware>Fasteners>Nails & Staples,"Prebena, Fastener, d10cnk, Staple, 1/2 in Length",FASTENER STAPLE 1/2IN,"Prebena d10cnk Fastener, Staple, 1/2 in Length","Prebena Fastener, Staple, 1/2 in Length","Fastener, Staple, 1/2 in Length",,,,,,,,,,,,,,,,,,,,,,,,,,,Fastener,Fastener Type,Staple,,Length,1/2,in,Gauge,,,Quantity per Package,,,Additional Information,,,,,,,,,,,,,,,,,,,,,,,,,,,,,,,,,,,,,,,,,,,,,,,,,,,,,,,,,,,,,,,,,,,,,,,,,,,,,,,,,,,,,,,,,,,,,,,,,,,,,,,,,,,,,,,,,,,,,,,,,,,,,,,,,,,,,,,,,,,,,31161500,,,,,,,,,,,,,,,,,,,,,,,,,,,,,,,,,,,,,,,,,,,
,,,,,,,Hardware,Fasteners,Nails & Staples,,e28cnkha,"E28CNKHA Prebena 2/4""x1 1/8"" - Staple",-- Unbranded --,-- No Unilog Brand --,-- No DIB Brand --,Prebena (PREBE),Prebena,Prebena,,e28cnkha,,Tools & Hardware>Fasteners>Nails & Staples,"Prebena, Fastener, e28cnkha, Staple, 1/2 in Length",FASTENER STAPLE 1/2IN,"Prebena e28cnkha Fastener, Staple, 1/2 in Length","Prebena Fastener, Staple, 1/2 in Length","Fastener, Staple, 1/2 in Length",,,,,,,,,,,,,,,,,,,,,,,,,,,Fastener,Fastener Type,Staple,,Length,1/2,in,Gauge,,,Quantity per Package,,,Additional Information,,,,,,,,,,,,,,,,,,,,,,,,,,,,,,,,,,,,,,,,,,,,,,,,,,,,,,,,,,,,,,,,,,,,,,,,,,,,,,,,,,,,,,,,,,,,,,,,,,,,,,,,,,,,,,,,,,,,,,,,,,,,,,,,,,,,,,,,,,,,,31161500,,,,,,,,,,,,,,,,,,,,,,,,,,,,,,,,,,,,,,,,,,,
,,,,,,,Electrical,Fans,Ceiling Fans,,51334,"51334 44"" Wh Gilmour Fan",-- Unbranded --,-- No Unilog Brand --,-- No DIB Brand --,Hunter Fan Co (4381),Hunter Fan Co,,,51334,,Electrical>Fans & Ventilation>Ceiling Fans,"Hunter Fan Co, Ceiling Fan, 51334, 44 in Blade Span, White",CEILING FAN 44IN WH,"51334 Ceiling Fan, 44 in Blade Span, White","Ceiling Fan, 44 in Blade Span, White","Ceiling Fan, 44 in Blade Span, White",,,,,,,,,,,,,,,,,,,,,,,,,,,Ceiling Fan,Blade Span,44,in,Finish,White,,Voltage Rating,,,Additional Information,,,,,,,,,,,,,,,,,,,,,,,,,,,,,,,,,,,,,,,,,,,,,,,,,,,,,,,,,,,,,,,,,,,,,,,,,,,,,,,,,,,,,,,,,,,,,,,,,,,,,,,,,,,,,,,,,,,,,,,,,,,,,,,,,,,,,,,,,,,,,,,,40101609,,,,,,,,,,,,,,,,,,,,,,,,,,,,,,,,,,,,,,,,,,,
,,,,,,,Electrical,Fans,Ceiling Fans,,59210,"59210 52"" BZ Sent Hunter Fan",-- Unbranded --,-- No Unilog Brand --,Hunter,Hunter Fan Co (4381),Hunter Fan Co,Hunter,,59210,,Electrical>Fans & Ventilation>Ceiling Fans,"Hunter, Ceiling Fan, 59210, 52 in Blade Span, Bronze",CEILING FAN 52IN BZ,"Hunter 59210 Ceiling Fan, 52 in Blade Span, Bronze","Hunter Ceiling Fan, 52 in Blade Span, Bronze","Ceiling Fan, 52 in Blade Span, Bronze",,,,,,,,,,,,,,,,,,,,,,,,,,,Ceiling Fan,Blade Span,52,in,Finish,Bronze,,Voltage Rating,,,Additional Information,,,,,,,,,,,,,,,,,,,,,,,,,,,,,,,,,,,,,,,,,,,,,,,,,,,,,,,,,,,,,,,,,,,,,,,,,,,,,,,,,,,,,,,,,,,,,,,,,,,,,,,,,,,,,,,,,,,,,,,,,,,,,,,,,,,,,,,,,,,,,,,,40101609,,,,,,,,,,,,,,,,,,,,,,,,,,,,,,,,,,,,,,,,,,,
,,,,,,,Electrical,Fans,Ceiling Fans,,52485,"52485 52"" MB Anisten Fan",-- Unbranded --,-- No Unilog Brand --,-- No DIB Brand --,Hunter Fan Co (4381),Hunter Fan Co,,,52485,,Electrical>Fans & Ventilation>Ceiling Fans,"Hunter Fan Co, Ceiling Fan, 52485, 52 in Blade Span, Matte Black",CEILING FAN 52IN MB,"52485 Ceiling Fan, 52 in Blade Span, Matte Black","Ceiling Fan, 52 in Blade Span, Matte Black","Ceiling Fan, 52 in Blade Span, Matte Black",,,,,,,,,,,,,,,,,,,,,,,,,,,Ceiling Fan,Blade Span,52,in,Finish,Matte Black,,Voltage Rating,,,Additional Information,,,,,,,,,,,,,,,,,,,,,,,,,,,,,,,,,,,,,,,,,,,,,,,,,,,,,,,,,,,,,,,,,,,,,,,,,,,,,,,,,,,,,,,,,,,,,,,,,,,,,,,,,,,,,,,,,,,,,,,,,,,,,,,,,,,,,,,,,,,,,,,,40101609,,,,,,,,,,,,,,,,,,,,,,,,,,,,,,,,,,,,,,,,,,,
,,,,,,,Electrical,Fans,Ceiling Fans,,52486,"52486 44"" MB Anisten Fan",-- Unbranded --,-- No Unilog Brand --,-- No DIB Brand --,Hunter Fan Co (4381),Hunter Fan Co,,,52486,,Electrical>Fans & Ventilation>Ceiling Fans,"Hunter Fan Co, Ceiling Fan, 52486, 44 in Blade Span, Matte Black",CEILING FAN 44IN MB,"52486 Ceiling Fan, 44 in Blade Span, Matte Black","Ceiling Fan, 44 in Blade Span, Matte Black","Ceiling Fan, 44 in Blade Span, Matte Black",,,,,,,,,,,,,,,,,,,,,,,,,,,Ceiling Fan,Blade Span,44,in,Finish,Matte Black,,Voltage Rating,,,Additional Information,,,,,,,,,,,,,,,,,,,,,,,,,,,,,,,,,,,,,,,,,,,,,,,,,,,,,,,,,,,,,,,,,,,,,,,,,,,,,,,,,,,,,,,,,,,,,,,,,,,,,,,,,,,,,,,,,,,,,,,,,,,,,,,,,,,,,,,,,,,,,,,,40101609,,,,,,,,,,,,,,,,,,,,,,,,,,,,,,,,,,,,,,,,,,,
,,,,,,,Electrical,Fans,Ceiling Fans,,52487,"52487 52"" WH Anisten Fan",-- Unbranded --,-- No Unilog Brand --,-- No DIB Brand --,Hunter Fan Co (4381),Hunter Fan Co,,,52487,,Electrical>Fans & Ventilation>Ceiling Fans,"Hunter Fan Co, Ceiling Fan, 52487, 52 in Blade Span, White",CEILING FAN 52IN WH,"52487 Ceiling Fan, 52 in Blade Span, White","Ceiling Fan, 52 in Blade Span, White","Ceiling Fan, 52 in Blade Span, White",,,,,,,,,,,,,,,,,,,,,,,,,,,Ceiling Fan,Blade Span,52,in,Finish,White,,Voltage Rating,,,Additional Information,,,,,,,,,,,,,,,,,,,,,,,,,,,,,,,,,,,,,,,,,,,,,,,,,,,,,,,,,,,,,,,,,,,,,,,,,,,,,,,,,,,,,,,,,,,,,,,,,,,,,,,,,,,,,,,,,,,,,,,,,,,,,,,,,,,,,,,,,,,,,,,,40101609,,,,,,,,,,,,,,,,,,,,,,,,,,,,,,,,,,,,,,,,,,,
,,,,,,,Electrical,Fans,Ceiling Fans,,52488,"52488 44"" WH Anisten Fan",-- Unbranded --,-- No Unilog Brand --,-- No DIB Brand --,Hunter Fan Co (4381),Hunter Fan Co,,,52488,,Electrical>Fans & Ventilation>Ceiling Fans,"Hunter Fan Co, Ceiling Fan, 52488, 44 in Blade Span, White",CEILING FAN 44IN WH,"52488 Ceiling Fan, 44 in Blade Span, White","Ceiling Fan, 44 in Blade Span, White","Ceiling Fan, 44 in Blade Span, White",,,,,,,,,,,,,,,,,,,,,,,,,,,Ceiling Fan,Blade Span,44,in,Finish,White,,Voltage Rating,,,Additional Information,,,,,,,,,,,,,,,,,,,,,,,,,,,,,,,,,,,,,,,,,,,,,,,,,,,,,,,,,,,,,,,,,,,,,,,,,,,,,,,,,,,,,,,,,,,,,,,,,,,,,,,,,,,,,,,,,,,,,,,,,,,,,,,,,,,,,,,,,,,,,,,,40101609,,,,,,,,,,,,,,,,,,,,,,,,,,,,,,,,,,,,,,,,,,,
,,,,,,,Electrical,Fans,Ceiling Fans,,52655,"52655 52"" MB Xidane Hunter Fan",-- Unbranded --,-- No Unilog Brand --,-- No DIB Brand --,Hunter Fan Co (4381),Hunter Fan Co,Hunter,,52655,,Electrical>Fans & Ventilation>Ceiling Fans,"Hunter, Ceiling Fan, 52655, 52 in Blade Span, Matte Black",CEILING FAN 52IN MB,"Hunter 52655 Ceiling Fan, 52 in Blade Span, Matte Black","Hunter Ceiling Fan, 52 in Blade Span, Matte Black","Ceiling Fan, 52 in Blade Span, Matte Black",,,,,,,,,,,,,,,,,,,,,,,,,,,Ceiling Fan,Blade Span,52,in,Finish,Matte Black,,Voltage Rating,,,Additional Information,,,,,,,,,,,,,,,,,,,,,,,,,,,,,,,,,,,,,,,,,,,,,,,,,,,,,,,,,,,,,,,,,,,,,,,,,,,,,,,,,,,,,,,,,,,,,,,,,,,,,,,,,,,,,,,,,,,,,,,,,,,,,,,,,,,,,,,,,,,,,,,,40101609,,,,,,,,,,,,,,,,,,,,,,,,,,,,,,,,,,,,,,,,,,,
,,,,,,,Electrical,Fans,Ceiling Fans,,59261,"59261 52"" PB Cassius Fan",-- Unbranded --,-- No Unilog Brand --,-- No DIB Brand --,Hunter Fan Co (4381),Hunter Fan Co,,,59261,,Electrical>Fans & Ventilation>Ceiling Fans,"Hunter Fan Co, Ceiling Fan, 59261, 52 in Blade Span, Polished Brass",CEILING FAN 52IN PB,"59261 Ceiling Fan, 52 in Blade Span, Polished Brass","Ceiling Fan, 52 in Blade Span, Polished Brass","Ceiling Fan, 52 in Blade Span, Polished Brass",,,,,,,,,,,,,,,,,,,,,,,,,,,Ceiling Fan,Blade Span,52,in,Finish,Polished Brass,,Voltage Rating,,,Additional Information,,,,,,,,,,,,,,,,,,,,,,,,,,,,,,,,,,,,,,,,,,,,,,,,,,,,,,,,,,,,,,,,,,,,,,,,,,,,,,,,,,,,,,,,,,,,,,,,,,,,,,,,,,,,,,,,,,,,,,,,,,,,,,,,,,,,,,,,,,,,,,,,40101609,,,,,,,,,,,,,,,,,,,,,,,,,,,,,,,,,,,,,,,,,,,
,,,,,,,Electrical,Fans,Ceiling Fans,,51731,"51731 52"" MB Jetty Hunter Fan",-- Unbranded --,-- No Unilog Brand --,-- No DIB Brand --,Hunter Fan Co (4381),Hunter Fan Co,Hunter,,51731,,Electrical>Fans & Ventilation>Ceiling Fans,"Hunter, Ceiling Fan, 51731, 52 in Blade Span, Matte Black",CEILING FAN 52IN MB,"Hunter 51731 Ceiling Fan, 52 in Blade Span, Matte Black","Hunter Ceiling Fan, 52 in Blade Span, Matte Black","Ceiling Fan, 52 in Blade Span, Matte Black",,,,,,,,,,,,,,,,,,,,,,,,,,,Ceiling Fan,Blade Span,52,in,Finish,Matte Black,,Voltage Rating,,,Additional Information,,,,,,,,,,,,,,,,,,,,,,,,,,,,,,,,,,,,,,,,,,,,,,,,,,,,,,,,,,,,,,,,,,,,,,,,,,,,,,,,,,,,,,,,,,,,,,,,,,,,,,,,,,,,,,,,,,,,,,,,,,,,,,,,,,,,,,,,,,,,,,,,40101609,,,,,,,,,,,,,,,,,,,,,,,,,,,,,,,,,,,,,,,,,,,
,,,,,,,Tools,Power Tools,Cordless Tools,,XLC10ZW,XLC10ZW Makita 18V Cordless Vacuum (Bare),-- Unbranded --,-- No Unilog Brand --,-- No DIB Brand --,Makita Usa Inc (5142),Makita Usa Inc,Makita,,XLC10ZW,,Tools & Hardware>Power Tools>Cordless Power Tools,"Makita, Cordless Tool, XLC10ZW, Vacuum, 18 V, Tool Only",CORDLESS TOOL VACUUM 18V,"Makita XLC10ZW Cordless Tool, Vacuum, 18 V, Tool Only","Makita Cordless Tool, Vacuum, 18 V, 18V LXT, Tool Only","Cordless Tool, Vacuum, 18 V, Tool Only",,,,,,,,,,,,,,,,,,,,,,,,,,,Cordless Tool,Tool Type,Vacuum,,Voltage Rating,18,V,Drive Size,,,Battery Platform,18V LXT,,Included Items,Tool Only,,Additional Information,,,,,,,,,,,,,,,,,,,,,,,,,,,,,,,,,,,,,,,,,,,,,,,,,,,,,,,,,,,,,,,,,,,,,,,,,,,,,,,,,,,,,,,,,,,,,,,,,,,,,,,,,,,,,,,,,,,,,,,,,,,,,,,,,,,,,,,,,,27112100,,,,,,,,,,,,,,,,,,,,,,,,,,,,,,,,,,,,,,,,,,,
,,,,,,,,,,,HS-DA,HS-DA Motion Driveway Alert,-- Unbranded --,-- No Unilog Brand --,-- No DIB Brand --,Sabre (9195),Sabre,,,HS-DA,,,"Sabre, Product, HS-DA",PRODUCT,HS-DA Product,Product,Product,,,,,,,,,,,,,,,,,,,,,,,,,,,Product,Product Type,,,Size,,,Material,,,Color,,,Additional Information,,,,,,,,,,,,,,,,,,,,,,,,,,,,,,,,,,,,,,,,,,,,,,,,,,,,,,,,,,,,,,,,,,,,,,,,,,,,,,,,,,,,,,,,,,,,,,,,,,,,,,,,,,,,,,,,,,,,,,,,,,,,,,,,,,,,,,,,,,,,,,,,,,,,,,,,,,,,,,,,,,,,,,,,,,,,,,,,,,,,,,,,
,,,,,,,Building Materials,Decking,Railing,,73002252,Black Gate Gravity Latch RDI,-- Unbranded --,-- No Unilog Brand --,-- No DIB Brand --,-,,RDI,,73002252,,Building Materials>Decking & Railing>Railing Systems,"RDI, Railing Kit, 73002252, Gate, Black",RAILING KIT GATE BK,"RDI 73002252 Railing Kit, Gate, Black","RDI Railing Kit, Gate, Black","Railing Kit, Gate, Black",,,,,,,,,,,,,,,,,,,,,,,,,,,Railing Kit,Product Type,Gate,,Length,,,Baluster Type,,,Material,,,Color,Black,,Additional Information,,,,,,,,,,,,,,,,,,,,,,,,,,,,,,,,,,,,,,,,,,,,,,,,,,,,,,,,,,,,,,,,,,,,,,,,,,,,,,,,,,,,,,,,,,,,,,,,,,,,,,,,,,,,,,,,,,,,,,,,,,,,,,,,,,,,,,,,,,30151800,,,,,,,,,,,,,,,,,,,,,,,,,,,,,,,,,,,,,,,,,,,
,,,,,,,,,,,48-22-8396R,48-22-8396R Milw 24oz Bottle - Insulated,-- Unbranded --,-- No Unilog Brand --,-- No DIB Brand --,Milwaukee Accessory (4031),Milwaukee Accessory,Milwaukee,,48-22-8396R,,,"Milwaukee, Product, 48-22-8396R",PRODUCT,Milwaukee 48-22-8396R Product,Milwaukee Product,Product,,,,,,,,,,,,,,,,,,,,,,,,,,,Product,Product Type,,,Size,,,Material,,,Color,,,Additional Information,,,,,,,,,,,,,,,,,,,,,,,,,,,,,,,,,,,,,,,,,,,,,,,,,,,,,,,,,,,,,,,,,,,,,,,,,,,,,,,,,,,,,,,,,,,,,,,,,,,,,,,,,,,,,,,,,,,,,,,,,,,,,,,,,,,,,,,,,,,,,,,,,,,,,,,,,,,,,,,,,,,,,,,,,,,,,,,,,,,,,,,,
,,,,,,,,,,,48-22-8397R,48-22-8397R Milw 36oz Bottle - Insulated,-- Unbranded --,-- No Unilog Brand --,-- No DIB Brand --,Milwaukee Accessory (4031),Milwaukee Accessory,Milwaukee,,48-22-8397R,,,"Milwaukee, Product, 48-22-8397R",PRODUCT,Milwaukee 48-22-8397R Product,Milwaukee Product,Product,,,,,,,,,,,,,,,,,,,,,,,,,,,Product,Product Type,,,Size,,,Material,,,Color,,,Additional Information,,,,,,,,,,,,,,,,,,,,,,,,,,,,,,,,,,,,,,,,,,,,,,,,,,,,,,,,,,,,,,,,,,,,,,,,,,,,,,,,,,,,,,,,,,,,,,,,,,,,,,,,,,,,,,,,,,,,,,,,,,,,,,,,,,,,,,,,,,,,,,,,,,,,,,,,,,,,,,,,,,,,,,,,,,,,,,,,,,,,,,,,
,,,,,,,Tools,Power Tools,Cordless Tools,,DCGG581B,DCGG581B Dewalt 20V Grease Gun 2-Speed,-- Unbranded --,-- No Unilog Brand --,-- No DIB Brand --,Black & Decker/dewlt (2585),Black & Decker/dewlt,DEWALT,,DCGG581B,,Tools & Hardware>Power Tools>Cordless Power Tools,"Black & Decker/dewlt DEWALT, Cordless Tool, DCGG581B, Grease Gun, 20 V",CORDLESS TOOL GREASE GUN 20V,"DEWALT DCGG581B Cordless Tool, Grease Gun, 20 V","DEWALT Cordless Tool, Grease Gun, 20 V, 20V MAX","Cordless Tool, Grease Gun, 20 V",,,,,,,,,,,,,,,,,,,,,,,,,,,Cordless Tool,Tool Type,Grease Gun,,Voltage Rating,20,V,Drive Size,,,Battery Platform,20V MAX,,Included Items,,,Additional Information,,,,,,,,,,,,,,,,,,,,,,,,,,,,,,,,,,,,,,,,,,,,,,,,,,,,,,,,,,,,,,,,,,,,,,,,,,,,,,,,,,,,,,,,,,,,,,,,,,,,,,,,,,,,,,,,,,,,,,,,,,,,,,,,,,,,,,,,,,27112100,,,,,,,,,,,,,,,,,,,,,,,,,,,,,,,,,,,,,,,,,,,
,,,,,,,Tools,Power Tools,Cordless Tools,,DCGG581GD1,DCGG581GD1 Dewalt 20V Grease Gun 2-Speed Kit,-- Unbranded --,-- No Unilog Brand --,-- No DIB Brand --,Black & Decker/dewlt (2585),Black & Decker/dewlt,DEWALT,,DCGG581GD1,,Tools & Hardware>Power Tools>Cordless Power Tools,"Black & Decker/dewlt DEWALT, Cordless Tool, DCGG581GD1, Grease Gun, 20 V, Kit",CORDLESS TOOL GREASE GUN 20V,"DEWALT DCGG581GD1 Cordless Tool, Grease Gun, 20 V, Kit","DEWALT Cordless Tool, Grease Gun, 20 V, 20V MAX, Kit","Cordless Tool, Grease Gun, 20 V, Kit",,,,,,,,,,,,,,,,,,,,,,,,,,,Cordless Tool,Tool Type,Grease Gun,,Voltage Rating,20,V,Drive Size,,,Battery Platform,20V MAX,,Included Items,Kit,,Additional Information,,,,,,,,,,,,,,,,,,,,,,,,,,,,,,,,,,,,,,,,,,,,,,,,,,,,,,,,,,,,,,,,,,,,,,,,,,,,,,,,,,,,,,,,,,,,,,,,,,,,,,,,,,,,,,,,,,,,,,,,,,,,,,,,,,,,,,,,,,27112100,,,,,,,,,,,,,,,,,,,,,,,,,,,,,,,,,,,,,,,,,,,
,,,,,,,Tools,Hand Tools,Hand Tools,,DWST41092,"DWST41092 Dewalt Tool Chest 41"" Bottom",-- Unbranded --,-- No Unilog Brand --,-- No DIB Brand --,Black & Decker/dewlt (2585),Black & Decker/dewlt,DEWALT,,DWST41092,,Tools & Hardware>Hand Tools>General Hand Tools,"Black & Decker/dewlt DEWALT, Hand Tool, DWST41092",HAND TOOL,DEWALT DWST41092 Hand Tool,"DEWALT Hand Tool, 41 in Drive Size",Hand Tool,,,,,,,,,,,,,,,,,,,,,,,,,,,Hand Tool,Tool Type,,,Size,,,Drive Size,41,in,Quantity per Package,,,Material,,,Additional Information,,,,,,,,,,,,,,,,,,,,,,,,,,,,,,,,,,,,,,,,,,,,,,,,,,,,,,,,,,,,,,,,,,,,,,,,,,,,,,,,,,,,,,,,,,,,,,,,,,,,,,,,,,,,,,,,,,,,,,,,,,,,,,,,,,,,,,,,,,27111500,,,,,,,,,,,,,,,,,,,,,,,,,,,,,,,,,,,,,,,,,,,
,,,,,,,Building Materials,Decking,Posts & Sleeves,,156436WHT,156436 Wh 4x4x120 Post Wrap,DSI Westbury,-- No Unilog Brand --,-- No DIB Brand --,Palmer Donavin Mfg Company (PALDO),Palmer Donavin Mfg Company,DSI Westbury,,156436WHT,,"Building Materials>Decking & Railing>Posts, Sleeves & Caps","Palmer Donavin Mfg Company DSI Westbury, Post, 156436WHT, Post Wrap, 4x4, White",POST POST WRAP 4X4 WH,"DSI Westbury 156436WHT Post, Post Wrap, 4x4, White","DSI Westbury Post, Post Wrap, 4x4, White","Post, Post Wrap, 4x4, White",,,,,,,,,,,,,,,,,,,,,,,,,,,Post,Product Type,Post Wrap,,Nominal Size,4x4,,Length,,,Material,,,Color,White,,Additional Information,,,,,,,,,,,,,,,,,,,,,,,,,,,,,,,,,,,,,,,,,,,,,,,,,,,,,,,,,,,,,,,,,,,,,,,,,,,,,,,,,,,,,,,,,,,,,,,,,,,,,,,,,,,,,,,,,,,,,,,,,,,,,,,,,,,,,,,,,,30151800,,,,,,,,,,,,,,,,,,,,,,,,,,,,,,,,,,,,,,,,,,,
,,,,,,,Building Materials,Decking,Posts & Sleeves,,173950TBK,"4""x8'-6"" DSI SQ Black Alum Post Wrap",-- Unbranded --,-- No Unilog Brand --,-- No DIB Brand --,Palmer Donavin Mfg Company (PALDO),,,,173950TBK,,"Building Materials>Decking & Railing>Posts, Sleeves & Caps","Post, 173950TBK, Post Wrap, Black",POST POST WRAP BK,"173950TBK Post, Post Wrap, Black","Post, Post Wrap, 6 in Length, Aluminum, Black","Post, Post Wrap, Black",,,,,,,,,,,,,,,,,,,,,,,,,,,Post,Product Type,Post Wrap,,Nominal Size,,,Length,6,in,Material,Aluminum,,Color,Black,,Additional Information,,,,,,,,,,,,,,,,,,,,,,,,,,,,,,,,,,,,,,,,,,,,,,,,,,,,,,,,,,,,,,,,,,,,,,,,,,,,,,,,,,,,,,,,,,,,,,,,,,,,,,,,,,,,,,,,,,,,,,,,,,,,,,,,,,,,,,,,,,30151800,,,,,,,,,,,,,,,,,,,,,,,,,,,,,,,,,,,,,,,,,,,
,,,,,,,Building Materials,Decking,Posts & Sleeves,,173951TBK,"6""x8'-6"" DSI SQ Black Alum Post Wrap",-- Unbranded --,-- No Unilog Brand --,-- No DIB Brand --,Palmer Donavin Mfg Company (PALDO),,,,173951TBK,,"Building Materials>Decking & Railing>Posts, Sleeves & Caps","Post, 173951TBK, Post Wrap, Black",POST POST WRAP BK,"173951TBK Post, Post Wrap, Black","Post, Post Wrap, 6 in Length, Aluminum, Black","Post, Post Wrap, Black",,,,,,,,,,,,,,,,,,,,,,,,,,,Post,Product Type,Post Wrap,,Nominal Size,,,Length,6,in,Material,Aluminum,,Color,Black,,Additional Information,,,,,,,,,,,,,,,,,,,,,,,,,,,,,,,,,,,,,,,,,,,,,,,,,,,,,,,,,,,,,,,,,,,,,,,,,,,,,,,,,,,,,,,,,,,,,,,,,,,,,,,,,,,,,,,,,,,,,,,,,,,,,,,,,,,,,,,,,,30151800,,,,,,,,,,,,,,,,,,,,,,,,,,,,,,,,,,,,,,,,,,,
,,,,,,,Building Materials,Decking,Posts & Sleeves,,173952TBK,"6""x10' DSI SQ Black Alum Post Wrap",-- Unbranded --,-- No Unilog Brand --,-- No DIB Brand --,Palmer Donavin Mfg Company (PALDO),,,,173952TBK,,"Building Materials>Decking & Railing>Posts, Sleeves & Caps","Post, 173952TBK, Post Wrap, Black",POST POST WRAP BK,"173952TBK Post, Post Wrap, Black","Post, Post Wrap, Aluminum, Black","Post, Post Wrap, Black",,,,,,,,,,,,,,,,,,,,,,,,,,,Post,Product Type,Post Wrap,,Nominal Size,,,Length,,,Material,Aluminum,,Color,Black,,Additional Information,,,,,,,,,,,,,,,,,,,,,,,,,,,,,,,,,,,,,,,,,,,,,,,,,,,,,,,,,,,,,,,,,,,,,,,,,,,,,,,,,,,,,,,,,,,,,,,,,,,,,,,,,,,,,,,,,,,,,,,,,,,,,,,,,,,,,,,,,,30151800,,,,,,,,,,,,,,,,,,,,,,,,,,,,,,,,,,,,,,,,,,,
,,,,,,,Building Materials,Windows & Doors,Windows & Doors,,1624157,TW52 WH INSIDE CAS VIN WRAPPED,ANDERSEN,-- No Unilog Brand --,-- No DIB Brand --,-,,ANDERSEN,,1624157,,Building Materials>Windows & Doors>Windows & Exterior Doors,"ANDERSEN, Window, 1624157",WINDOW,ANDERSEN 1624157 Window,ANDERSEN Window,Window,,,,,,,,,,,,,,,,,,,,,,,,,,,Window,Product Type,,,Nominal Size,,,Glazing,,,Handing,,,Color,,,Additional Information,,,,,,,,,,,,,,,,,,,,,,,,,,,,,,,,,,,,,,,,,,,,,,,,,,,,,,,,,,,,,,,,,,,,,,,,,,,,,,,,,,,,,,,,,,,,,,,,,,,,,,,,,,,,,,,,,,,,,,,,,,,,,,,,,,,,,,,,,,30171500,,,,,,,,,,,,,,,,,,,,,,,,,,,,,,,,,,,,,,,,,,,
,,,,,,,Tools,Hand Tools,Hand Tools,,40025,40025 TS-54 Wal-Board T-Square 009-008,-- Unbranded --,-- No Unilog Brand --,-- No DIB Brand --,Marshalltown Trowel (5155),Marshalltown Trowel,Marshalltown,,40025,,Tools & Hardware>Hand Tools>General Hand Tools,"Marshalltown, Hand Tool, 40025",HAND TOOL,Marshalltown 40025 Hand Tool,Marshalltown Hand Tool,Hand Tool,,,,,,,,,,,,,,,,,,,,,,,,,,,Hand Tool,Tool Type,,,Size,,,Drive Size,,,Quantity per Package,,,Material,,,Additional Information,,,,,,,,,,,,,,,,,,,,,,,,,,,,,,,,,,,,,,,,,,,,,,,,,,,,,,,,,,,,,,,,,,,,,,,,,,,,,,,,,,,,,,,,,,,,,,,,,,,,,,,,,,,,,,,,,,,,,,,,,,,,,,,,,,,,,,,,,,27111500,,,,,,,,,,,,,,,,,,,,,,,,,,,,,,,,,,,,,,,,,,,
,,,,,,,Tools,Hand Tools,Hand Tools,,48-22-3301,48-22-3301 Milw Mechanical Pencil w/ Lead Pack,-- Unbranded --,-- No Unilog Brand --,-- No DIB Brand --,Milwaukee Accessory (4031),Milwaukee Accessory,Milwaukee,,48-22-3301,,Tools & Hardware>Hand Tools>General Hand Tools,"Milwaukee, Hand Tool, 48-22-3301",HAND TOOL,Milwaukee 48-22-3301 Hand Tool With Lead Pack,Milwaukee Hand Tool With Lead Pack,Hand Tool,,,,,,,,,,,,,,,,,,,,,,With Lead Pack,,,,,Hand Tool,Tool Type,,,Size,,,Drive Size,,,Quantity per Package,,,Material,,,Additional Information,,,,,,,,,,,,,,,,,,,,,,,,,,,,,,,,,,,,,,,,,,,,,,,,,,,,,,,,,,,,,,,,,,,,,,,,,,,,,,,,,,,,,,,,,,,,,,,,,,,,,,,,,,,,,,,,,,,,,,,,,,,,,,,,,,,,,,,,,,27111500,,,,,,,,,,,,,,,,,,,,,,,,,,,,,,,,,,,,,,,,,,,
,,,,,,,Tools,Hand Tools,Hand Tools,,48-22-3302,48-22-3302 Milw Mechanical Pencil Replacement Lead,-- Unbranded --,-- No Unilog Brand --,-- No DIB Brand --,Milwaukee Accessory (4031),Milwaukee Accessory,Milwaukee,,48-22-3302,,Tools & Hardware>Hand Tools>General Hand Tools,"Milwaukee, Hand Tool, 48-22-3302",HAND TOOL,Milwaukee 48-22-3302 Hand Tool,Milwaukee Hand Tool,Hand Tool,,,,,,,,,,,,,,,,,,,,,,,,,,,Hand Tool,Tool Type,,,Size,,,Drive Size,,,Quantity per Package,,,Material,,,Additional Information,,,,,,,,,,,,,,,,,,,,,,,,,,,,,,,,,,,,,,,,,,,,,,,,,,,,,,,,,,,,,,,,,,,,,,,,,,,,,,,,,,,,,,,,,,,,,,,,,,,,,,,,,,,,,,,,,,,,,,,,,,,,,,,,,,,,,,,,,,27111500,,,,,,,,,,,,,,,,,,,,,,,,,,,,,,,,,,,,,,,,,,,
,,,,,,,Tools,Hand Tools,Hand Tools,,48-22-3303,48-22-3303 Milw Mechanical Pencil Replacement Lead-Color,-- Unbranded --,-- No Unilog Brand --,-- No DIB Brand --,Milwaukee Accessory (4031),Milwaukee Accessory,Milwaukee,,48-22-3303,,Tools & Hardware>Hand Tools>General Hand Tools,"Milwaukee, Hand Tool, 48-22-3303",HAND TOOL,Milwaukee 48-22-3303 Hand Tool,Milwaukee Hand Tool,Hand Tool,,,,,,,,,,,,,,,,,,,,,,,,,,,Hand Tool,Tool Type,,,Size,,,Drive Size,,,Quantity per Package,,,Material,,,Additional Information,,,,,,,,,,,,,,,,,,,,,,,,,,,,,,,,,,,,,,,,,,,,,,,,,,,,,,,,,,,,,,,,,,,,,,,,,,,,,,,,,,,,,,,,,,,,,,,,,,,,,,,,,,,,,,,,,,,,,,,,,,,,,,,,,,,,,,,,,,27111500,,,,,,,,,,,,,,,,,,,,,,,,,,,,,,,,,,,,,,,,,,,
,,,,,,,Safety,Personal Protective Equipment,PPE,,TSDKAP218-G2,TSDKAP218-G2 Edge Safety - Khor Black Frame Polarized,-- Unbranded --,-- No Unilog Brand --,-- No DIB Brand --,Edge Eyewear Inc (EDGSA),Edge Eyewear Inc,Edge Eyewear,,TSDKAP218-G2,,Safety & Security>Personal Protective Equipment>Protective Equipment,"Edge Eyewear, Safety Equipment, TSDKAP218-G2, Safety Glasses, Black",SAFETY EQUIPMENT SFTY GLSS BK,"Edge Eyewear TSDKAP218-G2 Safety Equipment, Safety Glasses, Black","Edge Eyewear Safety Equipment, Safety Glasses, Black","Safety Equipment, Safety Glasses, Black",,,,,,,,,,,,,,,,,,,,,,,,,,,Safety Equipment,Equipment Type,Safety Glasses,,Size,,,Color,Black,,Lens Type,,,Additional Information,,,,,,,,,,,,,,,,,,,,,,,,,,,,,,,,,,,,,,,,,,,,,,,,,,,,,,,,,,,,,,,,,,,,,,,,,,,,,,,,,,,,,,,,,,,,,,,,,,,,,,,,,,,,,,,,,,,,,,,,,,,,,,,,,,,,,,,,,,,,,46181500,,,,,,,,,,,,,,,,,,,,,,,,,,,,,,,,,,,,,,,,,,,
,,,,,,,Safety,Personal Protective Equipment,PPE,,XPAP418,XPAP418 Edge Safety Glasses - Pumori Black Frame,-- Unbranded --,-- No Unilog Brand --,-- No DIB Brand --,Edge Eyewear Inc (EDGSA),Edge Eyewear Inc,Edge Eyewear,,XPAP418,,Safety & Security>Personal Protective Equipment>Protective Equipment,"Edge Eyewear, Safety Equipment, XPAP418, Safety Glasses, Black",SAFETY EQUIPMENT SFTY GLSS BK,"Edge Eyewear XPAP418 Safety Equipment, Safety Glasses, Black","Edge Eyewear Safety Equipment, Safety Glasses, Black","Safety Equipment, Safety Glasses, Black",,,,,,,,,,,,,,,,,,,,,,,,,,,Safety Equipment,Equipment Type,Safety Glasses,,Size,,,Color,Black,,Lens Type,,,Additional Information,,,,,,,,,,,,,,,,,,,,,,,,,,,,,,,,,,,,,,,,,,,,,,,,,,,,,,,,,,,,,,,,,,,,,,,,,,,,,,,,,,,,,,,,,,,,,,,,,,,,,,,,,,,,,,,,,,,,,,,,,,,,,,,,,,,,,,,,,,,,,46181500,,,,,,,,,,,,,,,,,,,,,,,,,,,,,,,,,,,,,,,,,,,
,,,,,,,Safety,Personal Protective Equipment,PPE,,XDAP419,XDAP419 Edge Safety Glasses - Dawson Black Frame Red Lenses,-- Unbranded --,-- No Unilog Brand --,-- No DIB Brand --,Edge Eyewear Inc (EDGSA),Edge Eyewear Inc,Edge Eyewear,,XDAP419,,Safety & Security>Personal Protective Equipment>Protective Equipment,"Edge Eyewear, Safety Equipment, XDAP419, Safety Glasses, Black",SAFETY EQUIPMENT SFTY GLSS BK,"Edge Eyewear XDAP419 Safety Equipment, Safety Glasses, Black","Edge Eyewear Safety Equipment, Safety Glasses, Black","Safety Equipment, Safety Glasses, Black",,,,,,,,,,,,,,,,,,,,,,,,,,,Safety Equipment,Equipment Type,Safety Glasses,,Size,,,Color,Black,,Lens Type,,,Additional Information,,,,,,,,,,,,,,,,,,,,,,,,,,,,,,,,,,,,,,,,,,,,,,,,,,,,,,,,,,,,,,,,,,,,,,,,,,,,,,,,,,,,,,,,,,,,,,,,,,,,,,,,,,,,,,,,,,,,,,,,,,,,,,,,,,,,,,,,,,,,,46181500,,,,,,,,,,,,,,,,,,,,,,,,,,,,,,,,,,,,,,,,,,,
,,,,,,,Safety,Personal Protective Equipment,PPE,,XB11PCVS,XB11PCVS Edge Safety Glasses - Photochromic Lense,-- Unbranded --,-- No Unilog Brand --,-- No DIB Brand --,Edge Eyewear Inc (EDGSA),Edge Eyewear Inc,Edge Eyewear,,XB11PCVS,,Safety & Security>Personal Protective Equipment>Protective Equipment,"Edge Eyewear, Safety Equipment, XB11PCVS, Safety Glasses",SAFETY EQUIPMENT SFTY GLSS,"Edge Eyewear XB11PCVS Safety Equipment, Safety Glasses","Edge Eyewear Safety Equipment, Safety Glasses","Safety Equipment, Safety Glasses",,,,,,,,,,,,,,,,,,,,,,,,,,,Safety Equipment,Equipment Type,Safety Glasses,,Size,,,Color,,,Lens Type,,,Additional Information,,,,,,,,,,,,,,,,,,,,,,,,,,,,,,,,,,,,,,,,,,,,,,,,,,,,,,,,,,,,,,,,,,,,,,,,,,,,,,,,,,,,,,,,,,,,,,,,,,,,,,,,,,,,,,,,,,,,,,,,,,,,,,,,,,,,,,,,,,,,,46181500,,,,,,,,,,,,,,,,,,,,,,,,,,,,,,,,,,,,,,,,,,,
,,,,,,,Safety,Personal Protective Equipment,PPE,,KB121VS,KB121VS Edge Safety Glasses - Kabru Black Frame,-- Unbranded --,-- No Unilog Brand --,-- No DIB Brand --,Edge Eyewear Inc (EDGSA),Edge Eyewear Inc,Edge Eyewear,,KB121VS,,Safety & Security>Personal Protective Equipment>Protective Equipment,"Edge Eyewear, Safety Equipment, KB121VS, Safety Glasses, Black",SAFETY EQUIPMENT SFTY GLSS BK,"Edge Eyewear KB121VS Safety Equipment, Safety Glasses, Black","Edge Eyewear Safety Equipment, Safety Glasses, Black","Safety Equipment, Safety Glasses, Black",,,,,,,,,,,,,,,,,,,,,,,,,,,Safety Equipment,Equipment Type,Safety Glasses,,Size,,,Color,Black,,Lens Type,,,Additional Information,,,,,,,,,,,,,,,,,,,,,,,,,,,,,,,,,,,,,,,,,,,,,,,,,,,,,,,,,,,,,,,,,,,,,,,,,,,,,,,,,,,,,,,,,,,,,,,,,,,,,,,,,,,,,,,,,,,,,,,,,,,,,,,,,,,,,,,,,,,,,46181500,,,,,,,,,,,,,,,,,,,,,,,,,,,,,,,,,,,,,,,,,,,
,,,,,,,Safety,Personal Protective Equipment,PPE,,KB126VS,KB126VS Edge Safety Glasses - Kabru Black Frame,-- Unbranded --,-- No Unilog Brand --,-- No DIB Brand --,Edge Eyewear Inc (EDGSA),Edge Eyewear Inc,Edge Eyewear,,KB126VS,,Safety & Security>Personal Protective Equipment>Protective Equipment,"Edge Eyewear, Safety Equipment, KB126VS, Safety Glasses, Black",SAFETY EQUIPMENT SFTY GLSS BK,"Edge Eyewear KB126VS Safety Equipment, Safety Glasses, Black","Edge Eyewear Safety Equipment, Safety Glasses, Black","Safety Equipment, Safety Glasses, Black",,,,,,,,,,,,,,,,,,,,,,,,,,,Safety Equipment,Equipment Type,Safety Glasses,,Size,,,Color,Black,,Lens Type,,,Additional Information,,,,,,,,,,,,,,,,,,,,,,,,,,,,,,,,,,,,,,,,,,,,,,,,,,,,,,,,,,,,,,,,,,,,,,,,,,,,,,,,,,,,,,,,,,,,,,,,,,,,,,,,,,,,,,,,,,,,,,,,,,,,,,,,,,,,,,,,,,,,,46181500,,,,,,,,,,,,,,,,,,,,,,,,,,,,,,,,,,,,,,,,,,,
,,,,,,,Safety,Personal Protective Equipment,PPE,,TC121VS,TC121VS Edge Safety Glasses - Tacana Black Frame,-- Unbranded --,-- No Unilog Brand --,-- No DIB Brand --,Edge Eyewear Inc (EDGSA),Edge Eyewear Inc,Edge Eyewear,,TC121VS,,Safety & Security>Personal Protective Equipment>Protective Equipment,"Edge Eyewear, Safety Equipment, TC121VS, Safety Glasses, Black",SAFETY EQUIPMENT SFTY GLSS BK,"Edge Eyewear TC121VS Safety Equipment, Safety Glasses, Black","Edge Eyewear Safety Equipment, Safety Glasses, Black","Safety Equipment, Safety Glasses, Black",,,,,,,,,,,,,,,,,,,,,,,,,,,Safety Equipment,Equipment Type,Safety Glasses,,Size,,,Color,Black,,Lens Type,,,Additional Information,,,,,,,,,,,,,,,,,,,,,,,,,,,,,,,,,,,,,,,,,,,,,,,,,,,,,,,,,,,,,,,,,,,,,,,,,,,,,,,,,,,,,,,,,,,,,,,,,,,,,,,,,,,,,,,,,,,,,,,,,,,,,,,,,,,,,,,,,,,,,46181500,,,,,,,,,,,,,,,,,,,,,,,,,,,,,,,,,,,,,,,,,,,
,,,,,,,Safety,Personal Protective Equipment,PPE,,TC126VS,TC126VS Edge Safety Glasses - Tacana Black Frame,-- Unbranded --,-- No Unilog Brand --,-- No DIB Brand --,Edge Eyewear Inc (EDGSA),Edge Eyewear Inc,Edge Eyewear,,TC126VS,,Safety & Security>Personal Protective Equipment>Protective Equipment,"Edge Eyewear, Safety Equipment, TC126VS, Safety Glasses, Black",SAFETY EQUIPMENT SFTY GLSS BK,"Edge Eyewear TC126VS Safety Equipment, Safety Glasses, Black","Edge Eyewear Safety Equipment, Safety Glasses, Black","Safety Equipment, Safety Glasses, Black",,,,,,,,,,,,,,,,,,,,,,,,,,,Safety Equipment,Equipment Type,Safety Glasses,,Size,,,Color,Black,,Lens Type,,,Additional Information,,,,,,,,,,,,,,,,,,,,,,,,,,,,,,,,,,,,,,,,,,,,,,,,,,,,,,,,,,,,,,,,,,,,,,,,,,,,,,,,,,,,,,,,,,,,,,,,,,,,,,,,,,,,,,,,,,,,,,,,,,,,,,,,,,,,,,,,,,,,,46181500,,,,,,,,,,,,,,,,,,,,,,,,,,,,,,,,,,,,,,,,,,,
,,,,,,,Safety,Personal Protective Equipment,PPE,,MK113MPAP,MK113MPAP Edge Safety Glasses - Makalu Black Frame Polarized,-- Unbranded --,-- No Unilog Brand --,-- No DIB Brand --,Edge Eyewear Inc (EDGSA),Edge Eyewear Inc,Edge Eyewear,,MK113MPAP,,Safety & Security>Personal Protective Equipment>Protective Equipment,"Edge Eyewear, Safety Equipment, MK113MPAP, Safety Glasses, Black",SAFETY EQUIPMENT SFTY GLSS BK,"Edge Eyewear MK113MPAP Safety Equipment, Safety Glasses, Black","Edge Eyewear Safety Equipment, Safety Glasses, Black","Safety Equipment, Safety Glasses, Black",,,,,,,,,,,,,,,,,,,,,,,,,,,Safety Equipment,Equipment Type,Safety Glasses,,Size,,,Color,Black,,Lens Type,,,Additional Information,,,,,,,,,,,,,,,,,,,,,,,,,,,,,,,,,,,,,,,,,,,,,,,,,,,,,,,,,,,,,,,,,,,,,,,,,,,,,,,,,,,,,,,,,,,,,,,,,,,,,,,,,,,,,,,,,,,,,,,,,,,,,,,,,,,,,,,,,,,,,46181500,,,,,,,,,,,,,,,,,,,,,,,,,,,,,,,,,,,,,,,,,,,
,,,,,,,Safety,Personal Protective Equipment,PPE,,LS117MPAP,LS117MPAP Edge Safety Glasses - Lassen Black Frame Polarized,-- Unbranded --,-- No Unilog Brand --,-- No DIB Brand --,Edge Eyewear Inc (EDGSA),Edge Eyewear Inc,Edge Eyewear,,LS117MPAP,,Safety & Security>Personal Protective Equipment>Protective Equipment,"Edge Eyewear, Safety Equipment, LS117MPAP, Safety Glasses, Black",SAFETY EQUIPMENT SFTY GLSS BK,"Edge Eyewear LS117MPAP Safety Equipment, Safety Glasses, Black","Edge Eyewear Safety Equipment, Safety Glasses, Black","Safety Equipment, Safety Glasses, Black",,,,,,,,,,,,,,,,,,,,,,,,,,,Safety Equipment,Equipment Type,Safety Glasses,,Size,,,Color,Black,,Lens Type,,,Additional Information,,,,,,,,,,,,,,,,,,,,,,,,,,,,,,,,,,,,,,,,,,,,,,,,,,,,,,,,,,,,,,,,,,,,,,,,,,,,,,,,,,,,,,,,,,,,,,,,,,,,,,,,,,,,,,,,,,,,,,,,,,,,,,,,,,,,,,,,,,,,,46181500,,,,,,,,,,,,,,,,,,,,,,,,,,,,,,,,,,,,,,,,,,,
,,,,,,,Safety,Personal Protective Equipment,PPE,,FE-EFX-6L,FEEFX6L Lith Fire Extinguisher,-- Unbranded --,-- No Unilog Brand --,-- No DIB Brand --,Ohio Firewatch Protection Inc (HOLFS),Ohio Firewatch Protection Inc,,,FE-EFX-6L,,Safety & Security>Personal Protective Equipment>Protective Equipment,"Ohio Firewatch Protection Inc, Safety Equipment, FE-EFX-6L, Fire Extinguisher",SAFETY EQUIPMENT FIRE EXT,"FE-EFX-6L Safety Equipment, Fire Extinguisher","Safety Equipment, Fire Extinguisher","Safety Equipment, Fire Extinguisher",,,,,,,,,,,,,,,,,,,,,,,,,,,Safety Equipment,Equipment Type,Fire Extinguisher,,Size,,,Color,,,Lens Type,,,Additional Information,,,,,,,,,,,,,,,,,,,,,,,,,,,,,,,,,,,,,,,,,,,,,,,,,,,,,,,,,,,,,,,,,,,,,,,,,,,,,,,,,,,,,,,,,,,,,,,,,,,,,,,,,,,,,,,,,,,,,,,,,,,,,,,,,,,,,,,,,,,,,46181500,,,,,,,,,,,,,,,,,,,,,,,,,,,,,,,,,,,,,,,,,,,
,,,,,,,Safety,Personal Protective Equipment,PPE,,FE-EFX-9L,FEEFX9L Lith Fire Extinguisher,-- Unbranded --,-- No Unilog Brand --,-- No DIB Brand --,Ohio Firewatch Protection Inc (HOLFS),Ohio Firewatch Protection Inc,,,FE-EFX-9L,,Safety & Security>Personal Protective Equipment>Protective Equipment,"Ohio Firewatch Protection Inc, Safety Equipment, FE-EFX-9L, Fire Extinguisher",SAFETY EQUIPMENT FIRE EXT,"FE-EFX-9L Safety Equipment, Fire Extinguisher","Safety Equipment, Fire Extinguisher","Safety Equipment, Fire Extinguisher",,,,,,,,,,,,,,,,,,,,,,,,,,,Safety Equipment,Equipment Type,Fire Extinguisher,,Size,,,Color,,,Lens Type,,,Additional Information,,,,,,,,,,,,,,,,,,,,,,,,,,,,,,,,,,,,,,,,,,,,,,,,,,,,,,,,,,,,,,,,,,,,,,,,,,,,,,,,,,,,,,,,,,,,,,,,,,,,,,,,,,,,,,,,,,,,,,,,,,,,,,,,,,,,,,,,,,,,,46181500,,,,,,,,,,,,,,,,,,,,,,,,,,,,,,,,,,,,,,,,,,,
,,,,,,,Safety,Personal Protective Equipment,PPE,,1046793,1046793 Smoke & CO Alarm,-- Unbranded --,-- No Unilog Brand --,First Alert,First Alert - B R K Brands (2754),First Alert - B R K Brands,First Alert,,1046793,,Safety & Security>Personal Protective Equipment>Protective Equipment,"First Alert, Safety Equipment, 1046793, Smoke & CO Alarm",SAFETY EQUIPMENT SMK/CO ALRM,"First Alert 1046793 Safety Equipment, Smoke & CO Alarm","First Alert Safety Equipment, Smoke & CO Alarm","Safety Equipment, Smoke & CO Alarm",,,,,,,,,,,,,,,,,,,,,,,,,,,Safety Equipment,Equipment Type,Smoke & CO Alarm,,Size,,,Color,,,Lens Type,,,Additional Information,,,,,,,,,,,,,,,,,,,,,,,,,,,,,,,,,,,,,,,,,,,,,,,,,,,,,,,,,,,,,,,,,,,,,,,,,,,,,,,,,,,,,,,,,,,,,,,,,,,,,,,,,,,,,,,,,,,,,,,,,,,,,,,,,,,,,,,,,,,,,46181500,,,,,,,,,,,,,,,,,,,,,,,,,,,,,,,,,,,,,,,,,,,
,,,,,,,Safety,Personal Protective Equipment,PPE,,1046870,1046870 Smoke & CO Alarm,-- Unbranded --,-- No Unilog Brand --,BRK,First Alert - B R K Brands (2754),First Alert - B R K Brands,BRK,,1046870,,Safety & Security>Personal Protective Equipment>Protective Equipment,"First Alert - B R K Brands BRK, Safety Equipment, 1046870, Smoke & CO Alarm",SAFETY EQUIPMENT SMK/CO ALRM,"BRK 1046870 Safety Equipment, Smoke & CO Alarm","BRK Safety Equipment, Smoke & CO Alarm","Safety Equipment, Smoke & CO Alarm",,,,,,,,,,,,,,,,,,,,,,,,,,,Safety Equipment,Equipment Type,Smoke & CO Alarm,,Size,,,Color,,,Lens Type,,,Additional Information,,,,,,,,,,,,,,,,,,,,,,,,,,,,,,,,,,,,,,,,,,,,,,,,,,,,,,,,,,,,,,,,,,,,,,,,,,,,,,,,,,,,,,,,,,,,,,,,,,,,,,,,,,,,,,,,,,,,,,,,,,,,,,,,,,,,,,,,,,,,,46181500,,,,,,,,,,,,,,,,,,,,,,,,,,,,,,,,,,,,,,,,,,,
,,,,,,,Safety,Personal Protective Equipment,PPE,,M701B-21L,M701B-21L Milw L Black Heated Work Glove Liners,-- Unbranded --,-- No Unilog Brand --,-- No DIB Brand --,Milwaukee Accessory (4031),Milwaukee Accessory,Milwaukee,,M701B-21L,,Safety & Security>Personal Protective Equipment>Protective Equipment,"Milwaukee, Safety Equipment, M701B-21L, Glove Liner, Black",SAFETY EQUIPMENT GLOVE LINER L BK,"Milwaukee M701B-21L Safety Equipment, Glove Liner, Black","Milwaukee Safety Equipment, Glove Liner, Black","Safety Equipment, Glove Liner, L, Black",,,,,,,,,,,,,,,,,,,,,,,,,,,Safety Equipment,Equipment Type,Glove Liner,,Size,L,,Color,Black,,Lens Type,,,Additional Information,,,,,,,,,,,,,,,,,,,,,,,,,,,,,,,,,,,,,,,,,,,,,,,,,,,,,,,,,,,,,,,,,,,,,,,,,,,,,,,,,,,,,,,,,,,,,,,,,,,,,,,,,,,,,,,,,,,,,,,,,,,,,,,,,,,,,,,,,,,,,46181500,,,,,,,,,,,,,,,,,,,,,,,,,,,,,,,,,,,,,,,,,,,
,,,,,,,Safety,Personal Protective Equipment,PPE,,M701B-21M,M701B-21M Milw M Black Heated Work Glove Liners,-- Unbranded --,-- No Unilog Brand --,-- No DIB Brand --,Milwaukee Accessory (4031),Milwaukee Accessory,Milwaukee,,M701B-21M,,Safety & Security>Personal Protective Equipment>Protective Equipment,"Milwaukee, Safety Equipment, M701B-21M, Glove Liner, Black",SAFETY EQUIPMENT GLOVE LINER BK,"Milwaukee M701B-21M Safety Equipment, Glove Liner, Black","Milwaukee Safety Equipment, Glove Liner, Black","Safety Equipment, Glove Liner, Black",,,,,,,,,,,,,,,,,,,,,,,,,,,Safety Equipment,Equipment Type,Glove Liner,,Size,M,,Color,Black,,Lens Type,,,Additional Information,,,,,,,,,,,,,,,,,,,,,,,,,,,,,,,,,,,,,,,,,,,,,,,,,,,,,,,,,,,,,,,,,,,,,,,,,,,,,,,,,,,,,,,,,,,,,,,,,,,,,,,,,,,,,,,,,,,,,,,,,,,,,,,,,,,,,,,,,,,,,46181500,,,,,,,,,,,,,,,,,,,,,,,,,,,,,,,,,,,,,,,,,,,
,,,,,,,Safety,Personal Protective Equipment,PPE,,M701B-21S,M701B-21S Milw S Black Heated Work Glove Liners,-- Unbranded --,-- No Unilog Brand --,-- No DIB Brand --,Milwaukee Accessory (4031),Milwaukee Accessory,Milwaukee,,M701B-21S,,Safety & Security>Personal Protective Equipment>Protective Equipment,"Milwaukee, Safety Equipment, M701B-21S, Glove Liner, Black",SAFETY EQUIPMENT GLOVE LINER BK,"Milwaukee M701B-21S Safety Equipment, Glove Liner, Black","Milwaukee Safety Equipment, Glove Liner, Black","Safety Equipment, Glove Liner, Black",,,,,,,,,,,,,,,,,,,,,,,,,,,Safety Equipment,Equipment Type,Glove Liner,,Size,S,,Color,Black,,Lens Type,,,Additional Information,,,,,,,,,,,,,,,,,,,,,,,,,,,,,,,,,,,,,,,,,,,,,,,,,,,,,,,,,,,,,,,,,,,,,,,,,,,,,,,,,,,,,,,,,,,,,,,,,,,,,,,,,,,,,,,,,,,,,,,,,,,,,,,,,,,,,,,,,,,,,46181500,,,,,,,,,,,,,,,,,,,,,,,,,,,,,,,,,,,,,,,,,,,
,,,,,,,Safety,Personal Protective Equipment,PPE,,M701B-21XL,M701B-21XL Milw XL Black Heated Work Glove Liners,-- Unbranded --,-- No Unilog Brand --,-- No DIB Brand --,Milwaukee Accessory (4031),Milwaukee Accessory,Milwaukee,,M701B-21XL,,Safety & Security>Personal Protective Equipment>Protective Equipment,"Milwaukee, Safety Equipment, M701B-21XL, Glove Liner, Black",SAFETY EQUIPMENT GLOVE LINER XL BK,"Milwaukee M701B-21XL Safety Equipment, Glove Liner, Black","Milwaukee Safety Equipment, Glove Liner, XL, Black","Safety Equipment, Glove Liner, XL, Black",,,,,,,,,,,,,,,,,,,,,,,,,,,Safety Equipment,Equipment Type,Glove Liner,,Size,XL,,Color,Black,,Lens Type,,,Additional Information,,,,,,,,,,,,,,,,,,,,,,,,,,,,,,,,,,,,,,,,,,,,,,,,,,,,,,,,,,,,,,,,,,,,,,,,,,,,,,,,,,,,,,,,,,,,,,,,,,,,,,,,,,,,,,,,,,,,,,,,,,,,,,,,,,,,,,,,,,,,,46181500,,,,,,,,,,,,,,,,,,,,,,,,,,,,,,,,,,,,,,,,,,,
,,,,,,,Safety,Personal Protective Equipment,PPE,,MWUG42010124,UTW Pro Heated Glove Blk XS,-- Unbranded --,-- No Unilog Brand --,-- No DIB Brand --,Tech Gear 5.7 Inc (TECGE),Tech Gear 5.7 Inc,,,MWUG42010124,,Safety & Security>Personal Protective Equipment>Protective Equipment,"Tech Gear 5.7 Inc, Safety Equipment, MWUG42010124, Heated Glove, XS, Black",SAFETY EQUIPMENT HEATED GLOVE XS BK,"MWUG42010124 Safety Equipment, Heated Glove, XS, Black","Safety Equipment, Heated Glove, XS, Black","Safety Equipment, Heated Glove, XS, Black",,,,,,,,,,,,,,,,,,,,,,,,,,,Safety Equipment,Equipment Type,Heated Glove,,Size,XS,,Color,Black,,Lens Type,,,Additional Information,,,,,,,,,,,,,,,,,,,,,,,,,,,,,,,,,,,,,,,,,,,,,,,,,,,,,,,,,,,,,,,,,,,,,,,,,,,,,,,,,,,,,,,,,,,,,,,,,,,,,,,,,,,,,,,,,,,,,,,,,,,,,,,,,,,,,,,,,,,,,46181500,,,,,,,,,,,,,,,,,,,,,,,,,,,,,,,,,,,,,,,,,,,
,,,,,,,Safety,Personal Protective Equipment,PPE,,MWUG42010224,UTW Pro Heated Glove Blk SM,-- Unbranded --,-- No Unilog Brand --,-- No DIB Brand --,Tech Gear 5.7 Inc (TECGE),Tech Gear 5.7 Inc,,,MWUG42010224,,Safety & Security>Personal Protective Equipment>Protective Equipment,"Tech Gear 5.7 Inc, Safety Equipment, MWUG42010224, Heated Glove, Black",SAFETY EQUIPMENT HEATED GLOVE BK,"MWUG42010224 Safety Equipment, Heated Glove, Black","Safety Equipment, Heated Glove, Black","Safety Equipment, Heated Glove, Black",,,,,,,,,,,,,,,,,,,,,,,,,,,Safety Equipment,Equipment Type,Heated Glove,,Size,S,,Color,Black,,Lens Type,,,Additional Information,,,,,,,,,,,,,,,,,,,,,,,,,,,,,,,,,,,,,,,,,,,,,,,,,,,,,,,,,,,,,,,,,,,,,,,,,,,,,,,,,,,,,,,,,,,,,,,,,,,,,,,,,,,,,,,,,,,,,,,,,,,,,,,,,,,,,,,,,,,,,46181500,,,,,,,,,,,,,,,,,,,,,,,,,,,,,,,,,,,,,,,,,,,
,,,,,,,Safety,Personal Protective Equipment,PPE,,MWUG42010324,UTW Pro Heated Glove Blk MD,-- Unbranded --,-- No Unilog Brand --,-- No DIB Brand --,Tech Gear 5.7 Inc (TECGE),Tech Gear 5.7 Inc,,,MWUG42010324,,Safety & Security>Personal Protective Equipment>Protective Equipment,"Tech Gear 5.7 Inc, Safety Equipment, MWUG42010324, Heated Glove, Black",SAFETY EQUIPMENT HEATED GLOVE BK,"MWUG42010324 Safety Equipment, Heated Glove, Black","Safety Equipment, Heated Glove, Black","Safety Equipment, Heated Glove, Black",,,,,,,,,,,,,,,,,,,,,,,,,,,Safety Equipment,Equipment Type,Heated Glove,,Size,M,,Color,Black,,Lens Type,,,Additional Information,,,,,,,,,,,,,,,,,,,,,,,,,,,,,,,,,,,,,,,,,,,,,,,,,,,,,,,,,,,,,,,,,,,,,,,,,,,,,,,,,,,,,,,,,,,,,,,,,,,,,,,,,,,,,,,,,,,,,,,,,,,,,,,,,,,,,,,,,,,,,46181500,,,,,,,,,,,,,,,,,,,,,,,,,,,,,,,,,,,,,,,,,,,
,,,,,,,Safety,Personal Protective Equipment,PPE,,MWUG42010424,UTW Pro Heated Glove Blk LG,-- Unbranded --,-- No Unilog Brand --,-- No DIB Brand --,Tech Gear 5.7 Inc (TECGE),Tech Gear 5.7 Inc,,,MWUG42010424,,Safety & Security>Personal Protective Equipment>Protective Equipment,"Tech Gear 5.7 Inc, Safety Equipment, MWUG42010424, Heated Glove, Black",SAFETY EQUIPMENT HEATED GLOVE L BK,"MWUG42010424 Safety Equipment, Heated Glove, L, Black","Safety Equipment, Heated Glove, L, Black","Safety Equipment, Heated Glove, L, Black",,,,,,,,,,,,,,,,,,,,,,,,,,,Safety Equipment,Equipment Type,Heated Glove,,Size,L,,Color,Black,,Lens Type,,,Additional Information,,,,,,,,,,,,,,,,,,,,,,,,,,,,,,,,,,,,,,,,,,,,,,,,,,,,,,,,,,,,,,,,,,,,,,,,,,,,,,,,,,,,,,,,,,,,,,,,,,,,,,,,,,,,,,,,,,,,,,,,,,,,,,,,,,,,,,,,,,,,,46181500,,,,,,,,,,,,,,,,,,,,,,,,,,,,,,,,,,,,,,,,,,,
,,,,,,,Safety,Personal Protective Equipment,PPE,,MWUG42010524,UTW Pro Heated Glove Blk XL,-- Unbranded --,-- No Unilog Brand --,-- No DIB Brand --,Tech Gear 5.7 Inc (TECGE),Tech Gear 5.7 Inc,,,MWUG42010524,,Safety & Security>Personal Protective Equipment>Protective Equipment,"Tech Gear 5.7 Inc, Safety Equipment, MWUG42010524, Heated Glove, XL, Black",SAFETY EQUIPMENT HEATED GLOVE XL BK,"MWUG42010524 Safety Equipment, Heated Glove, XL, Black","Safety Equipment, Heated Glove, XL, Black","Safety Equipment, Heated Glove, XL, Black",,,,,,,,,,,,,,,,,,,,,,,,,,,Safety Equipment,Equipment Type,Heated Glove,,Size,XL,,Color,Black,,Lens Type,,,Additional Information,,,,,,,,,,,,,,,,,,,,,,,,,,,,,,,,,,,,,,,,,,,,,,,,,,,,,,,,,,,,,,,,,,,,,,,,,,,,,,,,,,,,,,,,,,,,,,,,,,,,,,,,,,,,,,,,,,,,,,,,,,,,,,,,,,,,,,,,,,,,,46181500,,,,,,,,,,,,,,,,,,,,,,,,,,,,,,,,,,,,,,,,,,,
,,,,,,,Safety,Personal Protective Equipment,PPE,,MWUG42010624,UTW Pro Heated Glove Blk 2X,-- Unbranded --,-- No Unilog Brand --,-- No DIB Brand --,Tech Gear 5.7 Inc (TECGE),Tech Gear 5.7 Inc,,,MWUG42010624,,Safety & Security>Personal Protective Equipment>Protective Equipment,"Tech Gear 5.7 Inc, Safety Equipment, MWUG42010624, Heated Glove, 2XL, Black",SAFETY EQUIPMENT HEATED GLOVE 2XL BK,"MWUG42010624 Safety Equipment, Heated Glove, 2XL, Black","Safety Equipment, Heated Glove, 2XL, Black","Safety Equipment, Heated Glove, 2XL, Black",,,,,,,,,,,,,,,,,,,,,,,,,,,Safety Equipment,Equipment Type,Heated Glove,,Size,2XL,,Color,Black,,Lens Type,,,Additional Information,,,,,,,,,,,,,,,,,,,,,,,,,,,,,,,,,,,,,,,,,,,,,,,,,,,,,,,,,,,,,,,,,,,,,,,,,,,,,,,,,,,,,,,,,,,,,,,,,,,,,,,,,,,,,,,,,,,,,,,,,,,,,,,,,,,,,,,,,,,,,46181500,,,,,,,,,,,,,,,,,,,,,,,,,,,,,,,,,,,,,,,,,,,
,,,,,,,Safety,Personal Protective Equipment,PPE,,MWUG36010225,MWUG36010225 BLK SM Aerial Snow Heated Glove,-- Unbranded --,-- No Unilog Brand --,-- No DIB Brand --,Tech Gear 5.7 Inc (TECGE),Tech Gear 5.7 Inc,,,MWUG36010225,,Safety & Security>Personal Protective Equipment>Protective Equipment,"Tech Gear 5.7 Inc, Safety Equipment, MWUG36010225, Heated Glove, Black",SAFETY EQUIPMENT HEATED GLOVE BK,"MWUG36010225 Safety Equipment, Heated Glove, Black","Safety Equipment, Heated Glove, Black","Safety Equipment, Heated Glove, Black",,,,,,,,,,,,,,,,,,,,,,,,,,,Safety Equipment,Equipment Type,Heated Glove,,Size,S,,Color,Black,,Lens Type,,,Additional Information,,,,,,,,,,,,,,,,,,,,,,,,,,,,,,,,,,,,,,,,,,,,,,,,,,,,,,,,,,,,,,,,,,,,,,,,,,,,,,,,,,,,,,,,,,,,,,,,,,,,,,,,,,,,,,,,,,,,,,,,,,,,,,,,,,,,,,,,,,,,,46181500,,,,,,,,,,,,,,,,,,,,,,,,,,,,,,,,,,,,,,,,,,,
,,,,,,,Safety,Personal Protective Equipment,PPE,,MWUG36010325,MWUG36010325 BLK MD Aerial Snow Heated Glove,-- Unbranded --,-- No Unilog Brand --,-- No DIB Brand --,Tech Gear 5.7 Inc (TECGE),Tech Gear 5.7 Inc,,,MWUG36010325,,Safety & Security>Personal Protective Equipment>Protective Equipment,"Tech Gear 5.7 Inc, Safety Equipment, MWUG36010325, Heated Glove, Black",SAFETY EQUIPMENT HEATED GLOVE BK,"MWUG36010325 Safety Equipment, Heated Glove, Black","Safety Equipment, Heated Glove, Black","Safety Equipment, Heated Glove, Black",,,,,,,,,,,,,,,,,,,,,,,,,,,Safety Equipment,Equipment Type,Heated Glove,,Size,M,,Color,Black,,Lens Type,,,Additional Information,,,,,,,,,,,,,,,,,,,,,,,,,,,,,,,,,,,,,,,,,,,,,,,,,,,,,,,,,,,,,,,,,,,,,,,,,,,,,,,,,,,,,,,,,,,,,,,,,,,,,,,,,,,,,,,,,,,,,,,,,,,,,,,,,,,,,,,,,,,,,46181500,,,,,,,,,,,,,,,,,,,,,,,,,,,,,,,,,,,,,,,,,,,
,,,,,,,Safety,Personal Protective Equipment,PPE,,MWUG36010425,MWUG36010425 BLK LG Aerial Snow Heated Glove,-- Unbranded --,-- No Unilog Brand --,-- No DIB Brand --,Tech Gear 5.7 Inc (TECGE),Tech Gear 5.7 Inc,,,MWUG36010425,,Safety & Security>Personal Protective Equipment>Protective Equipment,"Tech Gear 5.7 Inc, Safety Equipment, MWUG36010425, Heated Glove, Black",SAFETY EQUIPMENT HEATED GLOVE L BK,"MWUG36010425 Safety Equipment, Heated Glove, L, Black","Safety Equipment, Heated Glove, L, Black","Safety Equipment, Heated Glove, L, Black",,,,,,,,,,,,,,,,,,,,,,,,,,,Safety Equipment,Equipment Type,Heated Glove,,Size,L,,Color,Black,,Lens Type,,,Additional Information,,,,,,,,,,,,,,,,,,,,,,,,,,,,,,,,,,,,,,,,,,,,,,,,,,,,,,,,,,,,,,,,,,,,,,,,,,,,,,,,,,,,,,,,,,,,,,,,,,,,,,,,,,,,,,,,,,,,,,,,,,,,,,,,,,,,,,,,,,,,,46181500,,,,,,,,,,,,,,,,,,,,,,,,,,,,,,,,,,,,,,,,,,,
,,,,,,,Safety,Personal Protective Equipment,PPE,,MWUG36010525,MWUG36010525 BLK XL Aerial Snow Heated Glove,-- Unbranded --,-- No Unilog Brand --,-- No DIB Brand --,Tech Gear 5.7 Inc (TECGE),Tech Gear 5.7 Inc,,,MWUG36010525,,Safety & Security>Personal Protective Equipment>Protective Equipment,"Tech Gear 5.7 Inc, Safety Equipment, MWUG36010525, Heated Glove, XL, Black",SAFETY EQUIPMENT HEATED GLOVE XL BK,"MWUG36010525 Safety Equipment, Heated Glove, XL, Black","Safety Equipment, Heated Glove, XL, Black","Safety Equipment, Heated Glove, XL, Black",,,,,,,,,,,,,,,,,,,,,,,,,,,Safety Equipment,Equipment Type,Heated Glove,,Size,XL,,Color,Black,,Lens Type,,,Additional Information,,,,,,,,,,,,,,,,,,,,,,,,,,,,,,,,,,,,,,,,,,,,,,,,,,,,,,,,,,,,,,,,,,,,,,,,,,,,,,,,,,,,,,,,,,,,,,,,,,,,,,,,,,,,,,,,,,,,,,,,,,,,,,,,,,,,,,,,,,,,,46181500,,,,,,,,,,,,,,,,,,,,,,,,,,,,,,,,,,,,,,,,,,,
,,,,,,,Safety,Personal Protective Equipment,PPE,,MWUG36010625,MWUG36010625 BLK 2X Aerial Snow Heated Glove,-- Unbranded --,-- No Unilog Brand --,-- No DIB Brand --,Tech Gear 5.7 Inc (TECGE),Tech Gear 5.7 Inc,,,MWUG36010625,,Safety & Security>Personal Protective Equipment>Protective Equipment,"Tech Gear 5.7 Inc, Safety Equipment, MWUG36010625, Heated Glove, 2XL, Black",SAFETY EQUIPMENT HEATED GLOVE 2XL BK,"MWUG36010625 Safety Equipment, Heated Glove, 2XL, Black","Safety Equipment, Heated Glove, 2XL, Black","Safety Equipment, Heated Glove, 2XL, Black",,,,,,,,,,,,,,,,,,,,,,,,,,,Safety Equipment,Equipment Type,Heated Glove,,Size,2XL,,Color,Black,,Lens Type,,,Additional Information,,,,,,,,,,,,,,,,,,,,,,,,,,,,,,,,,,,,,,,,,,,,,,,,,,,,,,,,,,,,,,,,,,,,,,,,,,,,,,,,,,,,,,,,,,,,,,,,,,,,,,,,,,,,,,,,,,,,,,,,,,,,,,,,,,,,,,,,,,,,,46181500,,,,,,,,,,,,,,,,,,,,,,,,,,,,,,,,,,,,,,,,,,,
,,,,,,,Safety,Personal Protective Equipment,PPE,,DPG15,DPG15 Dewalt AM/FM Hearing Protector,-- Unbranded --,-- No Unilog Brand --,-- No DIB Brand --,Radians (7363),Black & Decker/dewlt,DEWALT,,DPG15,,Safety & Security>Personal Protective Equipment>Protective Equipment,"Black & Decker/dewlt DEWALT, Safety Equipment, DPG15, Hearing Protector",SAFETY EQUIPMENT HRG PROT,"DEWALT DPG15 Safety Equipment, Hearing Protector","DEWALT Safety Equipment, Hearing Protector","Safety Equipment, Hearing Protector",,,,,,,,,,,,,,,,,,,,,,,,,,,Safety Equipment,Equipment Type,Hearing Protector,,Size,,,Color,,,Lens Type,,,Additional Information,,,,,,,,,,,,,,,,,,,,,,,,,,,,,,,,,,,,,,,,,,,,,,,,,,,,,,,,,,,,,,,,,,,,,,,,,,,,,,,,,,,,,,,,,,,,,,,,,,,,,,,,,,,,,,,,,,,,,,,,,,,,,,,,,,,,,,,,,,,,,46181500,,,,,,,,,,,,,,,,,,,,,,,,,,,,,,,,,,,,,,,,,,,
,,,,,,,Safety,Personal Protective Equipment,PPE,,F200B-21L,F200B-21L Milw M12 Womens - BLK Heated Hoodie Kit L,-- Unbranded --,-- No Unilog Brand --,-- No DIB Brand --,Milwaukee Accessory (4031),Milwaukee Accessory,Milwaukee,,F200B-21L,,Safety & Security>Personal Protective Equipment>Protective Equipment,"Milwaukee, Safety Equipment, F200B-21L, Heated Hoodie, Black",SAFETY EQUIPMENT HTD HOOD L BK,"Milwaukee F200B-21L Safety Equipment, Heated Hoodie, Black","Milwaukee Safety Equipment, Heated Hoodie, Black","Safety Equipment, Heated Hoodie, L, Black",,,,,,,,,,,,,,,,,,,,,,,,,,,Safety Equipment,Equipment Type,Heated Hoodie,,Size,L,,Color,Black,,Lens Type,,,Additional Information,,,,,,,,,,,,,,,,,,,,,,,,,,,,,,,,,,,,,,,,,,,,,,,,,,,,,,,,,,,,,,,,,,,,,,,,,,,,,,,,,,,,,,,,,,,,,,,,,,,,,,,,,,,,,,,,,,,,,,,,,,,,,,,,,,,,,,,,,,,,,46181500,,,,,,,,,,,,,,,,,,,,,,,,,,,,,,,,,,,,,,,,,,,
,,,,,,,Safety,Personal Protective Equipment,PPE,,F200B-21M,F200B-21M Milw M12 Womens - BLK Heated Hoodie Kit M,-- Unbranded --,-- No Unilog Brand --,-- No DIB Brand --,Milwaukee Accessory (4031),Milwaukee Accessory,Milwaukee,,F200B-21M,,Safety & Security>Personal Protective Equipment>Protective Equipment,"Milwaukee, Safety Equipment, F200B-21M, Heated Hoodie, Black",SAFETY EQUIPMENT HTD HOOD BK,"Milwaukee F200B-21M Safety Equipment, Heated Hoodie, Black","Milwaukee Safety Equipment, Heated Hoodie, Black","Safety Equipment, Heated Hoodie, Black",,,,,,,,,,,,,,,,,,,,,,,,,,,Safety Equipment,Equipment Type,Heated Hoodie,,Size,M,,Color,Black,,Lens Type,,,Additional Information,,,,,,,,,,,,,,,,,,,,,,,,,,,,,,,,,,,,,,,,,,,,,,,,,,,,,,,,,,,,,,,,,,,,,,,,,,,,,,,,,,,,,,,,,,,,,,,,,,,,,,,,,,,,,,,,,,,,,,,,,,,,,,,,,,,,,,,,,,,,,46181500,,,,,,,,,,,,,,,,,,,,,,,,,,,,,,,,,,,,,,,,,,,
,,,,,,,Safety,Personal Protective Equipment,PPE,,M200B-21L,M200B-21L Milw M12 BLK - Heated Hoodie Kit L,-- Unbranded --,-- No Unilog Brand --,-- No DIB Brand --,Milwaukee Accessory (4031),Milwaukee Accessory,Milwaukee,,M200B-21L,,Safety & Security>Personal Protective Equipment>Protective Equipment,"Milwaukee, Safety Equipment, M200B-21L, Heated Hoodie, Black",SAFETY EQUIPMENT HTD HOOD L BK,"Milwaukee M200B-21L Safety Equipment, Heated Hoodie, Black","Milwaukee Safety Equipment, Heated Hoodie, Black","Safety Equipment, Heated Hoodie, L, Black",,,,,,,,,,,,,,,,,,,,,,,,,,,Safety Equipment,Equipment Type,Heated Hoodie,,Size,L,,Color,Black,,Lens Type,,,Additional Information,,,,,,,,,,,,,,,,,,,,,,,,,,,,,,,,,,,,,,,,,,,,,,,,,,,,,,,,,,,,,,,,,,,,,,,,,,,,,,,,,,,,,,,,,,,,,,,,,,,,,,,,,,,,,,,,,,,,,,,,,,,,,,,,,,,,,,,,,,,,,46181500,,,,,,,,,,,,,,,,,,,,,,,,,,,,,,,,,,,,,,,,,,,
,,,,,,,Safety,Personal Protective Equipment,PPE,,M200B-21M,M200B-21M Milw M12 BLK - Heated Hoodie Kit M,-- Unbranded --,-- No Unilog Brand --,-- No DIB Brand --,Milwaukee Accessory (4031),Milwaukee Accessory,Milwaukee,,M200B-21M,,Safety & Security>Personal Protective Equipment>Protective Equipment,"Milwaukee, Safety Equipment, M200B-21M, Heated Hoodie, Black",SAFETY EQUIPMENT HTD HOOD BK,"Milwaukee M200B-21M Safety Equipment, Heated Hoodie, Black","Milwaukee Safety Equipment, Heated Hoodie, Black","Safety Equipment, Heated Hoodie, Black",,,,,,,,,,,,,,,,,,,,,,,,,,,Safety Equipment,Equipment Type,Heated Hoodie,,Size,M,,Color,Black,,Lens Type,,,Additional Information,,,,,,,,,,,,,,,,,,,,,,,,,,,,,,,,,,,,,,,,,,,,,,,,,,,,,,,,,,,,,,,,,,,,,,,,,,,,,,,,,,,,,,,,,,,,,,,,,,,,,,,,,,,,,,,,,,,,,,,,,,,,,,,,,,,,,,,,,,,,,46181500,,,,,,,,,,,,,,,,,,,,,,,,,,,,,,,,,,,,,,,,,,,
,,,,,,,Safety,Personal Protective Equipment,PPE,,M200B-21XL,M200B-21XL Milw M12 BLK - Heated Hoodie Kit XL,-- Unbranded --,-- No Unilog Brand --,-- No DIB Brand --,Milwaukee Accessory (4031),Milwaukee Accessory,Milwaukee,,M200B-21XL,,Safety & Security>Personal Protective Equipment>Protective Equipment,"Milwaukee, Safety Equipment, M200B-21XL, Heated Hoodie, Black",SAFETY EQUIPMENT HTD HOOD XL BK,"Milwaukee M200B-21XL Safety Equipment, Heated Hoodie, Black","Milwaukee Safety Equipment, Heated Hoodie, XL, Black","Safety Equipment, Heated Hoodie, XL, Black",,,,,,,,,,,,,,,,,,,,,,,,,,,Safety Equipment,Equipment Type,Heated Hoodie,,Size,XL,,Color,Black,,Lens Type,,,Additional Information,,,,,,,,,,,,,,,,,,,,,,,,,,,,,,,,,,,,,,,,,,,,,,,,,,,,,,,,,,,,,,,,,,,,,,,,,,,,,,,,,,,,,,,,,,,,,,,,,,,,,,,,,,,,,,,,,,,,,,,,,,,,,,,,,,,,,,,,,,,,,46181500,,,,,,,,,,,,,,,,,,,,,,,,,,,,,,,,,,,,,,,,,,,
,,,,,,,Safety,Personal Protective Equipment,PPE,,M200G-21L,M200G-21L Milw M12 Gray - Heated Hoodie Kit L,-- Unbranded --,-- No Unilog Brand --,-- No DIB Brand --,Milwaukee Accessory (4031),Milwaukee Accessory,Milwaukee,,M200G-21L,,Safety & Security>Personal Protective Equipment>Protective Equipment,"Milwaukee, Safety Equipment, M200G-21L, Heated Hoodie, Gray",SAFETY EQUIPMENT HTD HOOD L GRY,"Milwaukee M200G-21L Safety Equipment, Heated Hoodie, Gray","Milwaukee Safety Equipment, Heated Hoodie, Gray","Safety Equipment, Heated Hoodie, L, Gray",,,,,,,,,,,,,,,,,,,,,,,,,,,Safety Equipment,Equipment Type,Heated Hoodie,,Size,L,,Color,Gray,,Lens Type,,,Additional Information,,,,,,,,,,,,,,,,,,,,,,,,,,,,,,,,,,,,,,,,,,,,,,,,,,,,,,,,,,,,,,,,,,,,,,,,,,,,,,,,,,,,,,,,,,,,,,,,,,,,,,,,,,,,,,,,,,,,,,,,,,,,,,,,,,,,,,,,,,,,,46181500,,,,,,,,,,,,,,,,,,,,,,,,,,,,,,,,,,,,,,,,,,,
,,,,,,,Safety,Personal Protective Equipment,PPE,,M200G-21M,M200G-21M Milw M12 Gray - Heated Hoodie Kit M,-- Unbranded --,-- No Unilog Brand --,-- No DIB Brand --,Milwaukee Accessory (4031),Milwaukee Accessory,Milwaukee,,M200G-21M,,Safety & Security>Personal Protective Equipment>Protective Equipment,"Milwaukee, Safety Equipment, M200G-21M, Heated Hoodie, Gray",SAFETY EQUIPMENT HTD HOOD GRY,"Milwaukee M200G-21M Safety Equipment, Heated Hoodie, Gray","Milwaukee Safety Equipment, Heated Hoodie, Gray","Safety Equipment, Heated Hoodie, Gray",,,,,,,,,,,,,,,,,,,,,,,,,,,Safety Equipment,Equipment Type,Heated Hoodie,,Size,M,,Color,Gray,,Lens Type,,,Additional Information,,,,,,,,,,,,,,,,,,,,,,,,,,,,,,,,,,,,,,,,,,,,,,,,,,,,,,,,,,,,,,,,,,,,,,,,,,,,,,,,,,,,,,,,,,,,,,,,,,,,,,,,,,,,,,,,,,,,,,,,,,,,,,,,,,,,,,,,,,,,,46181500,,,,,,,,,,,,,,,,,,,,,,,,,,,,,,,,,,,,,,,,,,,
,,,,,,,Safety,Personal Protective Equipment,PPE,,M200G-21XL,M200G-21XL Milw M12 Gray - Heated Hoodie Kit XL,-- Unbranded --,-- No Unilog Brand --,-- No DIB Brand --,Milwaukee Accessory (4031),Milwaukee Accessory,Milwaukee,,M200G-21XL,,Safety & Security>Personal Protective Equipment>Protective Equipment,"Milwaukee, Safety Equipment, M200G-21XL, Heated Hoodie, Gray",SAFETY EQUIPMENT HTD HOOD XL GRY,"Milwaukee M200G-21XL Safety Equipment, Heated Hoodie, Gray","Milwaukee Safety Equipment, Heated Hoodie, XL, Gray","Safety Equipment, Heated Hoodie, XL, Gray",,,,,,,,,,,,,,,,,,,,,,,,,,,Safety Equipment,Equipment Type,Heated Hoodie,,Size,XL,,Color,Gray,,Lens Type,,,Additional Information,,,,,,,,,,,,,,,,,,,,,,,,,,,,,,,,,,,,,,,,,,,,,,,,,,,,,,,,,,,,,,,,,,,,,,,,,,,,,,,,,,,,,,,,,,,,,,,,,,,,,,,,,,,,,,,,,,,,,,,,,,,,,,,,,,,,,,,,,,,,,46181500,,,,,,,,,,,,,,,,,,,,,,,,,,,,,,,,,,,,,,,,,,,
,,,,,,,,,,,48-11-2330,48-11-2330 Milw Heated Gear Power Source,-- Unbranded --,-- No Unilog Brand --,-- No DIB Brand --,Milwaukee Accessory (4031),Milwaukee Accessory,Milwaukee,,48-11-2330,,,"Milwaukee, Product, 48-11-2330",PRODUCT,Milwaukee 48-11-2330 Product,Milwaukee Product,Product,,,,,,,,,,,,,,,,,,,,,,,,,,,Product,Product Type,,,Size,,,Material,,,Color,,,Additional Information,,,,,,,,,,,,,,,,,,,,,,,,,,,,,,,,,,,,,,,,,,,,,,,,,,,,,,,,,,,,,,,,,,,,,,,,,,,,,,,,,,,,,,,,,,,,,,,,,,,,,,,,,,,,,,,,,,,,,,,,,,,,,,,,,,,,,,,,,,,,,,,,,,,,,,,,,,,,,,,,,,,,,,,,,,,,,,,,,,,,,,,,
,,,,,,,Tools,Power Tools,Batteries & Chargers,,DCBP250C,DCBP520C Dewalt Starter Kit,-- Unbranded --,-- No Unilog Brand --,DEWALT,Black & Decker/dewlt (2585),Black & Decker/dewlt,DEWALT,,DCBP250C,,Tools & Hardware>Power Tools>Batteries & Chargers,"Black & Decker/dewlt DEWALT, Battery, DCBP250C, Starter Kit",BATTERY STRTR KIT,"DEWALT DCBP250C Battery, Starter Kit","DEWALT Battery, Starter Kit","Battery, Starter Kit",,,,,,,,,,,,,,,,,,,,,,,,,,,Battery,Product Type,Starter Kit,,Voltage Rating,,,Capacity,,,Quantity per Package,,,Additional Information,,,,,,,,,,,,,,,,,,,,,,,,,,,,,,,,,,,,,,,,,,,,,,,,,,,,,,,,,,,,,,,,,,,,,,,,,,,,,,,,,,,,,,,,,,,,,,,,,,,,,,,,,,,,,,,,,,,,,,,,,,,,,,,,,,,,,,,,,,,,,26111700,,,,,,,,,,,,,,,,,,,,,,,,,,,,,,,,,,,,,,,,,,,
,,,,,,,Tools,Hand Tools,Hand Tools,,5328,5328 Lg. Leather Phone Holster - Clip-on,-- Unbranded --,-- No Unilog Brand --,-- No DIB Brand --,-,,,,5328,,Tools & Hardware>Hand Tools>General Hand Tools,"Hand Tool, 5328",HAND TOOL,5328 Hand Tool,Hand Tool,Hand Tool,,,,,,,,,,,,,,,,,,,,,,,,,,,Hand Tool,Tool Type,,,Size,,,Drive Size,,,Quantity per Package,,,Material,,,Additional Information,,,,,,,,,,,,,,,,,,,,,,,,,,,,,,,,,,,,,,,,,,,,,,,,,,,,,,,,,,,,,,,,,,,,,,,,,,,,,,,,,,,,,,,,,,,,,,,,,,,,,,,,,,,,,,,,,,,,,,,,,,,,,,,,,,,,,,,,,,27111500,,,,,,,,,,,,,,,,,,,,,,,,,,,,,,,,,,,,,,,,,,,
,,,,,,,Tools,Hand Tools,Hand Tools,,3200-20,3200-20 Milw Voltage Detector,-- Unbranded --,-- No Unilog Brand --,-- No DIB Brand --,Milwaukee Accessory (4031),Milwaukee Accessory,Milwaukee,,3200-20,,Tools & Hardware>Hand Tools>General Hand Tools,"Milwaukee, Hand Tool, 3200-20",HAND TOOL,Milwaukee 3200-20 Hand Tool,Milwaukee Hand Tool,Hand Tool,,,,,,,,,,,,,,,,,,,,,,,,,,,Hand Tool,Tool Type,,,Size,,,Drive Size,,,Quantity per Package,,,Material,,,Additional Information,,,,,,,,,,,,,,,,,,,,,,,,,,,,,,,,,,,,,,,,,,,,,,,,,,,,,,,,,,,,,,,,,,,,,,,,,,,,,,,,,,,,,,,,,,,,,,,,,,,,,,,,,,,,,,,,,,,,,,,,,,,,,,,,,,,,,,,,,,27111500,,,,,,,,,,,,,,,,,,,,,,,,,,,,,,,,,,,,,,,,,,,
,,,,,,,Tools,Hand Tools,Hand Tools,,3202-20,3202-20 Milw Voltage Detector w/ LED,-- Unbranded --,-- No Unilog Brand --,-- No DIB Brand --,Milwaukee Accessory (4031),Milwaukee Accessory,Milwaukee,,3202-20,,Tools & Hardware>Hand Tools>General Hand Tools,"Milwaukee, Hand Tool, 3202-20",HAND TOOL,Milwaukee 3202-20 Hand Tool With LED,Milwaukee Hand Tool With LED,Hand Tool,,,,,,,,,,,,,,,,,,,,,,With LED,,,,,Hand Tool,Tool Type,,,Size,,,Drive Size,,,Quantity per Package,,,Material,,,Additional Information,,,,,,,,,,,,,,,,,,,,,,,,,,,,,,,,,,,,,,,,,,,,,,,,,,,,,,,,,,,,,,,,,,,,,,,,,,,,,,,,,,,,,,,,,,,,,,,,,,,,,,,,,,,,,,,,,,,,,,,,,,,,,,,,,,,,,,,,,,27111500,,,,,,,,,,,,,,,,,,,,,,,,,,,,,,,,,,,,,,,,,,,
,,,,,,,Tools,Hand Tools,Hand Tools,,3203-20,3203-20 Milw Dual Range Voltage Detector w/ LED,-- Unbranded --,-- No Unilog Brand --,-- No DIB Brand --,Milwaukee Accessory (4031),Milwaukee Accessory,Milwaukee,,3203-20,,Tools & Hardware>Hand Tools>General Hand Tools,"Milwaukee, Hand Tool, 3203-20",HAND TOOL,Milwaukee 3203-20 Hand Tool With LED,Milwaukee Hand Tool With LED,Hand Tool,,,,,,,,,,,,,,,,,,,,,,With LED,,,,,Hand Tool,Tool Type,,,Size,,,Drive Size,,,Quantity per Package,,,Material,,,Additional Information,,,,,,,,,,,,,,,,,,,,,,,,,,,,,,,,,,,,,,,,,,,,,,,,,,,,,,,,,,,,,,,,,,,,,,,,,,,,,,,,,,,,,,,,,,,,,,,,,,,,,,,,,,,,,,,,,,,,,,,,,,,,,,,,,,,,,,,,,,27111500,,,,,,,,,,,,,,,,,,,,,,,,,,,,,,,,,,,,,,,,,,,
,,,,,,,Tools,Hand Tools,Hand Tools,,BC-12300,"BC-12300 BigCal 12""/300mm",-- Unbranded --,-- No Unilog Brand --,-- No DIB Brand --,Woodpeckers Inc (WOODP),Woodpeckers Inc,Woodpeckers,,BC-12300,,Tools & Hardware>Hand Tools>General Hand Tools,"Woodpeckers, Hand Tool, BC-12300",HAND TOOL,Woodpeckers BC-12300 Hand Tool,"Woodpeckers Hand Tool, 12 in Drive Size",Hand Tool,,,,,,,,,,,,,,,,,,,,,,,,,,,Hand Tool,Tool Type,,,Size,,,Drive Size,12,in,Quantity per Package,,,Material,,,Additional Information,,,,,,,,,,,,,,,,,,,,,,,,,,,,,,,,,,,,,,,,,,,,,,,,,,,,,,,,,,,,,,,,,,,,,,,,,,,,,,,,,,,,,,,,,,,,,,,,,,,,,,,,,,,,,,,,,,,,,,,,,,,,,,,,,,,,,,,,,,27111500,,,,,,,,,,,,,,,,,,,,,,,,,,,,,,,,,,,,,,,,,,,
,,,,,,,Tools,Hand Tools,Hand Tools,,BC-24600,"BC-24600 BigCal 24""/600mm",-- Unbranded --,-- No Unilog Brand --,-- No DIB Brand --,Woodpeckers Inc (WOODP),Woodpeckers Inc,Woodpeckers,,BC-24600,,Tools & Hardware>Hand Tools>General Hand Tools,"Woodpeckers, Hand Tool, BC-24600",HAND TOOL,Woodpeckers BC-24600 Hand Tool,"Woodpeckers Hand Tool, 24 in Drive Size",Hand Tool,,,,,,,,,,,,,,,,,,,,,,,,,,,Hand Tool,Tool Type,,,Size,,,Drive Size,24,in,Quantity per Package,,,Material,,,Additional Information,,,,,,,,,,,,,,,,,,,,,,,,,,,,,,,,,,,,,,,,,,,,,,,,,,,,,,,,,,,,,,,,,,,,,,,,,,,,,,,,,,,,,,,,,,,,,,,,,,,,,,,,,,,,,,,,,,,,,,,,,,,,,,,,,,,,,,,,,,27111500,,,,,,,,,,,,,,,,,,,,,,,,,,,,,,,,,,,,,,,,,,,
,,,,,,,Tools,Hand Tools,Hand Tools,,DW08302CG,DW08302CG Dewalt Laser - Green 3 Spot,-- Unbranded --,-- No Unilog Brand --,DEWALT,Black & Decker/dewlt (2585),Black & Decker/dewlt,DEWALT,,DW08302CG,,Tools & Hardware>Hand Tools>General Hand Tools,"Black & Decker/dewlt DEWALT, Hand Tool, DW08302CG",HAND TOOL,DEWALT DW08302CG Hand Tool,DEWALT Hand Tool,Hand Tool,,,,,,,,,,,,,,,,,,,,,,,,,,,Hand Tool,Tool Type,,,Size,,,Drive Size,,,Quantity per Package,,,Material,,,Additional Information,,,,,,,,,,,,,,,,,,,,,,,,,,,,,,,,,,,,,,,,,,,,,,,,,,,,,,,,,,,,,,,,,,,,,,,,,,,,,,,,,,,,,,,,,,,,,,,,,,,,,,,,,,,,,,,,,,,,,,,,,,,,,,,,,,,,,,,,,,27111500,,,,,,,,,,,,,,,,,,,,,,,,,,,,,,,,,,,,,,,,,,,
,,,,,,,Tools,Hand Tools,Hand Tools,,GCL165-42GL,GCL165--42GL Cross Line Laser,-- Unbranded --,-- No Unilog Brand --,-- No DIB Brand --,Robt Bosch Tool Corp (6564),Robt Bosch Tool Corp,,,GCL165-42GL,,Tools & Hardware>Hand Tools>General Hand Tools,"Robt Bosch Tool Corp, Hand Tool, GCL165-42GL",HAND TOOL,GCL165-42GL Hand Tool,Hand Tool,Hand Tool,,,,,,,,,,,,,,,,,,,,,,,,,,,Hand Tool,Tool Type,,,Size,,,Drive Size,,,Quantity per Package,,,Material,,,Additional Information,,,,,,,,,,,,,,,,,,,,,,,,,,,,,,,,,,,,,,,,,,,,,,,,,,,,,,,,,,,,,,,,,,,,,,,,,,,,,,,,,,,,,,,,,,,,,,,,,,,,,,,,,,,,,,,,,,,,,,,,,,,,,,,,,,,,,,,,,,27111500,,,,,,,,,,,,,,,,,,,,,,,,,,,,,,,,,,,,,,,,,,,
,,,,,,,Tools,Hand Tools,Hand Tools,,DW08802CG,DW08802CG Dewalt Laser Green - Self-Level Cross Line,-- Unbranded --,-- No Unilog Brand --,DEWALT,Black & Decker/dewlt (2585),Black & Decker/dewlt,DEWALT,,DW08802CG,,Tools & Hardware>Hand Tools>General Hand Tools,"Black & Decker/dewlt DEWALT, Hand Tool, DW08802CG",HAND TOOL,DEWALT DW08802CG Hand Tool,DEWALT Hand Tool,Hand Tool,,,,,,,,,,,,,,,,,,,,,,,,,,,Hand Tool,Tool Type,,,Size,,,Drive Size,,,Quantity per Package,,,Material,,,Additional Information,,,,,,,,,,,,,,,,,,,,,,,,,,,,,,,,,,,,,,,,,,,,,,,,,,,,,,,,,,,,,,,,,,,,,,,,,,,,,,,,,,,,,,,,,,,,,,,,,,,,,,,,,,,,,,,,,,,,,,,,,,,,,,,,,,,,,,,,,,27111500,,,,,,,,,,,,,,,,,,,,,,,,,,,,,,,,,,,,,,,,,,,
,,,,,,,Tools,Hand Tools,Hand Tools,,DW088CG,DW088CG Dewalt Laser - Green Cross Line,-- Unbranded --,-- No Unilog Brand --,DEWALT,Black & Decker/dewlt (2585),Black & Decker/dewlt,DEWALT,,DW088CG,,Tools & Hardware>Hand Tools>General Hand Tools,"Black & Decker/dewlt DEWALT, Hand Tool, DW088CG",HAND TOOL,DEWALT DW088CG Hand Tool,DEWALT Hand Tool,Hand Tool,,,,,,,,,,,,,,,,,,,,,,,,,,,Hand Tool,Tool Type,,,Size,,,Drive Size,,,Quantity per Package,,,Material,,,Additional Information,,,,,,,,,,,,,,,,,,,,,,,,,,,,,,,,,,,,,,,,,,,,,,,,,,,,,,,,,,,,,,,,,,,,,,,,,,,,,,,,,,,,,,,,,,,,,,,,,,,,,,,,,,,,,,,,,,,,,,,,,,,,,,,,,,,,,,,,,,27111500,,,,,,,,,,,,,,,,,,,,,,,,,,,,,,,,,,,,,,,,,,,
,,,,,,,Appliances,Large Appliances,Ranges,,DW089CG,DW089CG Dewalt Laser Level - 3 Line 30ft Range,-- Unbranded --,-- No Unilog Brand --,DEWALT,Black & Decker/dewlt (2585),Black & Decker/dewlt,DEWALT,,DW089CG,,Appliances & Consumer Electronics>Kitchen Appliances>Ranges,"Black & Decker/dewlt DEWALT, Range, DW089CG",RANGE,DEWALT DW089CG Range,DEWALT Range,Range,,,,,,,,,,,,,,,,,,,,,,,,,,,Range,Series,,,Fuel Type,,,Size,,,Number of Burners,,,Voltage Rating,,,Color,,,Additional Information,,,,,,,,,,,,,,,,,,,,,,,,,,,,,,,,,,,,,,,,,,,,,,,,,,,,,,,,,,,,,,,,,,,,,,,,,,,,,,,,,,,,,,,,,,,,,,,,,,,,,,,,,,,,,,,,,,,,,,,,,,,,,,,,,,,,,,,52141504,,,,,,,,,,,,,,,,,,,,,,,,,,,,,,,,,,,,,,,,,,,
,,,,,,,Tools,Hand Tools,Hand Tools,,DCLE34520GB,DCLE34520GB Dewalt Laser 20V - Cross Line 5 Spot (Bare),-- Unbranded --,-- No Unilog Brand --,DEWALT,Black & Decker/dewlt (2585),Black & Decker/dewlt,DEWALT,,DCLE34520GB,,Tools & Hardware>Hand Tools>General Hand Tools,"Black & Decker/dewlt DEWALT, Hand Tool, DCLE34520GB",HAND TOOL,DEWALT DCLE34520GB Hand Tool,DEWALT Hand Tool,Hand Tool,,,,,,,,,,,,,,,,,,,,,,,,,,,Hand Tool,Tool Type,,,Size,,,Drive Size,,,Quantity per Package,,,Material,,,Additional Information,,,,,,,,,,,,,,,,,,,,,,,,,,,,,,,,,,,,,,,,,,,,,,,,,,,,,,,,,,,,,,,,,,,,,,,,,,,,,,,,,,,,,,,,,,,,,,,,,,,,,,,,,,,,,,,,,,,,,,,,,,,,,,,,,,,,,,,,,,27111500,,,,,,,,,,,,,,,,,,,,,,,,,,,,,,,,,,,,,,,,,,,
,,,,,,,Tools,Hand Tools,Hand Tools,,DCLE34031B,DCLE34031B Dewalt Line Laser - 20V Self-Leveling (Bare),-- Unbranded --,-- No Unilog Brand --,DEWALT,Black & Decker/dewlt (2585),Black & Decker/dewlt,DEWALT,,DCLE34031B,,Tools & Hardware>Hand Tools>General Hand Tools,"Black & Decker/dewlt DEWALT, Hand Tool, DCLE34031B",HAND TOOL,DEWALT DCLE34031B Hand Tool,DEWALT Hand Tool,Hand Tool,,,,,,,,,,,,,,,,,,,,,,,,,,,Hand Tool,Tool Type,,,Size,,,Drive Size,,,Quantity per Package,,,Material,,,Additional Information,,,,,,,,,,,,,,,,,,,,,,,,,,,,,,,,,,,,,,,,,,,,,,,,,,,,,,,,,,,,,,,,,,,,,,,,,,,,,,,,,,,,,,,,,,,,,,,,,,,,,,,,,,,,,,,,,,,,,,,,,,,,,,,,,,,,,,,,,,27111500,,,,,,,,,,,,,,,,,,,,,,,,,,,,,,,,,,,,,,,,,,,
,,,,,,,Tools,Hand Tools,Hand Tools,,DW0822CG,DW0822CG Dewalt Cross Line - Plumb Spots Laser-Green,-- Unbranded --,-- No Unilog Brand --,DEWALT,Black & Decker/dewlt (2585),Black & Decker/dewlt,DEWALT,,DW0822CG,,Tools & Hardware>Hand Tools>General Hand Tools,"Black & Decker/dewlt DEWALT, Hand Tool, DW0822CG",HAND TOOL,DEWALT DW0822CG Hand Tool,DEWALT Hand Tool,Hand Tool,,,,,,,,,,,,,,,,,,,,,,,,,,,Hand Tool,Tool Type,,,Size,,,Drive Size,,,Quantity per Package,,,Material,,,Additional Information,,,,,,,,,,,,,,,,,,,,,,,,,,,,,,,,,,,,,,,,,,,,,,,,,,,,,,,,,,,,,,,,,,,,,,,,,,,,,,,,,,,,,,,,,,,,,,,,,,,,,,,,,,,,,,,,,,,,,,,,,,,,,,,,,,,,,,,,,,27111500,,,,,,,,,,,,,,,,,,,,,,,,,,,,,,,,,,,,,,,,,,,
,,,,,,,Tools,Hand Tools,Hand Tools,,25459,25459 Mason Line Brd Orange - 500',-- Unbranded --,-- No Unilog Brand --,-- No DIB Brand --,U S Tape Company (6694),U S Tape Company,,,25459,,Tools & Hardware>Hand Tools>General Hand Tools,"U S Tape Company, Hand Tool, 25459",HAND TOOL,25459 Hand Tool,Hand Tool,Hand Tool,,,,,,,,,,,,,,,,,,,,,,,,,,,Hand Tool,Tool Type,,,Size,,,Drive Size,,,Quantity per Package,,,Material,,,Additional Information,,,,,,,,,,,,,,,,,,,,,,,,,,,,,,,,,,,,,,,,,,,,,,,,,,,,,,,,,,,,,,,,,,,,,,,,,,,,,,,,,,,,,,,,,,,,,,,,,,,,,,,,,,,,,,,,,,,,,,,,,,,,,,,,,,,,,,,,,,27111500,,,,,,,,,,,,,,,,,,,,,,,,,,,,,,,,,,,,,,,,,,,
,,,,,,,Tools,Hand Tools,Hand Tools,,35459,35459 Mason Line Brd Orange - 500' Replacement,-- Unbranded --,-- No Unilog Brand --,-- No DIB Brand --,U S Tape Company (6694),U S Tape Company,,,35459,,Tools & Hardware>Hand Tools>General Hand Tools,"U S Tape Company, Hand Tool, 35459",HAND TOOL,35459 Hand Tool,Hand Tool,Hand Tool,,,,,,,,,,,,,,,,,,,,,,,,,,,Hand Tool,Tool Type,,,Size,,,Drive Size,,,Quantity per Package,,,Material,,,Additional Information,,,,,,,,,,,,,,,,,,,,,,,,,,,,,,,,,,,,,,,,,,,,,,,,,,,,,,,,,,,,,,,,,,,,,,,,,,,,,,,,,,,,,,,,,,,,,,,,,,,,,,,,,,,,,,,,,,,,,,,,,,,,,,,,,,,,,,,,,,27111500,,,,,,,,,,,,,,,,,,,,,,,,,,,,,,,,,,,,,,,,,,,
,,,,,,,Tools,Hand Tools,Hand Tools,,25759,25759 Mason Line Brd Orange - 1000',-- Unbranded --,-- No Unilog Brand --,-- No DIB Brand --,U S Tape Company (6694),U S Tape Company,,,25759,,Tools & Hardware>Hand Tools>General Hand Tools,"U S Tape Company, Hand Tool, 25759",HAND TOOL,25759 Hand Tool,Hand Tool,Hand Tool,,,,,,,,,,,,,,,,,,,,,,,,,,,Hand Tool,Tool Type,,,Size,,,Drive Size,,,Quantity per Package,,,Material,,,Additional Information,,,,,,,,,,,,,,,,,,,,,,,,,,,,,,,,,,,,,,,,,,,,,,,,,,,,,,,,,,,,,,,,,,,,,,,,,,,,,,,,,,,,,,,,,,,,,,,,,,,,,,,,,,,,,,,,,,,,,,,,,,,,,,,,,,,,,,,,,,27111500,,,,,,,,,,,,,,,,,,,,,,,,,,,,,,,,,,,,,,,,,,,
,,,,,,,Tools,Hand Tools,Hand Tools,,35112,35112 Mason Line Twist Yellow - 270',-- Unbranded --,-- No Unilog Brand --,-- No DIB Brand --,U S Tape Company (6694),U S Tape Company,,,35112,,Tools & Hardware>Hand Tools>General Hand Tools,"U S Tape Company, Hand Tool, 35112",HAND TOOL,35112 Hand Tool,Hand Tool,Hand Tool,,,,,,,,,,,,,,,,,,,,,,,,,,,Hand Tool,Tool Type,,,Size,,,Drive Size,,,Quantity per Package,,,Material,,,Additional Information,,,,,,,,,,,,,,,,,,,,,,,,,,,,,,,,,,,,,,,,,,,,,,,,,,,,,,,,,,,,,,,,,,,,,,,,,,,,,,,,,,,,,,,,,,,,,,,,,,,,,,,,,,,,,,,,,,,,,,,,,,,,,,,,,,,,,,,,,,27111500,,,,,,,,,,,,,,,,,,,,,,,,,,,,,,,,,,,,,,,,,,,
,,,,,,,Tools,Hand Tools,Hand Tools,,35115,35115 Mason Line Twist Green - 270',-- Unbranded --,-- No Unilog Brand --,-- No DIB Brand --,U S Tape Company (6694),U S Tape Company,,,35115,,Tools & Hardware>Hand Tools>General Hand Tools,"U S Tape Company, Hand Tool, 35115",HAND TOOL,35115 Hand Tool,Hand Tool,Hand Tool,,,,,,,,,,,,,,,,,,,,,,,,,,,Hand Tool,Tool Type,,,Size,,,Drive Size,,,Quantity per Package,,,Material,,,Additional Information,,,,,,,,,,,,,,,,,,,,,,,,,,,,,,,,,,,,,,,,,,,,,,,,,,,,,,,,,,,,,,,,,,,,,,,,,,,,,,,,,,,,,,,,,,,,,,,,,,,,,,,,,,,,,,,,,,,,,,,,,,,,,,,,,,,,,,,,,,27111500,,,,,,,,,,,,,,,,,,,,,,,,,,,,,,,,,,,,,,,,,,,
,,,,,,,Tools,Hand Tools,Hand Tools,,25168,25168 Mason Line Brd Green - 250',CENTURY COMPONENTS,-- No Unilog Brand --,-- No DIB Brand --,U S Tape Company (6694),U S Tape Company,CENTURY COMPONENTS,,25168,,Tools & Hardware>Hand Tools>General Hand Tools,"U S Tape Company CENTURY COMPONENTS, Hand Tool, 25168",HAND TOOL,CENTURY COMPONENTS 25168 Hand Tool,CENTURY COMPONENTS Hand Tool,Hand Tool,,,,,,,,,,,,,,,,,,,,,,,,,,,Hand Tool,Tool Type,,,Size,,,Drive Size,,,Quantity per Package,,,Material,,,Additional Information,,,,,,,,,,,,,,,,,,,,,,,,,,,,,,,,,,,,,,,,,,,,,,,,,,,,,,,,,,,,,,,,,,,,,,,,,,,,,,,,,,,,,,,,,,,,,,,,,,,,,,,,,,,,,,,,,,,,,,,,,,,,,,,,,,,,,,,,,,27111500,,,,,,,,,,,,,,,,,,,,,,,,,,,,,,,,,,,,,,,,,,,
,,,,,,,Tools,Hand Tools,Hand Tools,,35468,35468 Mason Line Brd Green - 500' Replacement,-- Unbranded --,-- No Unilog Brand --,-- No DIB Brand --,U S Tape Company (6694),U S Tape Company,,,35468,,Tools & Hardware>Hand Tools>General Hand Tools,"U S Tape Company, Hand Tool, 35468",HAND TOOL,35468 Hand Tool,Hand Tool,Hand Tool,,,,,,,,,,,,,,,,,,,,,,,,,,,Hand Tool,Tool Type,,,Size,,,Drive Size,,,Quantity per Package,,,Material,,,Additional Information,,,,,,,,,,,,,,,,,,,,,,,,,,,,,,,,,,,,,,,,,,,,,,,,,,,,,,,,,,,,,,,,,,,,,,,,,,,,,,,,,,,,,,,,,,,,,,,,,,,,,,,,,,,,,,,,,,,,,,,,,,,,,,,,,,,,,,,,,,27111500,,,,,,,,,,,,,,,,,,,,,,,,,,,,,,,,,,,,,,,,,,,
,,,,,,,Tools,Hand Tools,Hand Tools,,35494,35494 Mason Line Brd Blk/Yellw - 500' Replacement,-- Unbranded --,-- No Unilog Brand --,-- No DIB Brand --,U S Tape Company (6694),U S Tape Company,,,35494,,Tools & Hardware>Hand Tools>General Hand Tools,"U S Tape Company, Hand Tool, 35494",HAND TOOL,35494 Hand Tool,Hand Tool,Hand Tool,,,,,,,,,,,,,,,,,,,,,,,,,,,Hand Tool,Tool Type,,,Size,,,Drive Size,,,Quantity per Package,,,Material,,,Additional Information,,,,,,,,,,,,,,,,,,,,,,,,,,,,,,,,,,,,,,,,,,,,,,,,,,,,,,,,,,,,,,,,,,,,,,,,,,,,,,,,,,,,,,,,,,,,,,,,,,,,,,,,,,,,,,,,,,,,,,,,,,,,,,,,,,,,,,,,,,27111500,,,,,,,,,,,,,,,,,,,,,,,,,,,,,,,,,,,,,,,,,,,
,,,,,,,Tools,Hand Tools,Hand Tools,,MLSQ0120,"MLSQ0120 Milw 12"" RafterSquare",-- Unbranded --,-- No Unilog Brand --,-- No DIB Brand --,Milwaukee Accessory (4031),Milwaukee Accessory,Milwaukee,,MLSQ0120,,Tools & Hardware>Hand Tools>General Hand Tools,"Milwaukee, Hand Tool, MLSQ0120",HAND TOOL,Milwaukee MLSQ0120 Hand Tool,"Milwaukee Hand Tool, 12 in Drive Size",Hand Tool,,,,,,,,,,,,,,,,,,,,,,,,,,,Hand Tool,Tool Type,,,Size,,,Drive Size,12,in,Quantity per Package,,,Material,,,Additional Information,,,,,,,,,,,,,,,,,,,,,,,,,,,,,,,,,,,,,,,,,,,,,,,,,,,,,,,,,,,,,,,,,,,,,,,,,,,,,,,,,,,,,,,,,,,,,,,,,,,,,,,,,,,,,,,,,,,,,,,,,,,,,,,,,,,,,,,,,,27111500,,,,,,,,,,,,,,,,,,,,,,,,,,,,,,,,,,,,,,,,,,,
,,,,,,,Tools,Hand Tools,Hand Tools,,MLSQ1120,MLSQ1120 Milw 300mm Rafter - Square (Metric),-- Unbranded --,-- No Unilog Brand --,-- No DIB Brand --,Milwaukee Accessory (4031),Milwaukee Accessory,Milwaukee,,MLSQ1120,,Tools & Hardware>Hand Tools>General Hand Tools,"Milwaukee, Hand Tool, MLSQ1120",HAND TOOL,Milwaukee MLSQ1120 Hand Tool,Milwaukee Hand Tool,Hand Tool,,,,,,,,,,,,,,,,,,,,,,,,,,,Hand Tool,Tool Type,,,Size,,,Drive Size,,,Quantity per Package,,,Material,,,Additional Information,,,,,,,,,,,,,,,,,,,,,,,,,,,,,,,,,,,,,,,,,,,,,,,,,,,,,,,,,,,,,,,,,,,,,,,,,,,,,,,,,,,,,,,,,,,,,,,,,,,,,,,,,,,,,,,,,,,,,,,,,,,,,,,,,,,,,,,,,,27111500,,,,,,,,,,,,,,,,,,,,,,,,,,,,,,,,,,,,,,,,,,,
,,,,,,,Tools,Power Tool Accessories,Driver Bits,,55227,"55227 Amana Countersink/Stop 1/8"" Drill TB",-- Unbranded --,-- No Unilog Brand --,-- No DIB Brand --,Amana Tool Corp (AMATO),Amana Tool Corp,Amana,,55227,,Tools & Hardware>Power Tool Accessories>Driver & Drill Bits,"Amana, Driver Bit, 55227, 1/8 in Length",DRVR BIT 1/8IN,"Amana 55227 Driver Bit, 1/8 in Length","Amana Driver Bit, Countersink, 1/8 in Length","Driver Bit, 1/8 in Length",,,,,,,,,,,,,,,,,,,,,,,,,,,Driver Bit,Bit Type,Countersink,,Drive Type,,,Drive Size,,,Length,1/8,in,Quantity per Package,,,Additional Information,,,,,,,,,,,,,,,,,,,,,,,,,,,,,,,,,,,,,,,,,,,,,,,,,,,,,,,,,,,,,,,,,,,,,,,,,,,,,,,,,,,,,,,,,,,,,,,,,,,,,,,,,,,,,,,,,,,,,,,,,,,,,,,,,,,,,,,,,,27112800,,,,,,,,,,,,,,,,,,,,,,,,,,,,,,,,,,,,,,,,,,,
,,,,,,,Tools,Power Tool Accessories,Driver Bits,,37300952,"095842 Fisch Plug Cutter 3/8""",-- Unbranded --,-- No Unilog Brand --,-- No DIB Brand --,-,,,,37300952,,Tools & Hardware>Power Tool Accessories>Driver & Drill Bits,"Driver Bit, 37300952, 3/8 in Length",DRVR BIT 3/8IN,"37300952 Driver Bit, 3/8 in Length","Driver Bit, Plug Cutter, 3/8 in Length","Driver Bit, 3/8 in Length",,,,,,,,,,,,,,,,,,,,,,,,,,,Driver Bit,Bit Type,Plug Cutter,,Drive Type,,,Drive Size,,,Length,3/8,in,Quantity per Package,,,Additional Information,,,,,,,,,,,,,,,,,,,,,,,,,,,,,,,,,,,,,,,,,,,,,,,,,,,,,,,,,,,,,,,,,,,,,,,,,,,,,,,,,,,,,,,,,,,,,,,,,,,,,,,,,,,,,,,,,,,,,,,,,,,,,,,,,,,,,,,,,,27112800,,,,,,,,,,,,,,,,,,,,,,,,,,,,,,,,,,,,,,,,,,,
,,,,,,,Tools,Power Tool Accessories,Driver Bits,,6008,6008 Whiteside Router Bit,-- Unbranded --,-- No Unilog Brand --,-- No DIB Brand --,Whiteside Machine & Repair Co (WHIMA),Whiteside Machine & Repair Co,Whiteside,,6008,,Tools & Hardware>Power Tool Accessories>Driver & Drill Bits,"Whiteside, Driver Bit, 6008",DRVR BIT,Whiteside 6008 Driver Bit,"Whiteside Driver Bit, Router Bit",Driver Bit,,,,,,,,,,,,,,,,,,,,,,,,,,,Driver Bit,Bit Type,Router Bit,,Drive Type,,,Drive Size,,,Length,,,Quantity per Package,,,Additional Information,,,,,,,,,,,,,,,,,,,,,,,,,,,,,,,,,,,,,,,,,,,,,,,,,,,,,,,,,,,,,,,,,,,,,,,,,,,,,,,,,,,,,,,,,,,,,,,,,,,,,,,,,,,,,,,,,,,,,,,,,,,,,,,,,,,,,,,,,,27112800,,,,,,,,,,,,,,,,,,,,,,,,,,,,,,,,,,,,,,,,,,,
,,,,,,,Tools,Power Tool Accessories,Driver Bits,,6009,6009 Whiteside Router Bit,-- Unbranded --,-- No Unilog Brand --,-- No DIB Brand --,Whiteside Machine & Repair Co (WHIMA),Whiteside Machine & Repair Co,Whiteside,,6009,,Tools & Hardware>Power Tool Accessories>Driver & Drill Bits,"Whiteside, Driver Bit, 6009",DRVR BIT,Whiteside 6009 Driver Bit,"Whiteside Driver Bit, Router Bit",Driver Bit,,,,,,,,,,,,,,,,,,,,,,,,,,,Driver Bit,Bit Type,Router Bit,,Drive Type,,,Drive Size,,,Length,,,Quantity per Package,,,Additional Information,,,,,,,,,,,,,,,,,,,,,,,,,,,,,,,,,,,,,,,,,,,,,,,,,,,,,,,,,,,,,,,,,,,,,,,,,,,,,,,,,,,,,,,,,,,,,,,,,,,,,,,,,,,,,,,,,,,,,,,,,,,,,,,,,,,,,,,,,,27112800,,,,,,,,,,,,,,,,,,,,,,,,,,,,,,,,,,,,,,,,,,,
,,,,,,,Tools,Power Tool Accessories,Driver Bits,,3000A,3000A Whiteside Router Bit,-- Unbranded --,-- No Unilog Brand --,-- No DIB Brand --,Whiteside Machine & Repair Co (WHIMA),Whiteside Machine & Repair Co,Whiteside,,3000A,,Tools & Hardware>Power Tool Accessories>Driver & Drill Bits,"Whiteside, Driver Bit, 3000A",DRVR BIT,Whiteside 3000A Driver Bit,"Whiteside Driver Bit, Router Bit",Driver Bit,,,,,,,,,,,,,,,,,,,,,,,,,,,Driver Bit,Bit Type,Router Bit,,Drive Type,,,Drive Size,,,Length,,,Quantity per Package,,,Additional Information,,,,,,,,,,,,,,,,,,,,,,,,,,,,,,,,,,,,,,,,,,,,,,,,,,,,,,,,,,,,,,,,,,,,,,,,,,,,,,,,,,,,,,,,,,,,,,,,,,,,,,,,,,,,,,,,,,,,,,,,,,,,,,,,,,,,,,,,,,27112800,,,,,,,,,,,,,,,,,,,,,,,,,,,,,,,,,,,,,,,,,,,
,,,,,,,,,,,MID6630201US,MID6630201US Deos663XCV Sander,-- Unbranded --,-- No Unilog Brand --,-- No DIB Brand --,Mirka Abrasives Inc (MIRUS),Mirka Abrasives Inc,,,MID6630201US,,,"Mirka Abrasives Inc, Product, MID6630201US",PRODUCT,MID6630201US Product,Product,Product,,,,,,,,,,,,,,,,,,,,,,,,,,,Product,Product Type,,,Size,,,Material,,,Color,,,Additional Information,,,,,,,,,,,,,,,,,,,,,,,,,,,,,,,,,,,,,,,,,,,,,,,,,,,,,,,,,,,,,,,,,,,,,,,,,,,,,,,,,,,,,,,,,,,,,,,,,,,,,,,,,,,,,,,,,,,,,,,,,,,,,,,,,,,,,,,,,,,,,,,,,,,,,,,,,,,,,,,,,,,,,,,,,,,,,,,,,,,,,,,,
,,,,,,,Tools,Power Tools,Cordless Tools,,DCF6202,DCF6202 Dewalt Collated Attach,-- Unbranded --,-- No Unilog Brand --,DEWALT,Black & Decker/dewlt (2585),Black & Decker/dewlt,DEWALT,,DCF6202,,Tools & Hardware>Power Tools>Cordless Power Tools,"Black & Decker/dewlt DEWALT, Cordless Tool, DCF6202",CORDLESS TOOL,DEWALT DCF6202 Cordless Tool,DEWALT Cordless Tool,Cordless Tool,,,,,,,,,,,,,,,,,,,,,,,,,,,Cordless Tool,Tool Type,,,Voltage Rating,,,Drive Size,,,Battery Platform,,,Included Items,,,Additional Information,,,,,,,,,,,,,,,,,,,,,,,,,,,,,,,,,,,,,,,,,,,,,,,,,,,,,,,,,,,,,,,,,,,,,,,,,,,,,,,,,,,,,,,,,,,,,,,,,,,,,,,,,,,,,,,,,,,,,,,,,,,,,,,,,,,,,,,,,,27112100,,,,,,,,,,,,,,,,,,,,,,,,,,,,,,,,,,,,,,,,,,,
,,,,,,,Tools,Hand Tools,Hand Tools,,25468,25468 Mason Line Brd Green - 500',-- Unbranded --,-- No Unilog Brand --,-- No DIB Brand --,U S Tape Company (6694),U S Tape Company,,,25468,,Tools & Hardware>Hand Tools>General Hand Tools,"U S Tape Company, Hand Tool, 25468",HAND TOOL,25468 Hand Tool,Hand Tool,Hand Tool,,,,,,,,,,,,,,,,,,,,,,,,,,,Hand Tool,Tool Type,,,Size,,,Drive Size,,,Quantity per Package,,,Material,,,Additional Information,,,,,,,,,,,,,,,,,,,,,,,,,,,,,,,,,,,,,,,,,,,,,,,,,,,,,,,,,,,,,,,,,,,,,,,,,,,,,,,,,,,,,,,,,,,,,,,,,,,,,,,,,,,,,,,,,,,,,,,,,,,,,,,,,,,,,,,,,,27111500,,,,,,,,,,,,,,,,,,,,,,,,,,,,,,,,,,,,,,,,,,,
,,,,,,,Tools,Hand Tools,Hand Tools,,25762,25762 Mason Line Brd Pink - 1000',-- Unbranded --,-- No Unilog Brand --,-- No DIB Brand --,U S Tape Company (6694),U S Tape Company,,,25762,,Tools & Hardware>Hand Tools>General Hand Tools,"U S Tape Company, Hand Tool, 25762",HAND TOOL,25762 Hand Tool,Hand Tool,Hand Tool,,,,,,,,,,,,,,,,,,,,,,,,,,,Hand Tool,Tool Type,,,Size,,,Drive Size,,,Quantity per Package,,,Material,,,Additional Information,,,,,,,,,,,,,,,,,,,,,,,,,,,,,,,,,,,,,,,,,,,,,,,,,,,,,,,,,,,,,,,,,,,,,,,,,,,,,,,,,,,,,,,,,,,,,,,,,,,,,,,,,,,,,,,,,,,,,,,,,,,,,,,,,,,,,,,,,,27111500,,,,,,,,,,,,,,,,,,,,,,,,,,,,,,,,,,,,,,,,,,,
,,,,,,,Tools,Hand Tools,Hand Tools,,21839NN,"21839NN File Bstd Mill 10""",-- Unbranded --,-- No Unilog Brand --,Nicholson,-,,Nicholson,,21839NN,,Tools & Hardware>Hand Tools>General Hand Tools,"Nicholson, Hand Tool, 21839NN",HAND TOOL,Nicholson 21839NN Hand Tool,"Nicholson Hand Tool, 10 in Drive Size",Hand Tool,,,,,,,,,,,,,,,,,,,,,,,,,,,Hand Tool,Tool Type,,,Size,,,Drive Size,10,in,Quantity per Package,,,Material,,,Additional Information,,,,,,,,,,,,,,,,,,,,,,,,,,,,,,,,,,,,,,,,,,,,,,,,,,,,,,,,,,,,,,,,,,,,,,,,,,,,,,,,,,,,,,,,,,,,,,,,,,,,,,,,,,,,,,,,,,,,,,,,,,,,,,,,,,,,,,,,,,27111500,,,,,,,,,,,,,,,,,,,,,,,,,,,,,,,,,,,,,,,,,,,
,,,,,,,Tools,Power Tool Accessories,Saw Blades,,VN56920,"VN56920 10 1/2"" Saw Blade",-- Unbranded --,-- No Unilog Brand --,-- No DIB Brand --,Marshalltown Trowel (5155),Marshalltown Trowel,,,VN56920,,Tools & Hardware>Power Tool Accessories>Saw Blades,"Marshalltown Trowel, Saw Blade, VN56920, Circular Saw Blade, 1/2 in Diameter",SAW BLADE CIRC BLADE 1/2IN,"VN56920 Saw Blade, Circular Saw Blade, 1/2 in Diameter","Saw Blade, Circular Saw Blade, 1/2 in Diameter, 1/2 in Arbor Size","Saw Blade, Circular Saw Blade, 1/2 in Diameter",,,,,,,,,,,,,,,,,,,,,,,,,,,Saw Blade,Blade Type,Circular Saw Blade,,Diameter,1/2,in,Tooth Count,,,Arbor Size,1/2,in,Application,,,Additional Information,,,,,,,,,,,,,,,,,,,,,,,,,,,,,,,,,,,,,,,,,,,,,,,,,,,,,,,,,,,,,,,,,,,,,,,,,,,,,,,,,,,,,,,,,,,,,,,,,,,,,,,,,,,,,,,,,,,,,,,,,,,,,,,,,,,,,,,,,,27112700,,,,,,,,,,,,,,,,,,,,,,,,,,,,,,,,,,,,,,,,,,,
,,,,,,,Tools,Hand Tools,Hand Tools,,133164,133164 950/9 Hex Plus Spks - Multicolor,-- Unbranded --,-- No Unilog Brand --,-- No DIB Brand --,Wera Tools NA Inc (WERTO),Wera Tools NA Inc,,,133164,,Tools & Hardware>Hand Tools>General Hand Tools,"Wera Tools NA Inc, Hand Tool, 133164",HAND TOOL,133164 Hand Tool,Hand Tool,Hand Tool,,,,,,,,,,,,,,,,,,,,,,,,,,,Hand Tool,Tool Type,,,Size,,,Drive Size,,,Quantity per Package,,,Material,,,Additional Information,,,,,,,,,,,,,,,,,,,,,,,,,,,,,,,,,,,,,,,,,,,,,,,,,,,,,,,,,,,,,,,,,,,,,,,,,,,,,,,,,,,,,,,,,,,,,,,,,,,,,,,,,,,,,,,,,,,,,,,,,,,,,,,,,,,,,,,,,,27111500,,,,,,,,,,,,,,,,,,,,,,,,,,,,,,,,,,,,,,,,,,,
,,,,,,,Tools,Hand Tools,Hand Tools,,DWHT10993,DWHT10993 Folding Knife,-- Unbranded --,-- No Unilog Brand --,DEWALT,Black & Decker/dewlt (2585),Black & Decker/dewlt,DEWALT,,DWHT10993,,Tools & Hardware>Hand Tools>General Hand Tools,"Black & Decker/dewlt DEWALT, Hand Tool, DWHT10993",HAND TOOL,DEWALT DWHT10993 Hand Tool,DEWALT Hand Tool,Hand Tool,,,,,,,,,,,,,,,,,,,,,,,,,,,Hand Tool,Tool Type,,,Size,,,Drive Size,,,Quantity per Package,,,Material,,,Additional Information,,,,,,,,,,,,,,,,,,,,,,,,,,,,,,,,,,,,,,,,,,,,,,,,,,,,,,,,,,,,,,,,,,,,,,,,,,,,,,,,,,,,,,,,,,,,,,,,,,,,,,,,,,,,,,,,,,,,,,,,,,,,,,,,,,,,,,,,,,27111500,,,,,,,,,,,,,,,,,,,,,,,,,,,,,,,,,,,,,,,,,,,
,,,,,,,Tools,Hand Tools,Hand Tools,,DWHT10994,DWHT10994 Folding Knife,-- Unbranded --,-- No Unilog Brand --,DEWALT,Black & Decker/dewlt (2585),Black & Decker/dewlt,DEWALT,,DWHT10994,,Tools & Hardware>Hand Tools>General Hand Tools,"Black & Decker/dewlt DEWALT, Hand Tool, DWHT10994",HAND TOOL,DEWALT DWHT10994 Hand Tool,DEWALT Hand Tool,Hand Tool,,,,,,,,,,,,,,,,,,,,,,,,,,,Hand Tool,Tool Type,,,Size,,,Drive Size,,,Quantity per Package,,,Material,,,Additional Information,,,,,,,,,,,,,,,,,,,,,,,,,,,,,,,,,,,,,,,,,,,,,,,,,,,,,,,,,,,,,,,,,,,,,,,,,,,,,,,,,,,,,,,,,,,,,,,,,,,,,,,,,,,,,,,,,,,,,,,,,,,,,,,,,,,,,,,,,,27111500,,,,,,,,,,,,,,,,,,,,,,,,,,,,,,,,,,,,,,,,,,,
,,,,,,,Tools,Power Tool Accessories,Driver Bits,,QB22RU,QB22RU Vessel Carrying Bit Holder (Red),-- Unbranded --,-- No Unilog Brand --,-- No DIB Brand --,Vessel Tools USA Inc (VESTO),Vessel Tools USA Inc,Vessel,,QB22RU,,Tools & Hardware>Power Tool Accessories>Driver & Drill Bits,"Vessel, Driver Bit, QB22RU",DRVR BIT,Vessel QB22RU Driver Bit,"Vessel Driver Bit, Bit Holder",Driver Bit,,,,,,,,,,,,,,,,,,,,,,,,,,,Driver Bit,Bit Type,Bit Holder,,Drive Type,,,Drive Size,,,Length,,,Quantity per Package,,,Additional Information,,,,,,,,,,,,,,,,,,,,,,,,,,,,,,,,,,,,,,,,,,,,,,,,,,,,,,,,,,,,,,,,,,,,,,,,,,,,,,,,,,,,,,,,,,,,,,,,,,,,,,,,,,,,,,,,,,,,,,,,,,,,,,,,,,,,,,,,,,27112800,,,,,,,,,,,,,,,,,,,,,,,,,,,,,,,,,,,,,,,,,,,
,,,,,,,Tools,Power Tool Accessories,Driver Bits,,QB22KU,QB22KU Vessel Carrying Bit Holder (Black),-- Unbranded --,-- No Unilog Brand --,-- No DIB Brand --,Vessel Tools USA Inc (VESTO),Vessel Tools USA Inc,Vessel,,QB22KU,,Tools & Hardware>Power Tool Accessories>Driver & Drill Bits,"Vessel, Driver Bit, QB22KU",DRVR BIT,Vessel QB22KU Driver Bit,"Vessel Driver Bit, Bit Holder",Driver Bit,,,,,,,,,,,,,,,,,,,,,,,,,,,Driver Bit,Bit Type,Bit Holder,,Drive Type,,,Drive Size,,,Length,,,Quantity per Package,,,Additional Information,,,,,,,,,,,,,,,,,,,,,,,,,,,,,,,,,,,,,,,,,,,,,,,,,,,,,,,,,,,,,,,,,,,,,,,,,,,,,,,,,,,,,,,,,,,,,,,,,,,,,,,,,,,,,,,,,,,,,,,,,,,,,,,,,,,,,,,,,,27112800,,,,,,,,,,,,,,,,,,,,,,,,,,,,,,,,,,,,,,,,,,,
,,,,,,,Tools,Hand Tools,Hand Tools,,AVM6EV,AVM6 EV Mini Snip Red,-- Unbranded --,-- No Unilog Brand --,-- No DIB Brand --,Malco Prod (2370),Malco Prod,,,AVM6EV,,Tools & Hardware>Hand Tools>General Hand Tools,"Malco Prod, Hand Tool, AVM6EV",HAND TOOL,AVM6EV Hand Tool,Hand Tool,Hand Tool,,,,,,,,,,,,,,,,,,,,,,,,,,,Hand Tool,Tool Type,,,Size,,,Drive Size,,,Quantity per Package,,,Material,,,Additional Information,,,,,,,,,,,,,,,,,,,,,,,,,,,,,,,,,,,,,,,,,,,,,,,,,,,,,,,,,,,,,,,,,,,,,,,,,,,,,,,,,,,,,,,,,,,,,,,,,,,,,,,,,,,,,,,,,,,,,,,,,,,,,,,,,,,,,,,,,,27111500,,,,,,,,,,,,,,,,,,,,,,,,,,,,,,,,,,,,,,,,,,,
,,,,,,,Tools,Hand Tools,Hand Tools,,AVM6EV,AVM7 EV Mini Snip Green,-- Unbranded --,-- No Unilog Brand --,-- No DIB Brand --,Malco Prod (2370),Malco Prod,,,AVM6EV,,Tools & Hardware>Hand Tools>General Hand Tools,"Malco Prod, Hand Tool, AVM6EV",HAND TOOL,AVM6EV Hand Tool,Hand Tool,Hand Tool,,,,,,,,,,,,,,,,,,,,,,,,,,,Hand Tool,Tool Type,,,Size,,,Drive Size,,,Quantity per Package,,,Material,,,Additional Information,,,,,,,,,,,,,,,,,,,,,,,,,,,,,,,,,,,,,,,,,,,,,,,,,,,,,,,,,,,,,,,,,,,,,,,,,,,,,,,,,,,,,,,,,,,,,,,,,,,,,,,,,,,,,,,,,,,,,,,,,,,,,,,,,,,,,,,,,,27111500,,,,,,,,,,,,,,,,,,,,,,,,,,,,,,,,,,,,,,,,,,,
,,,,,,,Tools,Power Tool Accessories,Driver Bits,,DSA0250B,"DSA0250B 1/4"" Square x1/4"" Hex - Socket Adapter",-- Unbranded --,-- No Unilog Brand --,Diablo,Freud Inc (2435),Freud Inc,Diablo,,DSA0250B,,Tools & Hardware>Power Tool Accessories>Driver & Drill Bits,"Freud Inc Diablo, Driver Bit, DSA0250B, Square Drive, 1/4 in Length",DRVR BIT SQUARE 1/4IN,"Diablo DSA0250B Driver Bit, Square Drive, 1/4 in Length","Diablo Driver Bit, Socket Adapter, Square Drive, 1/4 in Length","Driver Bit, Square Drive, 1/4 in Length",,,,,,,,,,,,,,,,,,,,,,,,,,,Driver Bit,Bit Type,Socket Adapter,,Drive Type,Square,,Drive Size,,,Length,1/4,in,Quantity per Package,,,Additional Information,,,,,,,,,,,,,,,,,,,,,,,,,,,,,,,,,,,,,,,,,,,,,,,,,,,,,,,,,,,,,,,,,,,,,,,,,,,,,,,,,,,,,,,,,,,,,,,,,,,,,,,,,,,,,,,,,,,,,,,,,,,,,,,,,,,,,,,,,,27112800,,,,,,,,,,,,,,,,,,,,,,,,,,,,,,,,,,,,,,,,,,,
,,,,,,,Tools,Power Tool Accessories,Driver Bits,,DSA0375B,"DSA0375B 3/8"" Square x1/4"" Hex - Socket Adapter",-- Unbranded --,-- No Unilog Brand --,Diablo,Freud Inc (2435),Freud Inc,Diablo,,DSA0375B,,Tools & Hardware>Power Tool Accessories>Driver & Drill Bits,"Freud Inc Diablo, Driver Bit, DSA0375B, Square Drive, 3/8 in Length",DRVR BIT SQUARE 3/8IN,"Diablo DSA0375B Driver Bit, Square Drive, 3/8 in Length","Diablo Driver Bit, Socket Adapter, Square Drive, 3/8 in Length","Driver Bit, Square Drive, 3/8 in Length",,,,,,,,,,,,,,,,,,,,,,,,,,,Driver Bit,Bit Type,Socket Adapter,,Drive Type,Square,,Drive Size,,,Length,3/8,in,Quantity per Package,,,Additional Information,,,,,,,,,,,,,,,,,,,,,,,,,,,,,,,,,,,,,,,,,,,,,,,,,,,,,,,,,,,,,,,,,,,,,,,,,,,,,,,,,,,,,,,,,,,,,,,,,,,,,,,,,,,,,,,,,,,,,,,,,,,,,,,,,,,,,,,,,,27112800,,,,,,,,,,,,,,,,,,,,,,,,,,,,,,,,,,,,,,,,,,,
,,,,,,,Tools,Power Tool Accessories,Driver Bits,,DSA0500B,"DSA0500B 1/2"" Square x1/4"" Hex - Socket Adapter",-- Unbranded --,-- No Unilog Brand --,Diablo,Freud Inc (2435),Freud Inc,Diablo,,DSA0500B,,Tools & Hardware>Power Tool Accessories>Driver & Drill Bits,"Freud Inc Diablo, Driver Bit, DSA0500B, Square Drive, 1/2 in Length",DRVR BIT SQUARE 1/2IN,"Diablo DSA0500B Driver Bit, Square Drive, 1/2 in Length","Diablo Driver Bit, Socket Adapter, Square Drive, 1/2 in Length","Driver Bit, Square Drive, 1/2 in Length",,,,,,,,,,,,,,,,,,,,,,,,,,,Driver Bit,Bit Type,Socket Adapter,,Drive Type,Square,,Drive Size,,,Length,1/2,in,Quantity per Package,,,Additional Information,,,,,,,,,,,,,,,,,,,,,,,,,,,,,,,,,,,,,,,,,,,,,,,,,,,,,,,,,,,,,,,,,,,,,,,,,,,,,,,,,,,,,,,,,,,,,,,,,,,,,,,,,,,,,,,,,,,,,,,,,,,,,,,,,,,,,,,,,,27112800,,,,,,,,,,,,,,,,,,,,,,,,,,,,,,,,,,,,,,,,,,,
,,,,,,,Tools,Hand Tools,Hand Tools,,42-04-9107,"42-04-9107 Milw 3/8"" Drive Universal Joint",-- Unbranded --,-- No Unilog Brand --,-- No DIB Brand --,Milwaukee Accessory (4031),Milwaukee Accessory,Milwaukee,,42-04-9107,,Tools & Hardware>Hand Tools>General Hand Tools,"Milwaukee, Hand Tool, 42-04-9107",HAND TOOL,Milwaukee 42-04-9107 Hand Tool,"Milwaukee Hand Tool, 3/8 in Drive Size",Hand Tool,,,,,,,,,,,,,,,,,,,,,,,,,,,Hand Tool,Tool Type,,,Size,,,Drive Size,3/8,in,Quantity per Package,,,Material,,,Additional Information,,,,,,,,,,,,,,,,,,,,,,,,,,,,,,,,,,,,,,,,,,,,,,,,,,,,,,,,,,,,,,,,,,,,,,,,,,,,,,,,,,,,,,,,,,,,,,,,,,,,,,,,,,,,,,,,,,,,,,,,,,,,,,,,,,,,,,,,,,27111500,,,,,,,,,,,,,,,,,,,,,,,,,,,,,,,,,,,,,,,,,,,
,,,,,,,Tools,Hand Tools,Hand Tools,,48-22-9491,48-22-9491 Milw 242pc Ratchet & Socket Set 4-Drawer Tool Box,-- Unbranded --,-- No Unilog Brand --,-- No DIB Brand --,Milwaukee Accessory (4031),Milwaukee Accessory,Milwaukee,,48-22-9491,,Tools & Hardware>Hand Tools>General Hand Tools,"Milwaukee, Hand Tool, 48-22-9491, 242 Piece",HAND TOOL,"Milwaukee 48-22-9491 Hand Tool, 242-Piece","Milwaukee Hand Tool, 242 Piece","Hand Tool, 242-Piece",,,,,,,,,,,,,,,,,,,,,,,,,,,Hand Tool,Tool Type,,,Size,,,Drive Size,,,Quantity per Package,242,,Material,,,Additional Information,,,,,,,,,,,,,,,,,,,,,,,,,,,,,,,,,,,,,,,,,,,,,,,,,,,,,,,,,,,,,,,,,,,,,,,,,,,,,,,,,,,,,,,,,,,,,,,,,,,,,,,,,,,,,,,,,,,,,,,,,,,,,,,,,,,,,,,,,,27111500,,,,,,,,,,,,,,,,,,,,,,,,,,,,,,,,,,,,,,,,,,,
,,,,,,,Tools,Hand Tools,Hand Tools,,DWMT45422,"DWMT45422 Dewalt 1/4"" Drive - 50pc Mechanics Set",-- Unbranded --,-- No Unilog Brand --,-- No DIB Brand --,Black & Decker/dewlt (2585),Black & Decker/dewlt,DEWALT,,DWMT45422,,Tools & Hardware>Hand Tools>General Hand Tools,"Black & Decker/dewlt DEWALT, Hand Tool, DWMT45422, 50 Piece",HAND TOOL,"DEWALT DWMT45422 Hand Tool, 50-Piece","DEWALT Hand Tool, 1/4 in Drive Size, 50 Piece","Hand Tool, 50-Piece",,,,,,,,,,,,,,,,,,,,,,,,,,,Hand Tool,Tool Type,,,Size,,,Drive Size,1/4,in,Quantity per Package,50,,Material,,,Additional Information,,,,,,,,,,,,,,,,,,,,,,,,,,,,,,,,,,,,,,,,,,,,,,,,,,,,,,,,,,,,,,,,,,,,,,,,,,,,,,,,,,,,,,,,,,,,,,,,,,,,,,,,,,,,,,,,,,,,,,,,,,,,,,,,,,,,,,,,,,27111500,,,,,,,,,,,,,,,,,,,,,,,,,,,,,,,,,,,,,,,,,,,
,,,,,,,Tools,Hand Tools,Hand Tools,,DWMT45424,"DWMT45424 Dewalt 3/8"" Drive - 84pc Mechanics Set",-- Unbranded --,-- No Unilog Brand --,-- No DIB Brand --,Black & Decker/dewlt (2585),Black & Decker/dewlt,DEWALT,,DWMT45424,,Tools & Hardware>Hand Tools>General Hand Tools,"Black & Decker/dewlt DEWALT, Hand Tool, DWMT45424, 84 Piece",HAND TOOL,"DEWALT DWMT45424 Hand Tool, 84-Piece","DEWALT Hand Tool, 3/8 in Drive Size, 84 Piece","Hand Tool, 84-Piece",,,,,,,,,,,,,,,,,,,,,,,,,,,Hand Tool,Tool Type,,,Size,,,Drive Size,3/8,in,Quantity per Package,84,,Material,,,Additional Information,,,,,,,,,,,,,,,,,,,,,,,,,,,,,,,,,,,,,,,,,,,,,,,,,,,,,,,,,,,,,,,,,,,,,,,,,,,,,,,,,,,,,,,,,,,,,,,,,,,,,,,,,,,,,,,,,,,,,,,,,,,,,,,,,,,,,,,,,,27111500,,,,,,,,,,,,,,,,,,,,,,,,,,,,,,,,,,,,,,,,,,,
,,,,,,,Tools,Hand Tools,Hand Tools,,48-22-9483,48-22-9483 Milw Packout 15pc - Metric Wrench Set,-- Unbranded --,-- No Unilog Brand --,-- No DIB Brand --,Milwaukee Accessory (4031),Milwaukee Accessory,Milwaukee,,48-22-9483,,Tools & Hardware>Hand Tools>General Hand Tools,"Milwaukee, Hand Tool, 48-22-9483, 15 Piece",HAND TOOL,"Milwaukee 48-22-9483 Hand Tool, 15-Piece","Milwaukee Hand Tool, 15 Piece","Hand Tool, 15-Piece",,,,,,,,,,,,,,,,,,,,,,,,,,,Hand Tool,Tool Type,,,Size,,,Drive Size,,,Quantity per Package,15,,Material,,,Additional Information,,,,,,,,,,,,,,,,,,,,,,,,,,,,,,,,,,,,,,,,,,,,,,,,,,,,,,,,,,,,,,,,,,,,,,,,,,,,,,,,,,,,,,,,,,,,,,,,,,,,,,,,,,,,,,,,,,,,,,,,,,,,,,,,,,,,,,,,,,27111500,,,,,,,,,,,,,,,,,,,,,,,,,,,,,,,,,,,,,,,,,,,
,,,,,,,Tools,Hand Tools,Hand Tools,,48-22-9484,48-22-9484 Milw Packout 15pc - SAE Wrench Set,-- Unbranded --,-- No Unilog Brand --,-- No DIB Brand --,Milwaukee Accessory (4031),Milwaukee Accessory,Milwaukee,,48-22-9484,,Tools & Hardware>Hand Tools>General Hand Tools,"Milwaukee, Hand Tool, 48-22-9484, 15 Piece",HAND TOOL,"Milwaukee 48-22-9484 Hand Tool, 15-Piece","Milwaukee Hand Tool, 15 Piece","Hand Tool, 15-Piece",,,,,,,,,,,,,,,,,,,,,,,,,,,Hand Tool,Tool Type,,,Size,,,Drive Size,,,Quantity per Package,15,,Material,,,Additional Information,,,,,,,,,,,,,,,,,,,,,,,,,,,,,,,,,,,,,,,,,,,,,,,,,,,,,,,,,,,,,,,,,,,,,,,,,,,,,,,,,,,,,,,,,,,,,,,,,,,,,,,,,,,,,,,,,,,,,,,,,,,,,,,,,,,,,,,,,,27111500,,,,,,,,,,,,,,,,,,,,,,,,,,,,,,,,,,,,,,,,,,,
,,,,,,,Tools,Hand Tools,Hand Tools,,48-22-9485,48-22-9485 Milw Packout 30pc - Metric & SAE Wrench Set,-- Unbranded --,-- No Unilog Brand --,-- No DIB Brand --,Milwaukee Accessory (4031),Milwaukee Accessory,Milwaukee,,48-22-9485,,Tools & Hardware>Hand Tools>General Hand Tools,"Milwaukee, Hand Tool, 48-22-9485, 30 Piece",HAND TOOL,"Milwaukee 48-22-9485 Hand Tool, 30-Piece","Milwaukee Hand Tool, 30 Piece","Hand Tool, 30-Piece",,,,,,,,,,,,,,,,,,,,,,,,,,,Hand Tool,Tool Type,,,Size,,,Drive Size,,,Quantity per Package,30,,Material,,,Additional Information,,,,,,,,,,,,,,,,,,,,,,,,,,,,,,,,,,,,,,,,,,,,,,,,,,,,,,,,,,,,,,,,,,,,,,,,,,,,,,,,,,,,,,,,,,,,,,,,,,,,,,,,,,,,,,,,,,,,,,,,,,,,,,,,,,,,,,,,,,27111500,,,,,,,,,,,,,,,,,,,,,,,,,,,,,,,,,,,,,,,,,,,
,,,,,,,,,,,48-44-2770,48-44-2770 Milw Pole Pruning - Shears Replacement Blade,-- Unbranded --,-- No Unilog Brand --,-- No DIB Brand --,Milwaukee Accessory (4031),Milwaukee Accessory,Milwaukee,,48-44-2770,,,"Milwaukee, Product, 48-44-2770",PRODUCT,Milwaukee 48-44-2770 Product,Milwaukee Product,Product,,,,,,,,,,,,,,,,,,,,,,,,,,,Product,Product Type,,,Size,,,Material,,,Color,,,Additional Information,,,,,,,,,,,,,,,,,,,,,,,,,,,,,,,,,,,,,,,,,,,,,,,,,,,,,,,,,,,,,,,,,,,,,,,,,,,,,,,,,,,,,,,,,,,,,,,,,,,,,,,,,,,,,,,,,,,,,,,,,,,,,,,,,,,,,,,,,,,,,,,,,,,,,,,,,,,,,,,,,,,,,,,,,,,,,,,,,,,,,,,,
,,,,,,,Tools,Hand Tools,Hand Tools,,IWHT48441RC,IWHT48441RC Irwin 100ft - Red Chalk & Reel Set,-- Unbranded --,-- No Unilog Brand --,Irwin,Irwin Industrial Tools (5863),Irwin Industrial Tools,Irwin,,IWHT48441RC,,Tools & Hardware>Hand Tools>General Hand Tools,"Irwin, Hand Tool, IWHT48441RC",HAND TOOL,Irwin IWHT48441RC Hand Tool,Irwin Hand Tool,Hand Tool,,,,,,,,,,,,,,,,,,,,,,,,,,,Hand Tool,Tool Type,,,Size,,,Drive Size,,,Quantity per Package,,,Material,,,Additional Information,,,,,,,,,,,,,,,,,,,,,,,,,,,,,,,,,,,,,,,,,,,,,,,,,,,,,,,,,,,,,,,,,,,,,,,,,,,,,,,,,,,,,,,,,,,,,,,,,,,,,,,,,,,,,,,,,,,,,,,,,,,,,,,,,,,,,,,,,,27111500,,,,,,,,,,,,,,,,,,,,,,,,,,,,,,,,,,,,,,,,,,,
,,,,,,,Tools,Power Tools,Cordless Tools,,XRU23SM1,"XRU23SM1 Makita 18V 13"" - String Trimmer Kit",-- Unbranded --,-- No Unilog Brand --,-- No DIB Brand --,Makita Usa Inc (5142),Makita Usa Inc,Makita,,XRU23SM1,,Tools & Hardware>Power Tools>Cordless Power Tools,"Makita, Cordless Tool, XRU23SM1, String Trimmer, 18 V, 13 in Drive Size",CORDLESS TOOL STR TRMR 18V 13IN,"Makita XRU23SM1 Cordless Tool, String Trimmer, 18 V, 13 in Drive Size","Makita Cordless Tool, String Trimmer, 18 V, 13 in Drive Size, 18V LXT","Cordless Tool, String Trimmer, 18 V, 13 in Drive Size, Kit",,,,,,,,,,,,,,,,,,,,,,,,,,,Cordless Tool,Tool Type,String Trimmer,,Voltage Rating,18,V,Drive Size,13,in,Battery Platform,18V LXT,,Included Items,Kit,,Additional Information,,,,,,,,,,,,,,,,,,,,,,,,,,,,,,,,,,,,,,,,,,,,,,,,,,,,,,,,,,,,,,,,,,,,,,,,,,,,,,,,,,,,,,,,,,,,,,,,,,,,,,,,,,,,,,,,,,,,,,,,,,,,,,,,,,,,,,,,,,27112100,,,,,,,,,,,,,,,,,,,,,,,,,,,,,,,,,,,,,,,,,,,
,,,,,,,Tools,Power Tools,Cordless Tools,,XRU15PT1,XRU15PT1 Makita String Trimmer,-- Unbranded --,-- No Unilog Brand --,-- No DIB Brand --,Makita Usa Inc (5142),Makita Usa Inc,Makita,,XRU15PT1,,Tools & Hardware>Power Tools>Cordless Power Tools,"Makita, Cordless Tool, XRU15PT1, String Trimmer",CORDLESS TOOL STR TRMR,"Makita XRU15PT1 Cordless Tool, String Trimmer","Makita Cordless Tool, String Trimmer","Cordless Tool, String Trimmer",,,,,,,,,,,,,,,,,,,,,,,,,,,Cordless Tool,Tool Type,String Trimmer,,Voltage Rating,,,Drive Size,,,Battery Platform,,,Included Items,,,Additional Information,,,,,,,,,,,,,,,,,,,,,,,,,,,,,,,,,,,,,,,,,,,,,,,,,,,,,,,,,,,,,,,,,,,,,,,,,,,,,,,,,,,,,,,,,,,,,,,,,,,,,,,,,,,,,,,,,,,,,,,,,,,,,,,,,,,,,,,,,,27112100,,,,,,,,,,,,,,,,,,,,,,,,,,,,,,,,,,,,,,,,,,,
,,,,,,,,,,,XRU23Z,XRU23Z Makita 18V Trimmer Tool - Only,-- Unbranded --,-- No Unilog Brand --,-- No DIB Brand --,Makita Usa Inc (5142),Makita Usa Inc,Makita,,XRU23Z,,,"Makita, Product, XRU23Z",PRODUCT,Makita XRU23Z Product,Makita Product,Product,,,,,,,,,,,,,,,,,,,,,,,,,,,Product,Product Type,,,Size,,,Material,,,Color,,,Additional Information,,,,,,,,,,,,,,,,,,,,,,,,,,,,,,,,,,,,,,,,,,,,,,,,,,,,,,,,,,,,,,,,,,,,,,,,,,,,,,,,,,,,,,,,,,,,,,,,,,,,,,,,,,,,,,,,,,,,,,,,,,,,,,,,,,,,,,,,,,,,,,,,,,,,,,,,,,,,,,,,,,,,,,,,,,,,,,,,,,,,,,,,
,,,,,,,Tools,Power Tools,Cordless Tools,,0887-20,0887-20 Milw M18 Brushless Precision Blower,-- Unbranded --,-- No Unilog Brand --,-- No DIB Brand --,Milwaukee Accessory (4031),Milwaukee Accessory,Milwaukee,,0887-20,,Tools & Hardware>Power Tools>Cordless Power Tools,"Milwaukee, Cordless Tool, 0887-20, Blower, 18 V",CORDLESS TOOL BLOWER 18V,"Milwaukee 0887-20 Cordless Tool, Blower, 18 V","Milwaukee Cordless Tool, Blower, 18 V, M18","Cordless Tool, Blower, 18 V",,,,,,,,,,,,,,,,,,,,,,,,,,,Cordless Tool,Tool Type,Blower,,Voltage Rating,18,V,Drive Size,,,Battery Platform,M18,,Included Items,,,Additional Information,,,,,,,,,,,,,,,,,,,,,,,,,,,,,,,,,,,,,,,,,,,,,,,,,,,,,,,,,,,,,,,,,,,,,,,,,,,,,,,,,,,,,,,,,,,,,,,,,,,,,,,,,,,,,,,,,,,,,,,,,,,,,,,,,,,,,,,,,,27112100,,,,,,,,,,,,,,,,,,,,,,,,,,,,,,,,,,,,,,,,,,,
,,,,,,,Tools,Power Tools,Cordless Tools,,DCBL724B,DCBL724B Dewalt 20V Max XR Blower (Bare),-- Unbranded --,-- No Unilog Brand --,-- No DIB Brand --,Black & Decker/dewlt (2585),Black & Decker/dewlt,DEWALT,,DCBL724B,,Tools & Hardware>Power Tools>Cordless Power Tools,"Black & Decker/dewlt DEWALT, Cordless Tool, DCBL724B, Blower, 20 V, Tool Only",CORDLESS TOOL BLOWER 20V,"DEWALT DCBL724B Cordless Tool, Blower, 20 V, Tool Only","DEWALT Cordless Tool, Blower, 20 V, 20V MAX, Tool Only","Cordless Tool, Blower, 20 V, Tool Only",,,,,,,,,,,,,,,,,,,,,,,,,,,Cordless Tool,Tool Type,Blower,,Voltage Rating,20,V,Drive Size,,,Battery Platform,20V MAX,,Included Items,Tool Only,,Additional Information,,,,,,,,,,,,,,,,,,,,,,,,,,,,,,,,,,,,,,,,,,,,,,,,,,,,,,,,,,,,,,,,,,,,,,,,,,,,,,,,,,,,,,,,,,,,,,,,,,,,,,,,,,,,,,,,,,,,,,,,,,,,,,,,,,,,,,,,,,27112100,,,,,,,,,,,,,,,,,,,,,,,,,,,,,,,,,,,,,,,,,,,
,,,,,,,Tools,Power Tools,Cordless Tools,,2954-20,2954-20 Milw M18 Bluetooth Jobsite Speaker,-- Unbranded --,-- No Unilog Brand --,-- No DIB Brand --,Milwaukee Accessory (4031),Milwaukee Accessory,Milwaukee,,2954-20,,Tools & Hardware>Power Tools>Cordless Power Tools,"Milwaukee, Cordless Tool, 2954-20, Jobsite Speaker, 18 V",CORDLESS TOOL SPKR 18V,"Milwaukee 2954-20 Cordless Tool, Jobsite Speaker, 18 V","Milwaukee Cordless Tool, Jobsite Speaker, 18 V, M18","Cordless Tool, Jobsite Speaker, 18 V",,,,,,,,,,,,,,,,,,,,,,,,,,,Cordless Tool,Tool Type,Jobsite Speaker,,Voltage Rating,18,V,Drive Size,,,Battery Platform,M18,,Included Items,,,Additional Information,,,,,,,,,,,,,,,,,,,,,,,,,,,,,,,,,,,,,,,,,,,,,,,,,,,,,,,,,,,,,,,,,,,,,,,,,,,,,,,,,,,,,,,,,,,,,,,,,,,,,,,,,,,,,,,,,,,,,,,,,,,,,,,,,,,,,,,,,,27112100,,,,,,,,,,,,,,,,,,,,,,,,,,,,,,,,,,,,,,,,,,,
,,,,,,,Tools,Power Tools,Cordless Tools,,2955-20,2955-20 Milw M12 Bluetooth - Jobsite Speaker w/Packout,-- Unbranded --,-- No Unilog Brand --,-- No DIB Brand --,Milwaukee Accessory (4031),Milwaukee Accessory,Milwaukee,,2955-20,,Tools & Hardware>Power Tools>Cordless Power Tools,"Milwaukee, Cordless Tool, 2955-20, Jobsite Speaker, 12 V",CORDLESS TOOL SPKR 12V,"Milwaukee 2955-20 Cordless Tool With Packout, Jobsite Speaker, 12 V","Milwaukee Cordless Tool With Packout, Jobsite Speaker, 12 V, M12","Cordless Tool, Jobsite Speaker, 12 V",,,,,,,,,,,,,,,,,,,,,,With Packout,,,,,Cordless Tool,Tool Type,Jobsite Speaker,,Voltage Rating,12,V,Drive Size,,,Battery Platform,M12,,Included Items,,,Additional Information,,,,,,,,,,,,,,,,,,,,,,,,,,,,,,,,,,,,,,,,,,,,,,,,,,,,,,,,,,,,,,,,,,,,,,,,,,,,,,,,,,,,,,,,,,,,,,,,,,,,,,,,,,,,,,,,,,,,,,,,,,,,,,,,,,,,,,,,,,27112100,,,,,,,,,,,,,,,,,,,,,,,,,,,,,,,,,,,,,,,,,,,
,,,,,,,Tools,Power Tool Accessories,Abrasives,,9A-219-180,9A-219-180 Abranet 4x6x6,-- Unbranded --,-- No Unilog Brand --,-- No DIB Brand --,Mirka Abrasives Inc (MIRUS),Mirka Abrasives Inc,Mirka,,9A-219-180,,Tools & Hardware>Power Tool Accessories>Abrasives,"Mirka, Abrasive, 9A-219-180, Abrasive Net",ABRASIVE ABR NET,"Mirka 9A-219-180 Abrasive, Abrasive Net","Mirka Abrasive, Abrasive Net","Abrasive, Abrasive Net",,,,,,,,,,,,,,,,,,,,,,,,,,,Abrasive,Abrasive Type,Abrasive Net,,Grit,,,Size,,,Quantity per Package,,,Additional Information,,,,,,,,,,,,,,,,,,,,,,,,,,,,,,,,,,,,,,,,,,,,,,,,,,,,,,,,,,,,,,,,,,,,,,,,,,,,,,,,,,,,,,,,,,,,,,,,,,,,,,,,,,,,,,,,,,,,,,,,,,,,,,,,,,,,,,,,,,,,,31191500,,,,,,,,,,,,,,,,,,,,,,,,,,,,,,,,,,,,,,,,,,,
,,,,,,,Tools,Power Tool Accessories,Abrasives,,9A-219-120RP,9A-219-120RP Abranet 4x6x6,-- Unbranded --,-- No Unilog Brand --,-- No DIB Brand --,Mirka Abrasives Inc (MIRUS),Mirka Abrasives Inc,Mirka,,9A-219-120RP,,Tools & Hardware>Power Tool Accessories>Abrasives,"Mirka, Abrasive, 9A-219-120RP, Abrasive Net",ABRASIVE ABR NET,"Mirka 9A-219-120RP Abrasive, Abrasive Net","Mirka Abrasive, Abrasive Net","Abrasive, Abrasive Net",,,,,,,,,,,,,,,,,,,,,,,,,,,Abrasive,Abrasive Type,Abrasive Net,,Grit,,,Size,,,Quantity per Package,,,Additional Information,,,,,,,,,,,,,,,,,,,,,,,,,,,,,,,,,,,,,,,,,,,,,,,,,,,,,,,,,,,,,,,,,,,,,,,,,,,,,,,,,,,,,,,,,,,,,,,,,,,,,,,,,,,,,,,,,,,,,,,,,,,,,,,,,,,,,,,,,,,,,31191500,,,,,,,,,,,,,,,,,,,,,,,,,,,,,,,,,,,,,,,,,,,
,,,,,,,Tools,Power Tools,Cordless Tools,,3033-20,"3033-20 Milw M18 24"" - Hedge Trimmer",-- Unbranded --,-- No Unilog Brand --,Milwaukee,Milwaukee Accessory (4031),Milwaukee Accessory,Milwaukee,,3033-20,,Tools & Hardware>Power Tools>Cordless Power Tools,"Milwaukee, Cordless Tool, 3033-20, Hedge Trimmer, 18 V, 24 in Drive Size",CORDLESS TOOL HDG TRMR 18V 24IN,"Milwaukee 3033-20 Cordless Tool, Hedge Trimmer, 18 V, 24 in Drive Size","Milwaukee Cordless Tool, Hedge Trimmer, 18 V, 24 in Drive Size, M18","Cordless Tool, Hedge Trimmer, 18 V, 24 in Drive Size",,,,,,,,,,,,,,,,,,,,,,,,,,,Cordless Tool,Tool Type,Hedge Trimmer,,Voltage Rating,18,V,Drive Size,24,in,Battery Platform,M18,,Included Items,,,Additional Information,,,,,,,,,,,,,,,,,,,,,,,,,,,,,,,,,,,,,,,,,,,,,,,,,,,,,,,,,,,,,,,,,,,,,,,,,,,,,,,,,,,,,,,,,,,,,,,,,,,,,,,,,,,,,,,,,,,,,,,,,,,,,,,,,,,,,,,,,,27112100,,,,,,,,,,,,,,,,,,,,,,,,,,,,,,,,,,,,,,,,,,,
,,,,,,,Tools,Power Tools,Cordless Tools,,3033-21,"3033-21 Milw M18 24"" - Hedge Trimmer Kit",-- Unbranded --,-- No Unilog Brand --,-- No DIB Brand --,Milwaukee Accessory (4031),Milwaukee Accessory,Milwaukee,,3033-21,,Tools & Hardware>Power Tools>Cordless Power Tools,"Milwaukee, Cordless Tool, 3033-21, Hedge Trimmer, 18 V, 24 in Drive Size, Kit",CORDLESS TOOL HDG TRMR 18V 24IN,"Milwaukee 3033-21 Cordless Tool, Hedge Trimmer, 18 V, 24 in Drive Size, Kit","Milwaukee Cordless Tool, Hedge Trimmer, 18 V, 24 in Drive Size, M18, Kit","Cordless Tool, Hedge Trimmer, 18 V, 24 in Drive Size, Kit",,,,,,,,,,,,,,,,,,,,,,,,,,,Cordless Tool,Tool Type,Hedge Trimmer,,Voltage Rating,18,V,Drive Size,24,in,Battery Platform,M18,,Included Items,Kit,,Additional Information,,,,,,,,,,,,,,,,,,,,,,,,,,,,,,,,,,,,,,,,,,,,,,,,,,,,,,,,,,,,,,,,,,,,,,,,,,,,,,,,,,,,,,,,,,,,,,,,,,,,,,,,,,,,,,,,,,,,,,,,,,,,,,,,,,,,,,,,,,27112100,,,,,,,,,,,,,,,,,,,,,,,,,,,,,,,,,,,,,,,,,,,
,,,,,,,Tools,Power Tools,Cordless Tools,,3034-20,"3034-20 Milw M18 30"" - Hedge Trimmer",-- Unbranded --,-- No Unilog Brand --,Milwaukee,Milwaukee Accessory (4031),Milwaukee Accessory,Milwaukee,,3034-20,,Tools & Hardware>Power Tools>Cordless Power Tools,"Milwaukee, Cordless Tool, 3034-20, Hedge Trimmer, 18 V, 30 in Drive Size",CORDLESS TOOL HDG TRMR 18V 30IN,"Milwaukee 3034-20 Cordless Tool, Hedge Trimmer, 18 V, 30 in Drive Size","Milwaukee Cordless Tool, Hedge Trimmer, 18 V, 30 in Drive Size, M18","Cordless Tool, Hedge Trimmer, 18 V, 30 in Drive Size",,,,,,,,,,,,,,,,,,,,,,,,,,,Cordless Tool,Tool Type,Hedge Trimmer,,Voltage Rating,18,V,Drive Size,30,in,Battery Platform,M18,,Included Items,,,Additional Information,,,,,,,,,,,,,,,,,,,,,,,,,,,,,,,,,,,,,,,,,,,,,,,,,,,,,,,,,,,,,,,,,,,,,,,,,,,,,,,,,,,,,,,,,,,,,,,,,,,,,,,,,,,,,,,,,,,,,,,,,,,,,,,,,,,,,,,,,,27112100,,,,,,,,,,,,,,,,,,,,,,,,,,,,,,,,,,,,,,,,,,,
,,,,,,,Tools,Power Tools,Cordless Tools,,D25333K,D25333K Dewalt Hammer Drill,-- Unbranded --,-- No Unilog Brand --,-- No DIB Brand --,Black & Decker/dewlt (2585),Black & Decker/dewlt,DEWALT,,D25333K,,Tools & Hardware>Power Tools>Cordless Power Tools,"Black & Decker/dewlt DEWALT, Cordless Tool, D25333K, Hammer Drill",CORDLESS TOOL HAM DRL,"DEWALT D25333K Cordless Tool, Hammer Drill","DEWALT Cordless Tool, Hammer Drill","Cordless Tool, Hammer Drill",,,,,,,,,,,,,,,,,,,,,,,,,,,Cordless Tool,Tool Type,Hammer Drill,,Voltage Rating,,,Drive Size,,,Battery Platform,,,Included Items,,,Additional Information,,,,,,,,,,,,,,,,,,,,,,,,,,,,,,,,,,,,,,,,,,,,,,,,,,,,,,,,,,,,,,,,,,,,,,,,,,,,,,,,,,,,,,,,,,,,,,,,,,,,,,,,,,,,,,,,,,,,,,,,,,,,,,,,,,,,,,,,,,27112100,,,,,,,,,,,,,,,,,,,,,,,,,,,,,,,,,,,,,,,,,,,
,,,,,,,Tools,Power Tools,Cordless Tools,,DCD803B,DCD803B Dewalt Multi-Head Drill Driver,-- Unbranded --,-- No Unilog Brand --,-- No DIB Brand --,Black & Decker/dewlt (2585),Black & Decker/dewlt,DEWALT,,DCD803B,,Tools & Hardware>Power Tools>Cordless Power Tools,"Black & Decker/dewlt DEWALT, Cordless Tool, DCD803B, Drill/Driver",CORDLESS TOOL DRL/DRVR,"DEWALT DCD803B Cordless Tool, Drill/Driver","DEWALT Cordless Tool, Drill/Driver","Cordless Tool, Drill/Driver",,,,,,,,,,,,,,,,,,,,,,,,,,,Cordless Tool,Tool Type,Drill/Driver,,Voltage Rating,,,Drive Size,,,Battery Platform,,,Included Items,,,Additional Information,,,,,,,,,,,,,,,,,,,,,,,,,,,,,,,,,,,,,,,,,,,,,,,,,,,,,,,,,,,,,,,,,,,,,,,,,,,,,,,,,,,,,,,,,,,,,,,,,,,,,,,,,,,,,,,,,,,,,,,,,,,,,,,,,,,,,,,,,,27112100,,,,,,,,,,,,,,,,,,,,,,,,,,,,,,,,,,,,,,,,,,,
,,,,,,,Tools,Power Tools,Cordless Tools,,DCF860B,DCF860B Dewalt 20V Impact - Driver Drill,-- Unbranded --,-- No Unilog Brand --,-- No DIB Brand --,Black & Decker/dewlt (2585),Black & Decker/dewlt,DEWALT,,DCF860B,,Tools & Hardware>Power Tools>Cordless Power Tools,"Black & Decker/dewlt DEWALT, Cordless Tool, DCF860B, Impact Driver, 20 V",CORDLESS TOOL IMP DRVR 20V,"DEWALT DCF860B Cordless Tool, Impact Driver, 20 V","DEWALT Cordless Tool, Impact Driver, 20 V, 20V MAX","Cordless Tool, Impact Driver, 20 V",,,,,,,,,,,,,,,,,,,,,,,,,,,Cordless Tool,Tool Type,Impact Driver,,Voltage Rating,20,V,Drive Size,,,Battery Platform,20V MAX,,Included Items,,,Additional Information,,,,,,,,,,,,,,,,,,,,,,,,,,,,,,,,,,,,,,,,,,,,,,,,,,,,,,,,,,,,,,,,,,,,,,,,,,,,,,,,,,,,,,,,,,,,,,,,,,,,,,,,,,,,,,,,,,,,,,,,,,,,,,,,,,,,,,,,,,27112100,,,,,,,,,,,,,,,,,,,,,,,,,,,,,,,,,,,,,,,,,,,
,,,,,,,Tools,Power Tools,Cordless Tools,,3401-20,3401-20 Milw M12 Drill Driver - Brushless Compact (Bare),-- Unbranded --,-- No Unilog Brand --,-- No DIB Brand --,Milwaukee Accessory (4031),Milwaukee Accessory,Milwaukee,,3401-20,,Tools & Hardware>Power Tools>Cordless Power Tools,"Milwaukee, Cordless Tool, 3401-20, Drill/Driver, 12 V, Tool Only",CORDLESS TOOL DRL/DRVR 12V,"Milwaukee 3401-20 Cordless Tool, Drill/Driver, 12 V, Tool Only","Milwaukee Cordless Tool, Drill/Driver, 12 V, M12, Tool Only","Cordless Tool, Drill/Driver, 12 V, Tool Only",,,,,,,,,,,,,,,,,,,,,,,,,,,Cordless Tool,Tool Type,Drill/Driver,,Voltage Rating,12,V,Drive Size,,,Battery Platform,M12,,Included Items,Tool Only,,Additional Information,,,,,,,,,,,,,,,,,,,,,,,,,,,,,,,,,,,,,,,,,,,,,,,,,,,,,,,,,,,,,,,,,,,,,,,,,,,,,,,,,,,,,,,,,,,,,,,,,,,,,,,,,,,,,,,,,,,,,,,,,,,,,,,,,,,,,,,,,,27112100,,,,,,,,,,,,,,,,,,,,,,,,,,,,,,,,,,,,,,,,,,,
,,,,,,,Tools,Power Tools,Cordless Tools,,KPTDR050A,KPTDR050A Kreg 20V Ionic Compact Drill,-- Unbranded --,-- No Unilog Brand --,-- No DIB Brand --,Kreg Tool Company (KRETO),Kreg Tool Company,Kreg,,KPTDR050A,,Tools & Hardware>Power Tools>Cordless Power Tools,"Kreg, Cordless Tool, KPTDR050A, Drill/Driver, 20 V",CORDLESS TOOL DRL/DRVR 20V,"Kreg KPTDR050A Cordless Tool, Drill/Driver, 20 V","Kreg Cordless Tool, Drill/Driver, 20 V, 20V MAX","Cordless Tool, Drill/Driver, 20 V",,,,,,,,,,,,,,,,,,,,,,,,,,,Cordless Tool,Tool Type,Drill/Driver,,Voltage Rating,20,V,Drive Size,,,Battery Platform,20V MAX,,Included Items,,,Additional Information,,,,,,,,,,,,,,,,,,,,,,,,,,,,,,,,,,,,,,,,,,,,,,,,,,,,,,,,,,,,,,,,,,,,,,,,,,,,,,,,,,,,,,,,,,,,,,,,,,,,,,,,,,,,,,,,,,,,,,,,,,,,,,,,,,,,,,,,,,27112100,,,,,,,,,,,,,,,,,,,,,,,,,,,,,,,,,,,,,,,,,,,
,,,,,,,Tools,Power Tools,Cordless Tools,,DCD1007B,"DCD1007B Dewalt 20V Cordless - 1/2"" Hammer Drill (Bare)",-- Unbranded --,-- No Unilog Brand --,DEWALT,Black & Decker/dewlt (2585),Black & Decker/dewlt,DEWALT,,DCD1007B,,Tools & Hardware>Power Tools>Cordless Power Tools,"Black & Decker/dewlt DEWALT, Cordless Tool, DCD1007B, Hammer Drill, 20 V",CORDLESS TOOL HAM DRL 20V 1/2IN,"DEWALT DCD1007B Cordless Tool, Hammer Drill, 20 V, 1/2 in Drive Size, Tool Only","DEWALT Cordless Tool, Hammer Drill, 20 V, 1/2 in Drive Size, 20V MAX, Tool Only","Cordless Tool, Hammer Drill, 20 V, 1/2 in Drive Size, Tool Only",,,,,,,,,,,,,,,,,,,,,,,,,,,Cordless Tool,Tool Type,Hammer Drill,,Voltage Rating,20,V,Drive Size,1/2,in,Battery Platform,20V MAX,,Included Items,Tool Only,,Additional Information,,,,,,,,,,,,,,,,,,,,,,,,,,,,,,,,,,,,,,,,,,,,,,,,,,,,,,,,,,,,,,,,,,,,,,,,,,,,,,,,,,,,,,,,,,,,,,,,,,,,,,,,,,,,,,,,,,,,,,,,,,,,,,,,,,,,,,,,,,27112100,,,,,,,,,,,,,,,,,,,,,,,,,,,,,,,,,,,,,,,,,,,
,,,,,,,Tools,Power Tools,Cordless Tools,,DCD799B,DCD799B Dewalt Drill,-- Unbranded --,-- No Unilog Brand --,-- No DIB Brand --,Black & Decker/dewlt (2585),Black & Decker/dewlt,DEWALT,,DCD799B,,Tools & Hardware>Power Tools>Cordless Power Tools,"Black & Decker/dewlt DEWALT, Cordless Tool, DCD799B, Drill/Driver",CORDLESS TOOL DRL/DRVR,"DEWALT DCD799B Cordless Tool, Drill/Driver","DEWALT Cordless Tool, Drill/Driver","Cordless Tool, Drill/Driver",,,,,,,,,,,,,,,,,,,,,,,,,,,Cordless Tool,Tool Type,Drill/Driver,,Voltage Rating,,,Drive Size,,,Battery Platform,,,Included Items,,,Additional Information,,,,,,,,,,,,,,,,,,,,,,,,,,,,,,,,,,,,,,,,,,,,,,,,,,,,,,,,,,,,,,,,,,,,,,,,,,,,,,,,,,,,,,,,,,,,,,,,,,,,,,,,,,,,,,,,,,,,,,,,,,,,,,,,,,,,,,,,,,27112100,,,,,,,,,,,,,,,,,,,,,,,,,,,,,,,,,,,,,,,,,,,
,,,,,,,Tools,Machinery,Woodworking Machinery,,58006,58006 Voyager Drill Press,-- Unbranded --,-- No Unilog Brand --,-- No DIB Brand --,King Canada Inc (KINCA),King Canada Inc,,,58006,,Tools & Hardware>Machinery>Woodworking Machinery,"King Canada Inc, Woodworking Machine, 58006, Drill Press",WW MACH DRL PRS,"58006 Woodworking Machine, Drill Press","Woodworking Machine, Drill Press","Woodworking Machine, Drill Press",,,,,,,,,,,,,,,,,,,,,,,,,,,Woodworking Machine,Machine Type,Drill Press,,Capacity,,,Motor Power,,,Voltage Rating,,,Phase,,,Additional Information,,,,,,,,,,,,,,,,,,,,,,,,,,,,,,,,,,,,,,,,,,,,,,,,,,,,,,,,,,,,,,,,,,,,,,,,,,,,,,,,,,,,,,,,,,,,,,,,,,,,,,,,,,,,,,,,,,,,,,,,,,,,,,,,,,,,,,,,,,23153000,,,,,,,,,,,,,,,,,,,,,,,,,,,,,,,,,,,,,,,,,,,
,,,,,,,Tools,Power Tools,Cordless Tools,,2909-20,2909-20 Milw Roofing Nailer - M18,-- Unbranded --,-- No Unilog Brand --,Milwaukee,Milwaukee Accessory (4031),Milwaukee Accessory,Milwaukee,,2909-20,,Tools & Hardware>Power Tools>Cordless Power Tools,"Milwaukee, Cordless Tool, 2909-20, Roofing Nailer, 18 V",CORDLESS TOOL ROOF NLR 18V,"Milwaukee 2909-20 Cordless Tool, Roofing Nailer, 18 V","Milwaukee Cordless Tool, Roofing Nailer, 18 V, M18","Cordless Tool, Roofing Nailer, 18 V",,,,,,,,,,,,,,,,,,,,,,,,,,,Cordless Tool,Tool Type,Roofing Nailer,,Voltage Rating,18,V,Drive Size,,,Battery Platform,M18,,Included Items,,,Additional Information,,,,,,,,,,,,,,,,,,,,,,,,,,,,,,,,,,,,,,,,,,,,,,,,,,,,,,,,,,,,,,,,,,,,,,,,,,,,,,,,,,,,,,,,,,,,,,,,,,,,,,,,,,,,,,,,,,,,,,,,,,,,,,,,,,,,,,,,,,27112100,,,,,,,,,,,,,,,,,,,,,,,,,,,,,,,,,,,,,,,,,,,
,,,,,,,Tools,Power Tools,Cordless Tools,,2909-21,2909-21 Milw M18 Coil Roofing - Nailer Kit,-- Unbranded --,-- No Unilog Brand --,Milwaukee,Milwaukee Accessory (4031),Milwaukee Accessory,Milwaukee,,2909-21,,Tools & Hardware>Power Tools>Cordless Power Tools,"Milwaukee, Cordless Tool, 2909-21, Roofing Nailer, 18 V, Kit",CORDLESS TOOL ROOF NLR 18V,"Milwaukee 2909-21 Cordless Tool, Roofing Nailer, 18 V, Kit","Milwaukee Cordless Tool, Roofing Nailer, 18 V, M18, Kit","Cordless Tool, Roofing Nailer, 18 V, Kit",,,,,,,,,,,,,,,,,,,,,,,,,,,Cordless Tool,Tool Type,Roofing Nailer,,Voltage Rating,18,V,Drive Size,,,Battery Platform,M18,,Included Items,Kit,,Additional Information,,,,,,,,,,,,,,,,,,,,,,,,,,,,,,,,,,,,,,,,,,,,,,,,,,,,,,,,,,,,,,,,,,,,,,,,,,,,,,,,,,,,,,,,,,,,,,,,,,,,,,,,,,,,,,,,,,,,,,,,,,,,,,,,,,,,,,,,,,27112100,,,,,,,,,,,,,,,,,,,,,,,,,,,,,,,,,,,,,,,,,,,
,,,,,,,Tools,Power Tools,Cordless Tools,,918200,918200 Paslode CT200S24 18Ga ST Brad Nailer,-- Unbranded --,-- No Unilog Brand --,-- No DIB Brand --,National Nail Corp (7439),National Nail Corp,Paslode,,918200,,Tools & Hardware>Power Tools>Cordless Power Tools,"National Nail Corp Paslode, Cordless Tool, 918200, Brad Nailer",CORDLESS TOOL BRAD NLR,"Paslode 918200 Cordless Tool, Brad Nailer","Paslode Cordless Tool, Brad Nailer","Cordless Tool, Brad Nailer",,,,,,,,,,,,,,,,,,,,,,,,,,,Cordless Tool,Tool Type,Brad Nailer,,Voltage Rating,,,Drive Size,,,Battery Platform,,,Included Items,,,Additional Information,,,,,,,,,,,,,,,,,,,,,,,,,,,,,,,,,,,,,,,,,,,,,,,,,,,,,,,,,,,,,,,,,,,,,,,,,,,,,,,,,,,,,,,,,,,,,,,,,,,,,,,,,,,,,,,,,,,,,,,,,,,,,,,,,,,,,,,,,,27112100,,,,,,,,,,,,,,,,,,,,,,,,,,,,,,,,,,,,,,,,,,,
,,,,,,,Tools,Power Tools,Cordless Tools,,2541-20,2541-20 Milw M12 - Compact Brad Nailer (Bare),-- Unbranded --,-- No Unilog Brand --,-- No DIB Brand --,Milwaukee Accessory (4031),Milwaukee Accessory,Milwaukee,,2541-20,,Tools & Hardware>Power Tools>Cordless Power Tools,"Milwaukee, Cordless Tool, 2541-20, Brad Nailer, 12 V, Tool Only",CORDLESS TOOL BRAD NLR 12V,"Milwaukee 2541-20 Cordless Tool, Brad Nailer, 12 V, Tool Only","Milwaukee Cordless Tool, Brad Nailer, 12 V, M12, Tool Only","Cordless Tool, Brad Nailer, 12 V, Tool Only",,,,,,,,,,,,,,,,,,,,,,,,,,,Cordless Tool,Tool Type,Brad Nailer,,Voltage Rating,12,V,Drive Size,,,Battery Platform,M12,,Included Items,Tool Only,,Additional Information,,,,,,,,,,,,,,,,,,,,,,,,,,,,,,,,,,,,,,,,,,,,,,,,,,,,,,,,,,,,,,,,,,,,,,,,,,,,,,,,,,,,,,,,,,,,,,,,,,,,,,,,,,,,,,,,,,,,,,,,,,,,,,,,,,,,,,,,,,27112100,,,,,,,,,,,,,,,,,,,,,,,,,,,,,,,,,,,,,,,,,,,
,,,,,,,Tools,Power Tools,Cordless Tools,,DCN930B,DCN930B Dewalt 20V 30 Degree - Framing Nailer,-- Unbranded --,-- No Unilog Brand --,DEWALT,Black & Decker/dewlt (2585),Black & Decker/dewlt,DEWALT,,DCN930B,,Tools & Hardware>Power Tools>Cordless Power Tools,"Black & Decker/dewlt DEWALT, Cordless Tool, DCN930B, Framing Nailer, 20 V",CORDLESS TOOL FRM NLR 20V,"DEWALT DCN930B Cordless Tool, Framing Nailer, 20 V","DEWALT Cordless Tool, Framing Nailer, 20 V, 20V MAX","Cordless Tool, Framing Nailer, 20 V",,,,,,,,,,,,,,,,,,,,,,,,,,,Cordless Tool,Tool Type,Framing Nailer,,Voltage Rating,20,V,Drive Size,,,Battery Platform,20V MAX,,Included Items,,,Additional Information,,,,,,,,,,,,,,,,,,,,,,,,,,,,,,,,,,,,,,,,,,,,,,,,,,,,,,,,,,,,,,,,,,,,,,,,,,,,,,,,,,,,,,,,,,,,,,,,,,,,,,,,,,,,,,,,,,,,,,,,,,,,,,,,,,,,,,,,,,27112100,,,,,,,,,,,,,,,,,,,,,,,,,,,,,,,,,,,,,,,,,,,
,,,,,,,Tools,Power Tools,Cordless Tools,,DCN930P1,DCN930P1 Dewalt 20V 30 Degree - Framing Nailer Kit,-- Unbranded --,-- No Unilog Brand --,DEWALT,Black & Decker/dewlt (2585),Black & Decker/dewlt,DEWALT,,DCN930P1,,Tools & Hardware>Power Tools>Cordless Power Tools,"Black & Decker/dewlt DEWALT, Cordless Tool, DCN930P1, Framing Nailer, 20 V, Kit",CORDLESS TOOL FRM NLR 20V,"DEWALT DCN930P1 Cordless Tool, Framing Nailer, 20 V, Kit","DEWALT Cordless Tool, Framing Nailer, 20 V, 20V MAX, Kit","Cordless Tool, Framing Nailer, 20 V, Kit",,,,,,,,,,,,,,,,,,,,,,,,,,,Cordless Tool,Tool Type,Framing Nailer,,Voltage Rating,20,V,Drive Size,,,Battery Platform,20V MAX,,Included Items,Kit,,Additional Information,,,,,,,,,,,,,,,,,,,,,,,,,,,,,,,,,,,,,,,,,,,,,,,,,,,,,,,,,,,,,,,,,,,,,,,,,,,,,,,,,,,,,,,,,,,,,,,,,,,,,,,,,,,,,,,,,,,,,,,,,,,,,,,,,,,,,,,,,,27112100,,,,,,,,,,,,,,,,,,,,,,,,,,,,,,,,,,,,,,,,,,,
,,,,,,,Tools,Power Tools,Cordless Tools,,XNB04Z,"XNB04Z Makita 18V 2"" Brad Nailer 18GA (Bare)",-- Unbranded --,-- No Unilog Brand --,-- No DIB Brand --,Makita Usa Inc (5142),Makita Usa Inc,Makita,,XNB04Z,,Tools & Hardware>Power Tools>Cordless Power Tools,"Makita, Cordless Tool, XNB04Z, Brad Nailer, 18 V, 2 in Drive Size, Tool Only",CORDLESS TOOL BRAD NLR 18V 2IN,"Makita XNB04Z Cordless Tool, Brad Nailer, 18 V, 2 in Drive Size, Tool Only","Makita Cordless Tool, Brad Nailer, 18 V, 2 in Drive Size, 18V LXT, Tool Only","Cordless Tool, Brad Nailer, 18 V, 2 in Drive Size, Tool Only",,,,,,,,,,,,,,,,,,,,,,,,,,,Cordless Tool,Tool Type,Brad Nailer,,Voltage Rating,18,V,Drive Size,2,in,Battery Platform,18V LXT,,Included Items,Tool Only,,Additional Information,,,,,,,,,,,,,,,,,,,,,,,,,,,,,,,,,,,,,,,,,,,,,,,,,,,,,,,,,,,,,,,,,,,,,,,,,,,,,,,,,,,,,,,,,,,,,,,,,,,,,,,,,,,,,,,,,,,,,,,,,,,,,,,,,,,,,,,,,,27112100,,,,,,,,,,,,,,,,,,,,,,,,,,,,,,,,,,,,,,,,,,,
,,,,,,,Tools,Power Tools,Cordless Tools,,XNB05Z,"XNB05Z Makita 18V 2-1/2"" Straight Finish Nailer 16GA",-- Unbranded --,-- No Unilog Brand --,-- No DIB Brand --,Makita Usa Inc (5142),Makita Usa Inc,Makita,,XNB05Z,,Tools & Hardware>Power Tools>Cordless Power Tools,"Makita, Cordless Tool, XNB05Z, Finish Nailer, 18 V, 2-1/2 in Drive Size",CORDLESS TOOL FIN NLR 18V 2-1/2IN,"Makita XNB05Z Cordless Tool, Finish Nailer, 18 V, 2-1/2 in Drive Size","Makita Cordless Tool, Finish Nailer, 18 V, 2-1/2 in Drive Size, 18V LXT","Cordless Tool, Finish Nailer, 18 V, 2-1/2 in Drive Size",,,,,,,,,,,,,,,,,,,,,,,,,,,Cordless Tool,Tool Type,Finish Nailer,,Voltage Rating,18,V,Drive Size,2-1/2,in,Battery Platform,18V LXT,,Included Items,,,Additional Information,,,,,,,,,,,,,,,,,,,,,,,,,,,,,,,,,,,,,,,,,,,,,,,,,,,,,,,,,,,,,,,,,,,,,,,,,,,,,,,,,,,,,,,,,,,,,,,,,,,,,,,,,,,,,,,,,,,,,,,,,,,,,,,,,,,,,,,,,,27112100,,,,,,,,,,,,,,,,,,,,,,,,,,,,,,,,,,,,,,,,,,,
,,,,,,,Tools,Power Tools,Cordless Tools,,XNB06Z,"XNB06Z Makita 18V 2-1/2"" Angled Finish Nailer 16GA",-- Unbranded --,-- No Unilog Brand --,-- No DIB Brand --,Makita Usa Inc (5142),Makita Usa Inc,Makita,,XNB06Z,,Tools & Hardware>Power Tools>Cordless Power Tools,"Makita, Cordless Tool, XNB06Z, Finish Nailer, 18 V, 2-1/2 in Drive Size",CORDLESS TOOL FIN NLR 18V 2-1/2IN,"Makita XNB06Z Cordless Tool, Finish Nailer, 18 V, 2-1/2 in Drive Size","Makita Cordless Tool, Finish Nailer, 18 V, 2-1/2 in Drive Size, 18V LXT","Cordless Tool, Finish Nailer, 18 V, 2-1/2 in Drive Size",,,,,,,,,,,,,,,,,,,,,,,,,,,Cordless Tool,Tool Type,Finish Nailer,,Voltage Rating,18,V,Drive Size,2-1/2,in,Battery Platform,18V LXT,,Included Items,,,Additional Information,,,,,,,,,,,,,,,,,,,,,,,,,,,,,,,,,,,,,,,,,,,,,,,,,,,,,,,,,,,,,,,,,,,,,,,,,,,,,,,,,,,,,,,,,,,,,,,,,,,,,,,,,,,,,,,,,,,,,,,,,,,,,,,,,,,,,,,,,,27112100,,,,,,,,,,,,,,,,,,,,,,,,,,,,,,,,,,,,,,,,,,,
,,,,,,,,,,,XNB07Z,XNB07Z Makita 18V LXT BL 30 Nailer (Bare),-- Unbranded --,-- No Unilog Brand --,-- No DIB Brand --,Makita Usa Inc (5142),Makita Usa Inc,Makita,,XNB07Z,,,"Makita, Product, XNB07Z",PRODUCT,Makita XNB07Z Product,Makita Product,Product,,,,,,,,,,,,,,,,,,,,,,,,,,,Product,Product Type,,,Size,,,Material,,,Color,,,Additional Information,,,,,,,,,,,,,,,,,,,,,,,,,,,,,,,,,,,,,,,,,,,,,,,,,,,,,,,,,,,,,,,,,,,,,,,,,,,,,,,,,,,,,,,,,,,,,,,,,,,,,,,,,,,,,,,,,,,,,,,,,,,,,,,,,,,,,,,,,,,,,,,,,,,,,,,,,,,,,,,,,,,,,,,,,,,,,,,,,,,,,,,,
,,,,,,,,,,,DZN930,DZN930 Dewalt 30 Degree - Framing Magazine,-- Unbranded --,-- No Unilog Brand --,-- No DIB Brand --,Black & Decker/dewlt (2585),Black & Decker/dewlt,DEWALT,,DZN930,,,"Black & Decker/dewlt DEWALT, Product, DZN930",PRODUCT,DEWALT DZN930 Product,DEWALT Product,Product,,,,,,,,,,,,,,,,,,,,,,,,,,,Product,Product Type,,,Size,,,Material,,,Color,,,Additional Information,,,,,,,,,,,,,,,,,,,,,,,,,,,,,,,,,,,,,,,,,,,,,,,,,,,,,,,,,,,,,,,,,,,,,,,,,,,,,,,,,,,,,,,,,,,,,,,,,,,,,,,,,,,,,,,,,,,,,,,,,,,,,,,,,,,,,,,,,,,,,,,,,,,,,,,,,,,,,,,,,,,,,,,,,,,,,,,,,,,,,,,,
,,,,,,,Tools,Hand Tools,Hand Tools,,220USB25U,220USB25U Vessel Screwdriver w/25pc Bit Set,-- Unbranded --,-- No Unilog Brand --,-- No DIB Brand --,Vessel Tools USA Inc (VESTO),Vessel Tools USA Inc,Vessel,,220USB25U,,Tools & Hardware>Hand Tools>General Hand Tools,"Vessel, Hand Tool, 220USB25U, 25 Piece",HAND TOOL,"Vessel 220USB25U Hand Tool With 25Pc Bit Set, 25-Piece","Vessel Hand Tool With 25Pc Bit Set, 25 Piece","Hand Tool, 25-Piece",,,,,,,,,,,,,,,,,,,,,,With 25Pc Bit Set,,,,,Hand Tool,Tool Type,,,Size,,,Drive Size,,,Quantity per Package,25,,Material,,,Additional Information,,,,,,,,,,,,,,,,,,,,,,,,,,,,,,,,,,,,,,,,,,,,,,,,,,,,,,,,,,,,,,,,,,,,,,,,,,,,,,,,,,,,,,,,,,,,,,,,,,,,,,,,,,,,,,,,,,,,,,,,,,,,,,,,,,,,,,,,,,27111500,,,,,,,,,,,,,,,,,,,,,,,,,,,,,,,,,,,,,,,,,,,
,,,,,,,,,,,XRF03Z,XRF03Z Makita 18V Screwdriver - Autofeed,-- Unbranded --,-- No Unilog Brand --,-- No DIB Brand --,Makita Usa Inc (5142),Makita Usa Inc,Makita,,XRF03Z,,,"Makita, Product, XRF03Z",PRODUCT,Makita XRF03Z Product,Makita Product,Product,,,,,,,,,,,,,,,,,,,,,,,,,,,Product,Product Type,,,Size,,,Material,,,Color,,,Additional Information,,,,,,,,,,,,,,,,,,,,,,,,,,,,,,,,,,,,,,,,,,,,,,,,,,,,,,,,,,,,,,,,,,,,,,,,,,,,,,,,,,,,,,,,,,,,,,,,,,,,,,,,,,,,,,,,,,,,,,,,,,,,,,,,,,,,,,,,,,,,,,,,,,,,,,,,,,,,,,,,,,,,,,,,,,,,,,,,,,,,,,,,
,,,,,,,Tools,Hand Tools,Hand Tools,,220USBP5U,220USBP5U Vessel Screwdriver Plus w/5pc Bit Set,-- Unbranded --,-- No Unilog Brand --,-- No DIB Brand --,Vessel Tools USA Inc (VESTO),Vessel Tools USA Inc,Vessel,,220USBP5U,,Tools & Hardware>Hand Tools>General Hand Tools,"Vessel, Hand Tool, 220USBP5U, 5 Piece",HAND TOOL,"Vessel 220USBP5U Hand Tool With 5Pc Bit Set, 5-Piece","Vessel Hand Tool With 5Pc Bit Set, 5 Piece","Hand Tool, 5-Piece",,,,,,,,,,,,,,,,,,,,,,With 5Pc Bit Set,,,,,Hand Tool,Tool Type,,,Size,,,Drive Size,,,Quantity per Package,5,,Material,,,Additional Information,,,,,,,,,,,,,,,,,,,,,,,,,,,,,,,,,,,,,,,,,,,,,,,,,,,,,,,,,,,,,,,,,,,,,,,,,,,,,,,,,,,,,,,,,,,,,,,,,,,,,,,,,,,,,,,,,,,,,,,,,,,,,,,,,,,,,,,,,,27111500,,,,,,,,,,,,,,,,,,,,,,,,,,,,,,,,,,,,,,,,,,,
,,,,,,,Tools,Power Tool Accessories,Driver Bits,,49-66-4567,"49-66-4567 Milw 6"" Magnetic - Impact Driver Set 6pc",-- Unbranded --,-- No Unilog Brand --,-- No DIB Brand --,Milwaukee Accessory (4031),Milwaukee Accessory,Milwaukee,,49-66-4567,,Tools & Hardware>Power Tool Accessories>Driver & Drill Bits,"Milwaukee, Driver Bit, 49-66-4567, 6 in Length, 6 per Package",DRVR BIT 6IN,"Milwaukee 49-66-4567 Driver Bit, 6 in Length, 6-per Package","Milwaukee Driver Bit, 6 in Length, 6 per Package","Driver Bit, 6 in Length, 6-per Package",,,,,,,,,,,,,,,,,,,,,,,,,,,Driver Bit,Bit Type,,,Drive Type,,,Drive Size,,,Length,6,in,Quantity per Package,6,,Additional Information,,,,,,,,,,,,,,,,,,,,,,,,,,,,,,,,,,,,,,,,,,,,,,,,,,,,,,,,,,,,,,,,,,,,,,,,,,,,,,,,,,,,,,,,,,,,,,,,,,,,,,,,,,,,,,,,,,,,,,,,,,,,,,,,,,,,,,,,,,27112800,,,,,,,,,,,,,,,,,,,,,,,,,,,,,,,,,,,,,,,,,,,
,,,,,,,Tools,Power Tool Accessories,Driver Bits,,IBMG90K003,"IBMG90K003 Vessel Impact Ball Torsion Bit Assort 5pc 3.5""",-- Unbranded --,-- No Unilog Brand --,-- No DIB Brand --,Vessel Tools USA Inc (VESTO),Vessel Tools USA Inc,Vessel,,IBMG90K003,,Tools & Hardware>Power Tool Accessories>Driver & Drill Bits,"Vessel, Driver Bit, IBMG90K003, 3-1/2 in Length, 5 per Package",DRVR BIT 3-1/2IN,"Vessel IBMG90K003 Driver Bit, 3-1/2 in Length, 5-per Package","Vessel Driver Bit, Torsion Bit, 3-1/2 in Length, 5 per Package","Driver Bit, 3-1/2 in Length, 5-per Package",,,,,,,,,,,,,,,,,,,,,,,,,,,Driver Bit,Bit Type,Torsion Bit,,Drive Type,,,Drive Size,,,Length,3-1/2,in,Quantity per Package,5,,Additional Information,,,,,,,,,,,,,,,,,,,,,,,,,,,,,,,,,,,,,,,,,,,,,,,,,,,,,,,,,,,,,,,,,,,,,,,,,,,,,,,,,,,,,,,,,,,,,,,,,,,,,,,,,,,,,,,,,,,,,,,,,,,,,,,,,,,,,,,,,,27112800,,,,,,,,,,,,,,,,,,,,,,,,,,,,,,,,,,,,,,,,,,,
,,,,,,,Tools,Power Tool Accessories,Driver Bits,,IBPH250P15T,"IBPH250P15T Vessel Torsion Bit 2"" 15pc",-- Unbranded --,-- No Unilog Brand --,-- No DIB Brand --,Vessel Tools USA Inc (VESTO),Vessel Tools USA Inc,Vessel,,IBPH250P15T,,Tools & Hardware>Power Tool Accessories>Driver & Drill Bits,"Vessel, Driver Bit, IBPH250P15T, 2 in Length, 15 per Package",DRVR BIT 2IN,"Vessel IBPH250P15T Driver Bit, 2 in Length, 15-per Package","Vessel Driver Bit, Torsion Bit, 2 in Length, 15 per Package","Driver Bit, 2 in Length, 15-per Package",,,,,,,,,,,,,,,,,,,,,,,,,,,Driver Bit,Bit Type,Torsion Bit,,Drive Type,,,Drive Size,,,Length,2,in,Quantity per Package,15,,Additional Information,,,,,,,,,,,,,,,,,,,,,,,,,,,,,,,,,,,,,,,,,,,,,,,,,,,,,,,,,,,,,,,,,,,,,,,,,,,,,,,,,,,,,,,,,,,,,,,,,,,,,,,,,,,,,,,,,,,,,,,,,,,,,,,,,,,,,,,,,,27112800,,,,,,,,,,,,,,,,,,,,,,,,,,,,,,,,,,,,,,,,,,,
,,,,,,,Tools,Power Tool Accessories,Driver Bits,,DPH12B,"DPH12B 2"" #1 Phillips Drive - Bit",-- Unbranded --,-- No Unilog Brand --,Diablo,Freud Inc (2435),Freud Inc,Diablo,,DPH12B,,Tools & Hardware>Power Tool Accessories>Driver & Drill Bits,"Freud Inc Diablo, Driver Bit, DPH12B, Phillips Drive, 2 in Length",DRVR BIT PHILLIPS 1 2IN,"Diablo DPH12B Driver Bit, Phillips Drive, 2 in Length","Diablo Driver Bit, Phillips Drive, 1, 2 in Length","Driver Bit, Phillips Drive, 1, 2 in Length",,,,,,,,,,,,,,,,,,,,,,,,,,,Driver Bit,Bit Type,Driver Bit,,Drive Type,Phillips,,Drive Size,1,,Length,2,in,Quantity per Package,,,Additional Information,,,,,,,,,,,,,,,,,,,,,,,,,,,,,,,,,,,,,,,,,,,,,,,,,,,,,,,,,,,,,,,,,,,,,,,,,,,,,,,,,,,,,,,,,,,,,,,,,,,,,,,,,,,,,,,,,,,,,,,,,,,,,,,,,,,,,,,,,,27112800,,,,,,,,,,,,,,,,,,,,,,,,,,,,,,,,,,,,,,,,,,,
,,,,,,,Tools,Power Tool Accessories,Driver Bits,,DPH135B,"DPH135B 3-1/2"" #1 Phillips - Drive Bit",-- Unbranded --,-- No Unilog Brand --,Diablo,Freud Inc (2435),Freud Inc,Diablo,,DPH135B,,Tools & Hardware>Power Tool Accessories>Driver & Drill Bits,"Freud Inc Diablo, Driver Bit, DPH135B, Phillips Drive, 3-1/2 in Length",DRVR BIT PHILLIPS 1 3-1/2IN,"Diablo DPH135B Driver Bit, Phillips Drive, 3-1/2 in Length","Diablo Driver Bit, Phillips Drive, 1, 3-1/2 in Length","Driver Bit, Phillips Drive, 1, 3-1/2 in Length",,,,,,,,,,,,,,,,,,,,,,,,,,,Driver Bit,Bit Type,Driver Bit,,Drive Type,Phillips,,Drive Size,1,,Length,3-1/2,in,Quantity per Package,,,Additional Information,,,,,,,,,,,,,,,,,,,,,,,,,,,,,,,,,,,,,,,,,,,,,,,,,,,,,,,,,,,,,,,,,,,,,,,,,,,,,,,,,,,,,,,,,,,,,,,,,,,,,,,,,,,,,,,,,,,,,,,,,,,,,,,,,,,,,,,,,,27112800,,,,,,,,,,,,,,,,,,,,,,,,,,,,,,,,,,,,,,,,,,,
,,,,,,,Tools,Power Tool Accessories,Driver Bits,,DPH21B,"DPH21B 1"" #2 Phillips Drive - Bit",-- Unbranded --,-- No Unilog Brand --,Diablo,Freud Inc (2435),Freud Inc,Diablo,,DPH21B,,Tools & Hardware>Power Tool Accessories>Driver & Drill Bits,"Freud Inc Diablo, Driver Bit, DPH21B, Phillips Drive, 1 in Length",DRVR BIT PHILLIPS 2 1IN,"Diablo DPH21B Driver Bit, Phillips Drive, 1 in Length","Diablo Driver Bit, Phillips Drive, 2, 1 in Length","Driver Bit, Phillips Drive, 2, 1 in Length",,,,,,,,,,,,,,,,,,,,,,,,,,,Driver Bit,Bit Type,Driver Bit,,Drive Type,Phillips,,Drive Size,2,,Length,1,in,Quantity per Package,,,Additional Information,,,,,,,,,,,,,,,,,,,,,,,,,,,,,,,,,,,,,,,,,,,,,,,,,,,,,,,,,,,,,,,,,,,,,,,,,,,,,,,,,,,,,,,,,,,,,,,,,,,,,,,,,,,,,,,,,,,,,,,,,,,,,,,,,,,,,,,,,,27112800,,,,,,,,,,,,,,,,,,,,,,,,,,,,,,,,,,,,,,,,,,,
,,,,,,,Tools,Power Tool Accessories,Driver Bits,,DPH22B,"DPH22B 2"" #2 Phillips Drive - Bit",-- Unbranded --,-- No Unilog Brand --,Diablo,Freud Inc (2435),Freud Inc,Diablo,,DPH22B,,Tools & Hardware>Power Tool Accessories>Driver & Drill Bits,"Freud Inc Diablo, Driver Bit, DPH22B, Phillips Drive, 2 in Length",DRVR BIT PHILLIPS 2 2IN,"Diablo DPH22B Driver Bit, Phillips Drive, 2 in Length","Diablo Driver Bit, Phillips Drive, 2, 2 in Length","Driver Bit, Phillips Drive, 2, 2 in Length",,,,,,,,,,,,,,,,,,,,,,,,,,,Driver Bit,Bit Type,Driver Bit,,Drive Type,Phillips,,Drive Size,2,,Length,2,in,Quantity per Package,,,Additional Information,,,,,,,,,,,,,,,,,,,,,,,,,,,,,,,,,,,,,,,,,,,,,,,,,,,,,,,,,,,,,,,,,,,,,,,,,,,,,,,,,,,,,,,,,,,,,,,,,,,,,,,,,,,,,,,,,,,,,,,,,,,,,,,,,,,,,,,,,,27112800,,,,,,,,,,,,,,,,,,,,,,,,,,,,,,,,,,,,,,,,,,,
,,,,,,,Tools,Power Tool Accessories,Driver Bits,,DPH235B,"DPH235B 3-1/2"" #2 Phillips - Drive Bit",-- Unbranded --,-- No Unilog Brand --,Diablo,Freud Inc (2435),Freud Inc,Diablo,,DPH235B,,Tools & Hardware>Power Tool Accessories>Driver & Drill Bits,"Freud Inc Diablo, Driver Bit, DPH235B, Phillips Drive, 3-1/2 in Length",DRVR BIT PHILLIPS 2 3-1/2IN,"Diablo DPH235B Driver Bit, Phillips Drive, 3-1/2 in Length","Diablo Driver Bit, Phillips Drive, 2, 3-1/2 in Length","Driver Bit, Phillips Drive, 2, 3-1/2 in Length",,,,,,,,,,,,,,,,,,,,,,,,,,,Driver Bit,Bit Type,Driver Bit,,Drive Type,Phillips,,Drive Size,2,,Length,3-1/2,in,Quantity per Package,,,Additional Information,,,,,,,,,,,,,,,,,,,,,,,,,,,,,,,,,,,,,,,,,,,,,,,,,,,,,,,,,,,,,,,,,,,,,,,,,,,,,,,,,,,,,,,,,,,,,,,,,,,,,,,,,,,,,,,,,,,,,,,,,,,,,,,,,,,,,,,,,,27112800,,,,,,,,,,,,,,,,,,,,,,,,,,,,,,,,,,,,,,,,,,,
,,,,,,,Tools,Power Tool Accessories,Driver Bits,,DPH26B,"DPH26B 6"" #2 Phillips Drive - Bit",-- Unbranded --,-- No Unilog Brand --,Diablo,Freud Inc (2435),Freud Inc,Diablo,,DPH26B,,Tools & Hardware>Power Tool Accessories>Driver & Drill Bits,"Freud Inc Diablo, Driver Bit, DPH26B, Phillips Drive, 6 in Length",DRVR BIT PHILLIPS 2 6IN,"Diablo DPH26B Driver Bit, Phillips Drive, 6 in Length","Diablo Driver Bit, Phillips Drive, 2, 6 in Length","Driver Bit, Phillips Drive, 2, 6 in Length",,,,,,,,,,,,,,,,,,,,,,,,,,,Driver Bit,Bit Type,Driver Bit,,Drive Type,Phillips,,Drive Size,2,,Length,6,in,Quantity per Package,,,Additional Information,,,,,,,,,,,,,,,,,,,,,,,,,,,,,,,,,,,,,,,,,,,,,,,,,,,,,,,,,,,,,,,,,,,,,,,,,,,,,,,,,,,,,,,,,,,,,,,,,,,,,,,,,,,,,,,,,,,,,,,,,,,,,,,,,,,,,,,,,,27112800,,,,,,,,,,,,,,,,,,,,,,,,,,,,,,,,,,,,,,,,,,,
,,,,,,,Tools,Power Tool Accessories,Driver Bits,,DPH2R1B,"DPH2R1B 1"" #2 Phillips Drywall - Screws Drive Bit",-- Unbranded --,-- No Unilog Brand --,Diablo,Freud Inc (2435),Freud Inc,Diablo,,DPH2R1B,,Tools & Hardware>Power Tool Accessories>Driver & Drill Bits,"Freud Inc Diablo, Driver Bit, DPH2R1B, Phillips Drive, 1 in Length",DRVR BIT PHILLIPS 2 1IN,"Diablo DPH2R1B Driver Bit, Phillips Drive, 1 in Length","Diablo Driver Bit, Phillips Drive, 2, 1 in Length","Driver Bit, Phillips Drive, 2, 1 in Length",,,,,,,,,,,,,,,,,,,,,,,,,,,Driver Bit,Bit Type,Driver Bit,,Drive Type,Phillips,,Drive Size,2,,Length,1,in,Quantity per Package,,,Additional Information,,,,,,,,,,,,,,,,,,,,,,,,,,,,,,,,,,,,,,,,,,,,,,,,,,,,,,,,,,,,,,,,,,,,,,,,,,,,,,,,,,,,,,,,,,,,,,,,,,,,,,,,,,,,,,,,,,,,,,,,,,,,,,,,,,,,,,,,,,27112800,,,,,,,,,,,,,,,,,,,,,,,,,,,,,,,,,,,,,,,,,,,
,,,,,,,Tools,Power Tool Accessories,Driver Bits,,DPH31B,"DPH31B 1"" #3 Phillips Drive - Bit",-- Unbranded --,-- No Unilog Brand --,Diablo,Freud Inc (2435),Freud Inc,Diablo,,DPH31B,,Tools & Hardware>Power Tool Accessories>Driver & Drill Bits,"Freud Inc Diablo, Driver Bit, DPH31B, Phillips Drive, 1 in Length",DRVR BIT PHILLIPS 3 1IN,"Diablo DPH31B Driver Bit, Phillips Drive, 1 in Length","Diablo Driver Bit, Phillips Drive, 3, 1 in Length","Driver Bit, Phillips Drive, 3, 1 in Length",,,,,,,,,,,,,,,,,,,,,,,,,,,Driver Bit,Bit Type,Driver Bit,,Drive Type,Phillips,,Drive Size,3,,Length,1,in,Quantity per Package,,,Additional Information,,,,,,,,,,,,,,,,,,,,,,,,,,,,,,,,,,,,,,,,,,,,,,,,,,,,,,,,,,,,,,,,,,,,,,,,,,,,,,,,,,,,,,,,,,,,,,,,,,,,,,,,,,,,,,,,,,,,,,,,,,,,,,,,,,,,,,,,,,27112800,,,,,,,,,,,,,,,,,,,,,,,,,,,,,,,,,,,,,,,,,,,
,,,,,,,Tools,Power Tool Accessories,Driver Bits,,DPH32B,"DPH32B 2"" #3 Phillips Drive - Bit",-- Unbranded --,-- No Unilog Brand --,Diablo,Freud Inc (2435),Freud Inc,Diablo,,DPH32B,,Tools & Hardware>Power Tool Accessories>Driver & Drill Bits,"Freud Inc Diablo, Driver Bit, DPH32B, Phillips Drive, 2 in Length",DRVR BIT PHILLIPS 3 2IN,"Diablo DPH32B Driver Bit, Phillips Drive, 2 in Length","Diablo Driver Bit, Phillips Drive, 3, 2 in Length","Driver Bit, Phillips Drive, 3, 2 in Length",,,,,,,,,,,,,,,,,,,,,,,,,,,Driver Bit,Bit Type,Driver Bit,,Drive Type,Phillips,,Drive Size,3,,Length,2,in,Quantity per Package,,,Additional Information,,,,,,,,,,,,,,,,,,,,,,,,,,,,,,,,,,,,,,,,,,,,,,,,,,,,,,,,,,,,,,,,,,,,,,,,,,,,,,,,,,,,,,,,,,,,,,,,,,,,,,,,,,,,,,,,,,,,,,,,,,,,,,,,,,,,,,,,,,27112800,,,,,,,,,,,,,,,,,,,,,,,,,,,,,,,,,,,,,,,,,,,
,,,,,,,Tools,Power Tool Accessories,Driver Bits,,DPH335B,"DPH335B 3-1/2"" #3 Phillips - Drive Bit",-- Unbranded --,-- No Unilog Brand --,Diablo,Freud Inc (2435),Freud Inc,Diablo,,DPH335B,,Tools & Hardware>Power Tool Accessories>Driver & Drill Bits,"Freud Inc Diablo, Driver Bit, DPH335B, Phillips Drive, 3-1/2 in Length",DRVR BIT PHILLIPS 3 3-1/2IN,"Diablo DPH335B Driver Bit, Phillips Drive, 3-1/2 in Length","Diablo Driver Bit, Phillips Drive, 3, 3-1/2 in Length","Driver Bit, Phillips Drive, 3, 3-1/2 in Length",,,,,,,,,,,,,,,,,,,,,,,,,,,Driver Bit,Bit Type,Driver Bit,,Drive Type,Phillips,,Drive Size,3,,Length,3-1/2,in,Quantity per Package,,,Additional Information,,,,,,,,,,,,,,,,,,,,,,,,,,,,,,,,,,,,,,,,,,,,,,,,,,,,,,,,,,,,,,,,,,,,,,,,,,,,,,,,,,,,,,,,,,,,,,,,,,,,,,,,,,,,,,,,,,,,,,,,,,,,,,,,,,,,,,,,,,27112800,,,,,,,,,,,,,,,,,,,,,,,,,,,,,,,,,,,,,,,,,,,
,,,,,,,Tools,Power Tool Accessories,Driver Bits,,DSQ12B,"DSQ12B 2"" #1 Square Drive Bit",-- Unbranded --,-- No Unilog Brand --,Diablo,Freud Inc (2435),Freud Inc,Diablo,,DSQ12B,,Tools & Hardware>Power Tool Accessories>Driver & Drill Bits,"Freud Inc Diablo, Driver Bit, DSQ12B, Square Drive, 2 in Length",DRVR BIT SQUARE 1 2IN,"Diablo DSQ12B Driver Bit, Square Drive, 2 in Length","Diablo Driver Bit, Square Drive, 1, 2 in Length","Driver Bit, Square Drive, 1, 2 in Length",,,,,,,,,,,,,,,,,,,,,,,,,,,Driver Bit,Bit Type,Driver Bit,,Drive Type,Square,,Drive Size,1,,Length,2,in,Quantity per Package,,,Additional Information,,,,,,,,,,,,,,,,,,,,,,,,,,,,,,,,,,,,,,,,,,,,,,,,,,,,,,,,,,,,,,,,,,,,,,,,,,,,,,,,,,,,,,,,,,,,,,,,,,,,,,,,,,,,,,,,,,,,,,,,,,,,,,,,,,,,,,,,,,27112800,,,,,,,,,,,,,,,,,,,,,,,,,,,,,,,,,,,,,,,,,,,
,,,,,,,Tools,Power Tool Accessories,Driver Bits,,DSQ22B,"DSQ22B 2"" #2 Square Drive Bit",-- Unbranded --,-- No Unilog Brand --,Diablo,Freud Inc (2435),Freud Inc,Diablo,,DSQ22B,,Tools & Hardware>Power Tool Accessories>Driver & Drill Bits,"Freud Inc Diablo, Driver Bit, DSQ22B, Square Drive, 2 in Length",DRVR BIT SQUARE 2 2IN,"Diablo DSQ22B Driver Bit, Square Drive, 2 in Length","Diablo Driver Bit, Square Drive, 2, 2 in Length","Driver Bit, Square Drive, 2, 2 in Length",,,,,,,,,,,,,,,,,,,,,,,,,,,Driver Bit,Bit Type,Driver Bit,,Drive Type,Square,,Drive Size,2,,Length,2,in,Quantity per Package,,,Additional Information,,,,,,,,,,,,,,,,,,,,,,,,,,,,,,,,,,,,,,,,,,,,,,,,,,,,,,,,,,,,,,,,,,,,,,,,,,,,,,,,,,,,,,,,,,,,,,,,,,,,,,,,,,,,,,,,,,,,,,,,,,,,,,,,,,,,,,,,,,27112800,,,,,,,,,,,,,,,,,,,,,,,,,,,,,,,,,,,,,,,,,,,
,,,,,,,Tools,Power Tool Accessories,Driver Bits,,DSQ26B,"DSQ26B 6"" #2 Square Drive Bit",-- Unbranded --,-- No Unilog Brand --,Diablo,Freud Inc (2435),Freud Inc,Diablo,,DSQ26B,,Tools & Hardware>Power Tool Accessories>Driver & Drill Bits,"Freud Inc Diablo, Driver Bit, DSQ26B, Square Drive, 6 in Length",DRVR BIT SQUARE 2 6IN,"Diablo DSQ26B Driver Bit, Square Drive, 6 in Length","Diablo Driver Bit, Square Drive, 2, 6 in Length","Driver Bit, Square Drive, 2, 6 in Length",,,,,,,,,,,,,,,,,,,,,,,,,,,Driver Bit,Bit Type,Driver Bit,,Drive Type,Square,,Drive Size,2,,Length,6,in,Quantity per Package,,,Additional Information,,,,,,,,,,,,,,,,,,,,,,,,,,,,,,,,,,,,,,,,,,,,,,,,,,,,,,,,,,,,,,,,,,,,,,,,,,,,,,,,,,,,,,,,,,,,,,,,,,,,,,,,,,,,,,,,,,,,,,,,,,,,,,,,,,,,,,,,,,27112800,,,,,,,,,,,,,,,,,,,,,,,,,,,,,,,,,,,,,,,,,,,
,,,,,,,Tools,Power Tool Accessories,Driver Bits,,DSQ32B,"DSQ32B 2"" #3 Square Drive Bit",-- Unbranded --,-- No Unilog Brand --,Diablo,Freud Inc (2435),Freud Inc,Diablo,,DSQ32B,,Tools & Hardware>Power Tool Accessories>Driver & Drill Bits,"Freud Inc Diablo, Driver Bit, DSQ32B, Square Drive, 2 in Length",DRVR BIT SQUARE 3 2IN,"Diablo DSQ32B Driver Bit, Square Drive, 2 in Length","Diablo Driver Bit, Square Drive, 3, 2 in Length","Driver Bit, Square Drive, 3, 2 in Length",,,,,,,,,,,,,,,,,,,,,,,,,,,Driver Bit,Bit Type,Driver Bit,,Drive Type,Square,,Drive Size,3,,Length,2,in,Quantity per Package,,,Additional Information,,,,,,,,,,,,,,,,,,,,,,,,,,,,,,,,,,,,,,,,,,,,,,,,,,,,,,,,,,,,,,,,,,,,,,,,,,,,,,,,,,,,,,,,,,,,,,,,,,,,,,,,,,,,,,,,,,,,,,,,,,,,,,,,,,,,,,,,,,27112800,,,,,,,,,,,,,,,,,,,,,,,,,,,,,,,,,,,,,,,,,,,
,,,,,,,Tools,Power Tool Accessories,Driver Bits,,DT102B,"DT102B 2"" #10 Torx Drive Bit",-- Unbranded --,-- No Unilog Brand --,Diablo,Freud Inc (2435),Freud Inc,Diablo,,DT102B,,Tools & Hardware>Power Tool Accessories>Driver & Drill Bits,"Freud Inc Diablo, Driver Bit, DT102B, Torx Drive, 2 in Length",DRVR BIT TORX 10 2IN,"Diablo DT102B Driver Bit, Torx Drive, 2 in Length","Diablo Driver Bit, Torx Drive, 10, 2 in Length","Driver Bit, Torx Drive, 10, 2 in Length",,,,,,,,,,,,,,,,,,,,,,,,,,,Driver Bit,Bit Type,Driver Bit,,Drive Type,Torx,,Drive Size,10,,Length,2,in,Quantity per Package,,,Additional Information,,,,,,,,,,,,,,,,,,,,,,,,,,,,,,,,,,,,,,,,,,,,,,,,,,,,,,,,,,,,,,,,,,,,,,,,,,,,,,,,,,,,,,,,,,,,,,,,,,,,,,,,,,,,,,,,,,,,,,,,,,,,,,,,,,,,,,,,,,27112800,,,,,,,,,,,,,,,,,,,,,,,,,,,,,,,,,,,,,,,,,,,
,,,,,,,Tools,Power Tool Accessories,Driver Bits,,DT152B,"DT152B 2"" #15 Torx Drive Bit",-- Unbranded --,-- No Unilog Brand --,Diablo,Freud Inc (2435),Freud Inc,Diablo,,DT152B,,Tools & Hardware>Power Tool Accessories>Driver & Drill Bits,"Freud Inc Diablo, Driver Bit, DT152B, Torx Drive, 2 in Length",DRVR BIT TORX 15 2IN,"Diablo DT152B Driver Bit, Torx Drive, 2 in Length","Diablo Driver Bit, Torx Drive, 15, 2 in Length","Driver Bit, Torx Drive, 15, 2 in Length",,,,,,,,,,,,,,,,,,,,,,,,,,,Driver Bit,Bit Type,Driver Bit,,Drive Type,Torx,,Drive Size,15,,Length,2,in,Quantity per Package,,,Additional Information,,,,,,,,,,,,,,,,,,,,,,,,,,,,,,,,,,,,,,,,,,,,,,,,,,,,,,,,,,,,,,,,,,,,,,,,,,,,,,,,,,,,,,,,,,,,,,,,,,,,,,,,,,,,,,,,,,,,,,,,,,,,,,,,,,,,,,,,,,27112800,,,,,,,,,,,,,,,,,,,,,,,,,,,,,,,,,,,,,,,,,,,
,,,,,,,Tools,Power Tool Accessories,Driver Bits,,DT1535B,"DT1535B 3-1/2"" #15 Torx Drive - Bit",-- Unbranded --,-- No Unilog Brand --,Diablo,Freud Inc (2435),Freud Inc,Diablo,,DT1535B,,Tools & Hardware>Power Tool Accessories>Driver & Drill Bits,"Freud Inc Diablo, Driver Bit, DT1535B, Torx Drive, 3-1/2 in Length",DRVR BIT TORX 15 3-1/2IN,"Diablo DT1535B Driver Bit, Torx Drive, 3-1/2 in Length","Diablo Driver Bit, Torx Drive, 15, 3-1/2 in Length","Driver Bit, Torx Drive, 15, 3-1/2 in Length",,,,,,,,,,,,,,,,,,,,,,,,,,,Driver Bit,Bit Type,Driver Bit,,Drive Type,Torx,,Drive Size,15,,Length,3-1/2,in,Quantity per Package,,,Additional Information,,,,,,,,,,,,,,,,,,,,,,,,,,,,,,,,,,,,,,,,,,,,,,,,,,,,,,,,,,,,,,,,,,,,,,,,,,,,,,,,,,,,,,,,,,,,,,,,,,,,,,,,,,,,,,,,,,,,,,,,,,,,,,,,,,,,,,,,,,27112800,,,,,,,,,,,,,,,,,,,,,,,,,,,,,,,,,,,,,,,,,,,
,,,,,,,Tools,Power Tool Accessories,Driver Bits,,DT202B,"DT202B 2"" #20 Torx Drive Bit",-- Unbranded --,-- No Unilog Brand --,Diablo,Freud Inc (2435),Freud Inc,Diablo,,DT202B,,Tools & Hardware>Power Tool Accessories>Driver & Drill Bits,"Freud Inc Diablo, Driver Bit, DT202B, Torx Drive, 2 in Length",DRVR BIT TORX 20 2IN,"Diablo DT202B Driver Bit, Torx Drive, 2 in Length","Diablo Driver Bit, Torx Drive, 20, 2 in Length","Driver Bit, Torx Drive, 20, 2 in Length",,,,,,,,,,,,,,,,,,,,,,,,,,,Driver Bit,Bit Type,Driver Bit,,Drive Type,Torx,,Drive Size,20,,Length,2,in,Quantity per Package,,,Additional Information,,,,,,,,,,,,,,,,,,,,,,,,,,,,,,,,,,,,,,,,,,,,,,,,,,,,,,,,,,,,,,,,,,,,,,,,,,,,,,,,,,,,,,,,,,,,,,,,,,,,,,,,,,,,,,,,,,,,,,,,,,,,,,,,,,,,,,,,,,27112800,,,,,,,,,,,,,,,,,,,,,,,,,,,,,,,,,,,,,,,,,,,
,,,,,,,Tools,Power Tool Accessories,Driver Bits,,DT2035B,"DT2035B 3-1/2"" #20 Torx Drive - Bit",-- Unbranded --,-- No Unilog Brand --,Diablo,Freud Inc (2435),Freud Inc,Diablo,,DT2035B,,Tools & Hardware>Power Tool Accessories>Driver & Drill Bits,"Freud Inc Diablo, Driver Bit, DT2035B, Torx Drive, 3-1/2 in Length",DRVR BIT TORX 20 3-1/2IN,"Diablo DT2035B Driver Bit, Torx Drive, 3-1/2 in Length","Diablo Driver Bit, Torx Drive, 20, 3-1/2 in Length","Driver Bit, Torx Drive, 20, 3-1/2 in Length",,,,,,,,,,,,,,,,,,,,,,,,,,,Driver Bit,Bit Type,Driver Bit,,Drive Type,Torx,,Drive Size,20,,Length,3-1/2,in,Quantity per Package,,,Additional Information,,,,,,,,,,,,,,,,,,,,,,,,,,,,,,,,,,,,,,,,,,,,,,,,,,,,,,,,,,,,,,,,,,,,,,,,,,,,,,,,,,,,,,,,,,,,,,,,,,,,,,,,,,,,,,,,,,,,,,,,,,,,,,,,,,,,,,,,,,27112800,,,,,,,,,,,,,,,,,,,,,,,,,,,,,,,,,,,,,,,,,,,
,,,,,,,Tools,Power Tool Accessories,Driver Bits,,DT206B,"DT206B 6"" #20 Torx Drive Bit",-- Unbranded --,-- No Unilog Brand --,Diablo,Freud Inc (2435),Freud Inc,Diablo,,DT206B,,Tools & Hardware>Power Tool Accessories>Driver & Drill Bits,"Freud Inc Diablo, Driver Bit, DT206B, Torx Drive, 6 in Length",DRVR BIT TORX 20 6IN,"Diablo DT206B Driver Bit, Torx Drive, 6 in Length","Diablo Driver Bit, Torx Drive, 20, 6 in Length","Driver Bit, Torx Drive, 20, 6 in Length",,,,,,,,,,,,,,,,,,,,,,,,,,,Driver Bit,Bit Type,Driver Bit,,Drive Type,Torx,,Drive Size,20,,Length,6,in,Quantity per Package,,,Additional Information,,,,,,,,,,,,,,,,,,,,,,,,,,,,,,,,,,,,,,,,,,,,,,,,,,,,,,,,,,,,,,,,,,,,,,,,,,,,,,,,,,,,,,,,,,,,,,,,,,,,,,,,,,,,,,,,,,,,,,,,,,,,,,,,,,,,,,,,,,27112800,,,,,,,,,,,,,,,,,,,,,,,,,,,,,,,,,,,,,,,,,,,
,,,,,,,Tools,Power Tool Accessories,Driver Bits,,DT252B,"DT252B 2"" #25 Trox Drive Bit",-- Unbranded --,-- No Unilog Brand --,Diablo,Freud Inc (2435),Freud Inc,Diablo,,DT252B,,Tools & Hardware>Power Tool Accessories>Driver & Drill Bits,"Freud Inc Diablo, Driver Bit, DT252B, Torx Drive, 2 in Length",DRVR BIT TORX 25 2IN,"Diablo DT252B Driver Bit, Torx Drive, 2 in Length","Diablo Driver Bit, Torx Drive, 25, 2 in Length","Driver Bit, Torx Drive, 25, 2 in Length",,,,,,,,,,,,,,,,,,,,,,,,,,,Driver Bit,Bit Type,Driver Bit,,Drive Type,Torx,,Drive Size,25,,Length,2,in,Quantity per Package,,,Additional Information,,,,,,,,,,,,,,,,,,,,,,,,,,,,,,,,,,,,,,,,,,,,,,,,,,,,,,,,,,,,,,,,,,,,,,,,,,,,,,,,,,,,,,,,,,,,,,,,,,,,,,,,,,,,,,,,,,,,,,,,,,,,,,,,,,,,,,,,,,27112800,,,,,,,,,,,,,,,,,,,,,,,,,,,,,,,,,,,,,,,,,,,
,,,,,,,Tools,Power Tool Accessories,Driver Bits,,DT2535B,"DT2535B 3-1/4"" #25 Torx Drive - Bit",-- Unbranded --,-- No Unilog Brand --,Diablo,Freud Inc (2435),Freud Inc,Diablo,,DT2535B,,Tools & Hardware>Power Tool Accessories>Driver & Drill Bits,"Freud Inc Diablo, Driver Bit, DT2535B, Torx Drive, 3-1/4 in Length",DRVR BIT TORX 25 3-1/4IN,"Diablo DT2535B Driver Bit, Torx Drive, 3-1/4 in Length","Diablo Driver Bit, Torx Drive, 25, 3-1/4 in Length","Driver Bit, Torx Drive, 25, 3-1/4 in Length",,,,,,,,,,,,,,,,,,,,,,,,,,,Driver Bit,Bit Type,Driver Bit,,Drive Type,Torx,,Drive Size,25,,Length,3-1/4,in,Quantity per Package,,,Additional Information,,,,,,,,,,,,,,,,,,,,,,,,,,,,,,,,,,,,,,,,,,,,,,,,,,,,,,,,,,,,,,,,,,,,,,,,,,,,,,,,,,,,,,,,,,,,,,,,,,,,,,,,,,,,,,,,,,,,,,,,,,,,,,,,,,,,,,,,,,27112800,,,,,,,,,,,,,,,,,,,,,,,,,,,,,,,,,,,,,,,,,,,
,,,,,,,Tools,Power Tool Accessories,Driver Bits,,DT256B,"DT256B 6"" #25 Torx Drive Bit",-- Unbranded --,-- No Unilog Brand --,Diablo,Freud Inc (2435),Freud Inc,Diablo,,DT256B,,Tools & Hardware>Power Tool Accessories>Driver & Drill Bits,"Freud Inc Diablo, Driver Bit, DT256B, Torx Drive, 6 in Length",DRVR BIT TORX 25 6IN,"Diablo DT256B Driver Bit, Torx Drive, 6 in Length","Diablo Driver Bit, Torx Drive, 25, 6 in Length","Driver Bit, Torx Drive, 25, 6 in Length",,,,,,,,,,,,,,,,,,,,,,,,,,,Driver Bit,Bit Type,Driver Bit,,Drive Type,Torx,,Drive Size,25,,Length,6,in,Quantity per Package,,,Additional Information,,,,,,,,,,,,,,,,,,,,,,,,,,,,,,,,,,,,,,,,,,,,,,,,,,,,,,,,,,,,,,,,,,,,,,,,,,,,,,,,,,,,,,,,,,,,,,,,,,,,,,,,,,,,,,,,,,,,,,,,,,,,,,,,,,,,,,,,,,27112800,,,,,,,,,,,,,,,,,,,,,,,,,,,,,,,,,,,,,,,,,,,
,,,,,,,Tools,Power Tool Accessories,Driver Bits,,DT302B,"DT302B 2"" #30 Torx Drive Bit",-- Unbranded --,-- No Unilog Brand --,Diablo,Freud Inc (2435),Freud Inc,Diablo,,DT302B,,Tools & Hardware>Power Tool Accessories>Driver & Drill Bits,"Freud Inc Diablo, Driver Bit, DT302B, Torx Drive, 2 in Length",DRVR BIT TORX 30 2IN,"Diablo DT302B Driver Bit, Torx Drive, 2 in Length","Diablo Driver Bit, Torx Drive, 30, 2 in Length","Driver Bit, Torx Drive, 30, 2 in Length",,,,,,,,,,,,,,,,,,,,,,,,,,,Driver Bit,Bit Type,Driver Bit,,Drive Type,Torx,,Drive Size,30,,Length,2,in,Quantity per Package,,,Additional Information,,,,,,,,,,,,,,,,,,,,,,,,,,,,,,,,,,,,,,,,,,,,,,,,,,,,,,,,,,,,,,,,,,,,,,,,,,,,,,,,,,,,,,,,,,,,,,,,,,,,,,,,,,,,,,,,,,,,,,,,,,,,,,,,,,,,,,,,,,27112800,,,,,,,,,,,,,,,,,,,,,,,,,,,,,,,,,,,,,,,,,,,
,,,,,,,Tools,Power Tool Accessories,Driver Bits,,DT402B,"DT402B 2"" #40 Torx Drive Bit",-- Unbranded --,-- No Unilog Brand --,Diablo,Freud Inc (2435),Freud Inc,Diablo,,DT402B,,Tools & Hardware>Power Tool Accessories>Driver & Drill Bits,"Freud Inc Diablo, Driver Bit, DT402B, Torx Drive, 2 in Length",DRVR BIT TORX 40 2IN,"Diablo DT402B Driver Bit, Torx Drive, 2 in Length","Diablo Driver Bit, Torx Drive, 40, 2 in Length","Driver Bit, Torx Drive, 40, 2 in Length",,,,,,,,,,,,,,,,,,,,,,,,,,,Driver Bit,Bit Type,Driver Bit,,Drive Type,Torx,,Drive Size,40,,Length,2,in,Quantity per Package,,,Additional Information,,,,,,,,,,,,,,,,,,,,,,,,,,,,,,,,,,,,,,,,,,,,,,,,,,,,,,,,,,,,,,,,,,,,,,,,,,,,,,,,,,,,,,,,,,,,,,,,,,,,,,,,,,,,,,,,,,,,,,,,,,,,,,,,,,,,,,,,,,27112800,,,,,,,,,,,,,,,,,,,,,,,,,,,,,,,,,,,,,,,,,,,
,,,,,,,Tools,Power Tool Accessories,Driver Bits,,DDWSSB,DDWSSB #2 Drywall Screw Setter,-- Unbranded --,-- No Unilog Brand --,Diablo,Freud Inc (2435),Freud Inc,Diablo,,DDWSSB,,Tools & Hardware>Power Tool Accessories>Driver & Drill Bits,"Freud Inc Diablo, Driver Bit, DDWSSB, 2",DRVR BIT 2,"Diablo DDWSSB Driver Bit, 2","Diablo Driver Bit, Screw Setter, 2","Driver Bit, 2",,,,,,,,,,,,,,,,,,,,,,,,,,,Driver Bit,Bit Type,Screw Setter,,Drive Type,,,Drive Size,2,,Length,,,Quantity per Package,,,Additional Information,,,,,,,,,,,,,,,,,,,,,,,,,,,,,,,,,,,,,,,,,,,,,,,,,,,,,,,,,,,,,,,,,,,,,,,,,,,,,,,,,,,,,,,,,,,,,,,,,,,,,,,,,,,,,,,,,,,,,,,,,,,,,,,,,,,,,,,,,,27112800,,,,,,,,,,,,,,,,,,,,,,,,,,,,,,,,,,,,,,,,,,,
,,,,,,,Tools,Power Tool Accessories,Driver Bits,,191V02-0,191V02-0 Makita #2 Phillips Bit 5pk,-- Unbranded --,-- No Unilog Brand --,-- No DIB Brand --,Makita Usa Inc (5142),Makita Usa Inc,Makita,,191V02-0,,Tools & Hardware>Power Tool Accessories>Driver & Drill Bits,"Makita, Driver Bit, 191V02-0, Phillips Drive",DRVR BIT PHILLIPS 2,"Makita 191V02-0 Driver Bit, Phillips Drive","Makita Driver Bit, Phillips Drive, 2","Driver Bit, Phillips Drive, 2",,,,,,,,,,,,,,,,,,,,,,,,,,,Driver Bit,Bit Type,,,Drive Type,Phillips,,Drive Size,2,,Length,,,Quantity per Package,,,Additional Information,,,,,,,,,,,,,,,,,,,,,,,,,,,,,,,,,,,,,,,,,,,,,,,,,,,,,,,,,,,,,,,,,,,,,,,,,,,,,,,,,,,,,,,,,,,,,,,,,,,,,,,,,,,,,,,,,,,,,,,,,,,,,,,,,,,,,,,,,,27112800,,,,,,,,,,,,,,,,,,,,,,,,,,,,,,,,,,,,,,,,,,,
,,,,,,,Tools,Power Tools,Cordless Tools,,XTS02Z,"XTS02Z Makita 18V 1/4"" Narrow Crown Stapler 18GA",-- Unbranded --,-- No Unilog Brand --,-- No DIB Brand --,Makita Usa Inc (5142),Makita Usa Inc,Makita,,XTS02Z,,Tools & Hardware>Power Tools>Cordless Power Tools,"Makita, Cordless Tool, XTS02Z, Stapler, 18 V, 1/4 in Drive Size",CORDLESS TOOL STAPLER 18V 1/4IN,"Makita XTS02Z Cordless Tool, Stapler, 18 V, 1/4 in Drive Size","Makita Cordless Tool, Stapler, 18 V, 1/4 in Drive Size, 18V LXT","Cordless Tool, Stapler, 18 V, 1/4 in Drive Size",,,,,,,,,,,,,,,,,,,,,,,,,,,Cordless Tool,Tool Type,Stapler,,Voltage Rating,18,V,Drive Size,1/4,in,Battery Platform,18V LXT,,Included Items,,,Additional Information,,,,,,,,,,,,,,,,,,,,,,,,,,,,,,,,,,,,,,,,,,,,,,,,,,,,,,,,,,,,,,,,,,,,,,,,,,,,,,,,,,,,,,,,,,,,,,,,,,,,,,,,,,,,,,,,,,,,,,,,,,,,,,,,,,,,,,,,,,27112100,,,,,,,,,,,,,,,,,,,,,,,,,,,,,,,,,,,,,,,,,,,
,,,,,,,Tools,Power Tools,Cordless Tools,,DCF809D1,"DCF809D1 Dewalt Atomic 20V 1/4"" Impact Driver Kit",-- Unbranded --,-- No Unilog Brand --,DEWALT,Black & Decker/dewlt (2585),Black & Decker/dewlt,DEWALT,,DCF809D1,,Tools & Hardware>Power Tools>Cordless Power Tools,"Black & Decker/dewlt DEWALT, Cordless Tool, DCF809D1, Impact Driver, 20 V",CORDLESS TOOL IMP DRVR 20V 1/4IN,"DEWALT DCF809D1 Cordless Tool, Impact Driver, 20 V, 1/4 in Drive Size, Kit","DEWALT Cordless Tool, Impact Driver, 20 V, 1/4 in Drive Size, 20V MAX, Kit","Cordless Tool, Impact Driver, 20 V, 1/4 in Drive Size, Kit",,,,,,,,,,,,,,,,,,,,,,,,,,,Cordless Tool,Tool Type,Impact Driver,,Voltage Rating,20,V,Drive Size,1/4,in,Battery Platform,20V MAX,,Included Items,Kit,,Additional Information,,,,,,,,,,,,,,,,,,,,,,,,,,,,,,,,,,,,,,,,,,,,,,,,,,,,,,,,,,,,,,,,,,,,,,,,,,,,,,,,,,,,,,,,,,,,,,,,,,,,,,,,,,,,,,,,,,,,,,,,,,,,,,,,,,,,,,,,,,27112100,,,,,,,,,,,,,,,,,,,,,,,,,,,,,,,,,,,,,,,,,,,
,,,,,,,,,,,2761-20,"2761-20 Milw M18 1/4"" Hex Hydraulic Driver",-- Unbranded --,-- No Unilog Brand --,-- No DIB Brand --,Milwaukee Accessory (4031),Milwaukee Accessory,Milwaukee,,2761-20,,,"Milwaukee, Product, 2761-20",PRODUCT,Milwaukee 2761-20 Product,Milwaukee Product,Product,,,,,,,,,,,,,,,,,,,,,,,,,,,Product,Product Type,,,Size,,,Material,,,Color,,,Additional Information,,,,,,,,,,,,,,,,,,,,,,,,,,,,,,,,,,,,,,,,,,,,,,,,,,,,,,,,,,,,,,,,,,,,,,,,,,,,,,,,,,,,,,,,,,,,,,,,,,,,,,,,,,,,,,,,,,,,,,,,,,,,,,,,,,,,,,,,,,,,,,,,,,,,,,,,,,,,,,,,,,,,,,,,,,,,,,,,,,,,,,,,
,,,,,,,,,,,2761-22,2761-22 Milw M18 Surge Kit,-- Unbranded --,-- No Unilog Brand --,-- No DIB Brand --,Milwaukee Accessory (4031),Milwaukee Accessory,Milwaukee,,2761-22,,,"Milwaukee, Product, 2761-22",PRODUCT,Milwaukee 2761-22 Product,Milwaukee Product,Product,,,,,,,,,,,,,,,,,,,,,,,,,,,Product,Product Type,,,Size,,,Material,,,Color,,,Additional Information,,,,,,,,,,,,,,,,,,,,,,,,,,,,,,,,,,,,,,,,,,,,,,,,,,,,,,,,,,,,,,,,,,,,,,,,,,,,,,,,,,,,,,,,,,,,,,,,,,,,,,,,,,,,,,,,,,,,,,,,,,,,,,,,,,,,,,,,,,,,,,,,,,,,,,,,,,,,,,,,,,,,,,,,,,,,,,,,,,,,,,,,
,,,,,,,Tools,Power Tools,Cordless Tools,,3450-20,3450-20 Milw M12 Impact Driver - Brushless Compact (Bare),-- Unbranded --,-- No Unilog Brand --,-- No DIB Brand --,Milwaukee Accessory (4031),Milwaukee Accessory,Milwaukee,,3450-20,,Tools & Hardware>Power Tools>Cordless Power Tools,"Milwaukee, Cordless Tool, 3450-20, Impact Driver, 12 V, Tool Only",CORDLESS TOOL IMP DRVR 12V,"Milwaukee 3450-20 Cordless Tool, Impact Driver, 12 V, Tool Only","Milwaukee Cordless Tool, Impact Driver, 12 V, M12, Tool Only","Cordless Tool, Impact Driver, 12 V, Tool Only",,,,,,,,,,,,,,,,,,,,,,,,,,,Cordless Tool,Tool Type,Impact Driver,,Voltage Rating,12,V,Drive Size,,,Battery Platform,M12,,Included Items,Tool Only,,Additional Information,,,,,,,,,,,,,,,,,,,,,,,,,,,,,,,,,,,,,,,,,,,,,,,,,,,,,,,,,,,,,,,,,,,,,,,,,,,,,,,,,,,,,,,,,,,,,,,,,,,,,,,,,,,,,,,,,,,,,,,,,,,,,,,,,,,,,,,,,,27112100,,,,,,,,,,,,,,,,,,,,,,,,,,,,,,,,,,,,,,,,,,,
,,,,,,,Tools,Power Tools,Cordless Tools,,KPTDV025A,KPTDV025A Kreg 20V Ionic Compact Impact Driver,-- Unbranded --,-- No Unilog Brand --,-- No DIB Brand --,Kreg Tool Company (KRETO),Kreg Tool Company,Kreg,,KPTDV025A,,Tools & Hardware>Power Tools>Cordless Power Tools,"Kreg, Cordless Tool, KPTDV025A, Impact Driver, 20 V",CORDLESS TOOL IMP DRVR 20V,"Kreg KPTDV025A Cordless Tool, Impact Driver, 20 V","Kreg Cordless Tool, Impact Driver, 20 V, 20V MAX","Cordless Tool, Impact Driver, 20 V",,,,,,,,,,,,,,,,,,,,,,,,,,,Cordless Tool,Tool Type,Impact Driver,,Voltage Rating,20,V,Drive Size,,,Battery Platform,20V MAX,,Included Items,,,Additional Information,,,,,,,,,,,,,,,,,,,,,,,,,,,,,,,,,,,,,,,,,,,,,,,,,,,,,,,,,,,,,,,,,,,,,,,,,,,,,,,,,,,,,,,,,,,,,,,,,,,,,,,,,,,,,,,,,,,,,,,,,,,,,,,,,,,,,,,,,,27112100,,,,,,,,,,,,,,,,,,,,,,,,,,,,,,,,,,,,,,,,,,,
,,,,,,,Tools,Power Tools,Cordless Tools,,3048-20,"3048-20 Milw M12 1/4"" Impact Wrench w/Friction Ring",-- Unbranded --,-- No Unilog Brand --,-- No DIB Brand --,Milwaukee Accessory (4031),Milwaukee Accessory,Milwaukee,,3048-20,,Tools & Hardware>Power Tools>Cordless Power Tools,"Milwaukee, Cordless Tool, 3048-20, Impact Wrench, 12 V, 1/4 in Drive Size",CORDLESS TOOL IMP WRNCH 12V 1/4IN,"Milwaukee 3048-20 Cordless Tool With Friction Ring, Impact Wrench, 12 V, 1/4 in Drive Size","Milwaukee Cordless Tool With Friction Ring, Impact Wrench, 12 V, 1/4 in Drive Size, M12","Cordless Tool, Impact Wrench, 12 V, 1/4 in Drive Size",,,,,,,,,,,,,,,,,,,,,,With Friction Ring,,,,,Cordless Tool,Tool Type,Impact Wrench,,Voltage Rating,12,V,Drive Size,1/4,in,Battery Platform,M12,,Included Items,,,Additional Information,,,,,,,,,,,,,,,,,,,,,,,,,,,,,,,,,,,,,,,,,,,,,,,,,,,,,,,,,,,,,,,,,,,,,,,,,,,,,,,,,,,,,,,,,,,,,,,,,,,,,,,,,,,,,,,,,,,,,,,,,,,,,,,,,,,,,,,,,,27112100,,,,,,,,,,,,,,,,,,,,,,,,,,,,,,,,,,,,,,,,,,,
,,,,,,,Tools,Power Tools,Cordless Tools,,3049-20,"3049-20 Milw M12 3/8"" Impact Wrench w/Friction Ring",-- Unbranded --,-- No Unilog Brand --,-- No DIB Brand --,Milwaukee Accessory (4031),Milwaukee Accessory,Milwaukee,,3049-20,,Tools & Hardware>Power Tools>Cordless Power Tools,"Milwaukee, Cordless Tool, 3049-20, Impact Wrench, 12 V, 3/8 in Drive Size",CORDLESS TOOL IMP WRNCH 12V 3/8IN,"Milwaukee 3049-20 Cordless Tool With Friction Ring, Impact Wrench, 12 V, 3/8 in Drive Size","Milwaukee Cordless Tool With Friction Ring, Impact Wrench, 12 V, 3/8 in Drive Size, M12","Cordless Tool, Impact Wrench, 12 V, 3/8 in Drive Size",,,,,,,,,,,,,,,,,,,,,,With Friction Ring,,,,,Cordless Tool,Tool Type,Impact Wrench,,Voltage Rating,12,V,Drive Size,3/8,in,Battery Platform,M12,,Included Items,,,Additional Information,,,,,,,,,,,,,,,,,,,,,,,,,,,,,,,,,,,,,,,,,,,,,,,,,,,,,,,,,,,,,,,,,,,,,,,,,,,,,,,,,,,,,,,,,,,,,,,,,,,,,,,,,,,,,,,,,,,,,,,,,,,,,,,,,,,,,,,,,,27112100,,,,,,,,,,,,,,,,,,,,,,,,,,,,,,,,,,,,,,,,,,,
,,,,,,,Tools,Power Tools,Cordless Tools,,2563-20,"2563-20 Milw M12 Stubby 1/2"" Impact Wrench",-- Unbranded --,-- No Unilog Brand --,-- No DIB Brand --,Milwaukee Accessory (4031),Milwaukee Accessory,Milwaukee,,2563-20,,Tools & Hardware>Power Tools>Cordless Power Tools,"Milwaukee, Cordless Tool, 2563-20, Impact Wrench, 12 V, 1/2 in Drive Size",CORDLESS TOOL IMP WRNCH 12V 1/2IN,"Milwaukee 2563-20 Cordless Tool, Impact Wrench, 12 V, 1/2 in Drive Size","Milwaukee Cordless Tool, Impact Wrench, 12 V, 1/2 in Drive Size, M12","Cordless Tool, Impact Wrench, 12 V, 1/2 in Drive Size",,,,,,,,,,,,,,,,,,,,,,,,,,,Cordless Tool,Tool Type,Impact Wrench,,Voltage Rating,12,V,Drive Size,1/2,in,Battery Platform,M12,,Included Items,,,Additional Information,,,,,,,,,,,,,,,,,,,,,,,,,,,,,,,,,,,,,,,,,,,,,,,,,,,,,,,,,,,,,,,,,,,,,,,,,,,,,,,,,,,,,,,,,,,,,,,,,,,,,,,,,,,,,,,,,,,,,,,,,,,,,,,,,,,,,,,,,,27112100,,,,,,,,,,,,,,,,,,,,,,,,,,,,,,,,,,,,,,,,,,,
,,,,,,,,,,,DCF961B,"Dewalt DCF961B 20V 1/2"" Impact - Bare Tool",-- Unbranded --,-- No Unilog Brand --,DEWALT,Black & Decker/dewlt (2585),Black & Decker/dewlt,DEWALT,,DCF961B,,,"Black & Decker/dewlt DEWALT, Product, DCF961B",PRODUCT,DEWALT DCF961B Product,DEWALT Product,Product,,,,,,,,,,,,,,,,,,,,,,,,,,,Product,Product Type,,,Size,,,Material,,,Color,,,Additional Information,,,,,,,,,,,,,,,,,,,,,,,,,,,,,,,,,,,,,,,,,,,,,,,,,,,,,,,,,,,,,,,,,,,,,,,,,,,,,,,,,,,,,,,,,,,,,,,,,,,,,,,,,,,,,,,,,,,,,,,,,,,,,,,,,,,,,,,,,,,,,,,,,,,,,,,,,,,,,,,,,,,,,,,,,,,,,,,,,,,,,,,,
,,,,,,,Tools,Power Tools,Cordless Tools,,DCF964B,"DCF964B Dewalt 20V 3/4"" Impact - Wrench (Bare)",-- Unbranded --,-- No Unilog Brand --,DEWALT,Black & Decker/dewlt (2585),Black & Decker/dewlt,DEWALT,,DCF964B,,Tools & Hardware>Power Tools>Cordless Power Tools,"Black & Decker/dewlt DEWALT, Cordless Tool, DCF964B, Impact Wrench, 20 V",CORDLESS TOOL IMP WRNCH 20V 3/4IN,"DEWALT DCF964B Cordless Tool, Impact Wrench, 20 V, 3/4 in Drive Size, Tool Only","DEWALT Cordless Tool, Impact Wrench, 20 V, 3/4 in Drive Size, 20V MAX, Tool Only","Cordless Tool, Impact Wrench, 20 V, 3/4 in Drive Size, Tool Only",,,,,,,,,,,,,,,,,,,,,,,,,,,Cordless Tool,Tool Type,Impact Wrench,,Voltage Rating,20,V,Drive Size,3/4,in,Battery Platform,20V MAX,,Included Items,Tool Only,,Additional Information,,,,,,,,,,,,,,,,,,,,,,,,,,,,,,,,,,,,,,,,,,,,,,,,,,,,,,,,,,,,,,,,,,,,,,,,,,,,,,,,,,,,,,,,,,,,,,,,,,,,,,,,,,,,,,,,,,,,,,,,,,,,,,,,,,,,,,,,,,27112100,,,,,,,,,,,,,,,,,,,,,,,,,,,,,,,,,,,,,,,,,,,
,,,,,,,Tools,Power Tools,Cordless Tools,,2563P-20,"2563P-20 Milw M12 1/2"" Stubby - Impact Wrench w/Pin Detent",-- Unbranded --,-- No Unilog Brand --,-- No DIB Brand --,Milwaukee Accessory (4031),Milwaukee Accessory,Milwaukee,,2563P-20,,Tools & Hardware>Power Tools>Cordless Power Tools,"Milwaukee, Cordless Tool, 2563P-20, Impact Wrench, 12 V, 1/2 in Drive Size",CORDLESS TOOL IMP WRNCH 12V 1/2IN,"Milwaukee 2563P-20 Cordless Tool With Pin Detent, Impact Wrench, 12 V, 1/2 in Drive Size","Milwaukee Cordless Tool With Pin Detent, Impact Wrench, 12 V, 1/2 in Drive Size, M12","Cordless Tool, Impact Wrench, 12 V, 1/2 in Drive Size",,,,,,,,,,,,,,,,,,,,,,With Pin Detent,,,,,Cordless Tool,Tool Type,Impact Wrench,,Voltage Rating,12,V,Drive Size,1/2,in,Battery Platform,M12,,Included Items,,,Additional Information,,,,,,,,,,,,,,,,,,,,,,,,,,,,,,,,,,,,,,,,,,,,,,,,,,,,,,,,,,,,,,,,,,,,,,,,,,,,,,,,,,,,,,,,,,,,,,,,,,,,,,,,,,,,,,,,,,,,,,,,,,,,,,,,,,,,,,,,,,27112100,,,,,,,,,,,,,,,,,,,,,,,,,,,,,,,,,,,,,,,,,,,
,,,,,,,,,,,DCF921P2,DCF921P2 Dewalt 20V 1/2 Impact,-- Unbranded --,-- No Unilog Brand --,-- No DIB Brand --,Black & Decker/dewlt (2585),Black & Decker/dewlt,DEWALT,,DCF921P2,,,"Black & Decker/dewlt DEWALT, Product, DCF921P2",PRODUCT,DEWALT DCF921P2 Product,DEWALT Product,Product,,,,,,,,,,,,,,,,,,,,,,,,,,,Product,Product Type,,,Size,,,Material,,,Color,,,Additional Information,,,,,,,,,,,,,,,,,,,,,,,,,,,,,,,,,,,,,,,,,,,,,,,,,,,,,,,,,,,,,,,,,,,,,,,,,,,,,,,,,,,,,,,,,,,,,,,,,,,,,,,,,,,,,,,,,,,,,,,,,,,,,,,,,,,,,,,,,,,,,,,,,,,,,,,,,,,,,,,,,,,,,,,,,,,,,,,,,,,,,,,,
,,,,,,,,,,,XLT03Z,"XLT03Z Makita 3/8"" 18V Angle Impact",-- Unbranded --,-- No Unilog Brand --,-- No DIB Brand --,Makita Usa Inc (5142),Makita Usa Inc,Makita,,XLT03Z,,,"Makita, Product, XLT03Z",PRODUCT,Makita XLT03Z Product,Makita Product,Product,,,,,,,,,,,,,,,,,,,,,,,,,,,Product,Product Type,,,Size,,,Material,,,Color,,,Additional Information,,,,,,,,,,,,,,,,,,,,,,,,,,,,,,,,,,,,,,,,,,,,,,,,,,,,,,,,,,,,,,,,,,,,,,,,,,,,,,,,,,,,,,,,,,,,,,,,,,,,,,,,,,,,,,,,,,,,,,,,,,,,,,,,,,,,,,,,,,,,,,,,,,,,,,,,,,,,,,,,,,,,,,,,,,,,,,,,,,,,,,,,
,,,,,,,,,,,XLT04Z,"XLT04Z Makita 1/4"" 18V Angle Impact",-- Unbranded --,-- No Unilog Brand --,-- No DIB Brand --,Makita Usa Inc (5142),Makita Usa Inc,Makita,,XLT04Z,,,"Makita, Product, XLT04Z",PRODUCT,Makita XLT04Z Product,Makita Product,Product,,,,,,,,,,,,,,,,,,,,,,,,,,,Product,Product Type,,,Size,,,Material,,,Color,,,Additional Information,,,,,,,,,,,,,,,,,,,,,,,,,,,,,,,,,,,,,,,,,,,,,,,,,,,,,,,,,,,,,,,,,,,,,,,,,,,,,,,,,,,,,,,,,,,,,,,,,,,,,,,,,,,,,,,,,,,,,,,,,,,,,,,,,,,,,,,,,,,,,,,,,,,,,,,,,,,,,,,,,,,,,,,,,,,,,,,,,,,,,,,,
,,,,,,,,,,,XLT05Z,"XLT05Z Makita 1/2"" 18V Angle Impact",-- Unbranded --,-- No Unilog Brand --,-- No DIB Brand --,Makita Usa Inc (5142),Makita Usa Inc,Makita,,XLT05Z,,,"Makita, Product, XLT05Z",PRODUCT,Makita XLT05Z Product,Makita Product,Product,,,,,,,,,,,,,,,,,,,,,,,,,,,Product,Product Type,,,Size,,,Material,,,Color,,,Additional Information,,,,,,,,,,,,,,,,,,,,,,,,,,,,,,,,,,,,,,,,,,,,,,,,,,,,,,,,,,,,,,,,,,,,,,,,,,,,,,,,,,,,,,,,,,,,,,,,,,,,,,,,,,,,,,,,,,,,,,,,,,,,,,,,,,,,,,,,,,,,,,,,,,,,,,,,,,,,,,,,,,,,,,,,,,,,,,,,,,,,,,,,
,,,,,,,Tools,Power Tools,Cordless Tools,,DCF510B,Dewalt DCF510B 20V Rachet - Interchangeable Anvil,-- Unbranded --,-- No Unilog Brand --,DEWALT,Black & Decker/dewlt (2585),Black & Decker/dewlt,DEWALT,,DCF510B,,Tools & Hardware>Power Tools>Cordless Power Tools,"Black & Decker/dewlt DEWALT, Cordless Tool, DCF510B, Ratchet, 20 V",CORDLESS TOOL RATCHET 20V,"DEWALT DCF510B Cordless Tool, Ratchet, 20 V","DEWALT Cordless Tool, Ratchet, 20 V, 20V MAX","Cordless Tool, Ratchet, 20 V",,,,,,,,,,,,,,,,,,,,,,,,,,,Cordless Tool,Tool Type,Ratchet,,Voltage Rating,20,V,Drive Size,,,Battery Platform,20V MAX,,Included Items,,,Additional Information,,,,,,,,,,,,,,,,,,,,,,,,,,,,,,,,,,,,,,,,,,,,,,,,,,,,,,,,,,,,,,,,,,,,,,,,,,,,,,,,,,,,,,,,,,,,,,,,,,,,,,,,,,,,,,,,,,,,,,,,,,,,,,,,,,,,,,,,,,27112100,,,,,,,,,,,,,,,,,,,,,,,,,,,,,,,,,,,,,,,,,,,
,,,,,,,Tools,Power Tools,Cordless Tools,,3052-20,"3052-20 Milw M12 Fuel 1/4"" Rachet",-- Unbranded --,-- No Unilog Brand --,-- No DIB Brand --,Milwaukee Accessory (4031),Milwaukee Accessory,Milwaukee,,3052-20,,Tools & Hardware>Power Tools>Cordless Power Tools,"Milwaukee, Cordless Tool, 3052-20, Ratchet, 12 V, 1/4 in Drive Size",CORDLESS TOOL RATCHET 12V 1/4IN,"Milwaukee 3052-20 Cordless Tool, Ratchet, 12 V, 1/4 in Drive Size","Milwaukee Cordless Tool, Ratchet, 12 V, 1/4 in Drive Size, M12","Cordless Tool, Ratchet, 12 V, 1/4 in Drive Size",,,,,,,,,,,,,,,,,,,,,,,,,,,Cordless Tool,Tool Type,Ratchet,,Voltage Rating,12,V,Drive Size,1/4,in,Battery Platform,M12,,Included Items,,,Additional Information,,,,,,,,,,,,,,,,,,,,,,,,,,,,,,,,,,,,,,,,,,,,,,,,,,,,,,,,,,,,,,,,,,,,,,,,,,,,,,,,,,,,,,,,,,,,,,,,,,,,,,,,,,,,,,,,,,,,,,,,,,,,,,,,,,,,,,,,,,27112100,,,,,,,,,,,,,,,,,,,,,,,,,,,,,,,,,,,,,,,,,,,
,,,,,,,Tools,Power Tools,Cordless Tools,,3054-20,"3054-20 Milw M12 1/2"" Ratchet (Bare)",-- Unbranded --,-- No Unilog Brand --,-- No DIB Brand --,Milwaukee Accessory (4031),Milwaukee Accessory,Milwaukee,,3054-20,,Tools & Hardware>Power Tools>Cordless Power Tools,"Milwaukee, Cordless Tool, 3054-20, Ratchet, 12 V, 1/2 in Drive Size, Tool Only",CORDLESS TOOL RATCHET 12V 1/2IN,"Milwaukee 3054-20 Cordless Tool, Ratchet, 12 V, 1/2 in Drive Size, Tool Only","Milwaukee Cordless Tool, Ratchet, 12 V, 1/2 in Drive Size, M12, Tool Only","Cordless Tool, Ratchet, 12 V, 1/2 in Drive Size, Tool Only",,,,,,,,,,,,,,,,,,,,,,,,,,,Cordless Tool,Tool Type,Ratchet,,Voltage Rating,12,V,Drive Size,1/2,in,Battery Platform,M12,,Included Items,Tool Only,,Additional Information,,,,,,,,,,,,,,,,,,,,,,,,,,,,,,,,,,,,,,,,,,,,,,,,,,,,,,,,,,,,,,,,,,,,,,,,,,,,,,,,,,,,,,,,,,,,,,,,,,,,,,,,,,,,,,,,,,,,,,,,,,,,,,,,,,,,,,,,,,27112100,,,,,,,,,,,,,,,,,,,,,,,,,,,,,,,,,,,,,,,,,,,
,,,,,,,Tools,Power Tools,Cordless Tools,,DCF513EB,"DCF513EB Dewalt 3/8"" Open Head Rachet",-- Unbranded --,-- No Unilog Brand --,-- No DIB Brand --,Black & Decker/dewlt (2585),Black & Decker/dewlt,DEWALT,,DCF513EB,,Tools & Hardware>Power Tools>Cordless Power Tools,"Black & Decker/dewlt DEWALT, Cordless Tool, DCF513EB, Ratchet, 3/8 in Drive Size",CORDLESS TOOL RATCHET 3/8IN,"DEWALT DCF513EB Cordless Tool, Ratchet, 3/8 in Drive Size","DEWALT Cordless Tool, Ratchet, 3/8 in Drive Size","Cordless Tool, Ratchet, 3/8 in Drive Size",,,,,,,,,,,,,,,,,,,,,,,,,,,Cordless Tool,Tool Type,Ratchet,,Voltage Rating,,,Drive Size,3/8,in,Battery Platform,,,Included Items,,,Additional Information,,,,,,,,,,,,,,,,,,,,,,,,,,,,,,,,,,,,,,,,,,,,,,,,,,,,,,,,,,,,,,,,,,,,,,,,,,,,,,,,,,,,,,,,,,,,,,,,,,,,,,,,,,,,,,,,,,,,,,,,,,,,,,,,,,,,,,,,,,27112100,,,,,,,,,,,,,,,,,,,,,,,,,,,,,,,,,,,,,,,,,,,
,,,,,,,Tools,Power Tools,Cordless Tools,,XVP01Z,"XVP01Z Makita 18V 3"" Polisher/ 2"" Sander",-- Unbranded --,-- No Unilog Brand --,-- No DIB Brand --,Makita Usa Inc (5142),Makita Usa Inc,Makita,,XVP01Z,,Tools & Hardware>Power Tools>Cordless Power Tools,"Makita, Cordless Tool, XVP01Z, Random Orbit Sander, 18 V, 3 in Drive Size",CORDLESS TOOL ROS 18V 3IN,"Makita XVP01Z Cordless Tool, Random Orbit Sander, 18 V, 3 in Drive Size","Makita Cordless Tool, Random Orbit Sander, 18 V, 3 in Drive Size, 18V LXT","Cordless Tool, Random Orbit Sander, 18 V, 3 in Drive Size",,,,,,,,,,,,,,,,,,,,,,,,,,,Cordless Tool,Tool Type,Random Orbit Sander,,Voltage Rating,18,V,Drive Size,3,in,Battery Platform,18V LXT,,Included Items,,,Additional Information,,,,,,,,,,,,,,,,,,,,,,,,,,,,,,,,,,,,,,,,,,,,,,,,,,,,,,,,,,,,,,,,,,,,,,,,,,,,,,,,,,,,,,,,,,,,,,,,,,,,,,,,,,,,,,,,,,,,,,,,,,,,,,,,,,,,,,,,,,27112100,,,,,,,,,,,,,,,,,,,,,,,,,,,,,,,,,,,,,,,,,,,
,,,,,,,Tools,Power Tools,Cordless Tools,,DCM200B,DCM200B Dewalt 1/2in x 18in - Band File,-- Unbranded --,-- No Unilog Brand --,DEWALT,Black & Decker/dewlt (2585),Black & Decker/dewlt,DEWALT,,DCM200B,,Tools & Hardware>Power Tools>Cordless Power Tools,"Black & Decker/dewlt DEWALT, Cordless Tool, DCM200B, 1/2 in Drive Size",CORDLESS TOOL 1/2IN,"DEWALT DCM200B Cordless Tool, 1/2 in Drive Size","DEWALT Cordless Tool, 1/2 in Drive Size","Cordless Tool, 1/2 in Drive Size",,,,,,,,,,,,,,,,,,,,,,,,,,,Cordless Tool,Tool Type,,,Voltage Rating,,,Drive Size,1/2,in,Battery Platform,,,Included Items,,,Additional Information,,,,,,,,,,,,,,,,,,,,,,,,,,,,,,,,,,,,,,,,,,,,,,,,,,,,,,,,,,,,,,,,,,,,,,,,,,,,,,,,,,,,,,,,,,,,,,,,,,,,,,,,,,,,,,,,,,,,,,,,,,,,,,,,,,,,,,,,,,27112100,,,,,,,,,,,,,,,,,,,,,,,,,,,,,,,,,,,,,,,,,,,
,,,,,,,Tools,Power Tools,Cordless Tools,,DCG410B,"DCG410B Dewalt 20V 4-1/2""-5"" - Angle Grinder (Bare)",-- Unbranded --,-- No Unilog Brand --,DEWALT,Black & Decker/dewlt (2585),Black & Decker/dewlt,DEWALT,,DCG410B,,Tools & Hardware>Power Tools>Cordless Power Tools,"Black & Decker/dewlt DEWALT, Cordless Tool, DCG410B, Angle Grinder, 20 V",CORDLESS TOOL ANG GRND 20V 4-1/2IN,"DEWALT DCG410B Cordless Tool, Angle Grinder, 20 V, 4-1/2 in Drive Size, Tool Only","DEWALT Cordless Tool, Angle Grinder, 20 V, 4-1/2 in Drive Size, 20V MAX, Tool Only","Cordless Tool, Angle Grinder, 20 V, 4-1/2 in Drive Size, Tool Only",,,,,,,,,,,,,,,,,,,,,,,,,,,Cordless Tool,Tool Type,Angle Grinder,,Voltage Rating,20,V,Drive Size,4-1/2,in,Battery Platform,20V MAX,,Included Items,Tool Only,,Additional Information,,,,,,,,,,,,,,,,,,,,,,,,,,,,,,,,,,,,,,,,,,,,,,,,,,,,,,,,,,,,,,,,,,,,,,,,,,,,,,,,,,,,,,,,,,,,,,,,,,,,,,,,,,,,,,,,,,,,,,,,,,,,,,,,,,,,,,,,,,27112100,,,,,,,,,,,,,,,,,,,,,,,,,,,,,,,,,,,,,,,,,,,
,,,,,,,,,,,DCG460B,"DCG460B Dewalt 60V Grinder - 7-9""",-- Unbranded --,-- No Unilog Brand --,DEWALT,Black & Decker/dewlt (2585),Black & Decker/dewlt,DEWALT,,DCG460B,,,"Black & Decker/dewlt DEWALT, Product, DCG460B",PRODUCT,DEWALT DCG460B Product,DEWALT Product,Product,,,,,,,,,,,,,,,,,,,,,,,,,,,Product,Product Type,,,Size,,,Material,,,Color,,,Additional Information,,,,,,,,,,,,,,,,,,,,,,,,,,,,,,,,,,,,,,,,,,,,,,,,,,,,,,,,,,,,,,,,,,,,,,,,,,,,,,,,,,,,,,,,,,,,,,,,,,,,,,,,,,,,,,,,,,,,,,,,,,,,,,,,,,,,,,,,,,,,,,,,,,,,,,,,,,,,,,,,,,,,,,,,,,,,,,,,,,,,,,,,
,,,,,,,Tools,Power Tools,Cordless Tools,,DCG402B,"DCG402B Dewalt 20V 4.5"" Angle Grinder (Bare)",-- Unbranded --,-- No Unilog Brand --,-- No DIB Brand --,Black & Decker/dewlt (2585),Black & Decker/dewlt,DEWALT,,DCG402B,,Tools & Hardware>Power Tools>Cordless Power Tools,"Black & Decker/dewlt DEWALT, Cordless Tool, DCG402B, Angle Grinder, 20 V",CORDLESS TOOL ANG GRND 20V 4-1/2IN,"DEWALT DCG402B Cordless Tool, Angle Grinder, 20 V, 4-1/2 in Drive Size, Tool Only","DEWALT Cordless Tool, Angle Grinder, 20 V, 4-1/2 in Drive Size, 20V MAX, Tool Only","Cordless Tool, Angle Grinder, 20 V, 4-1/2 in Drive Size, Tool Only",,,,,,,,,,,,,,,,,,,,,,,,,,,Cordless Tool,Tool Type,Angle Grinder,,Voltage Rating,20,V,Drive Size,4-1/2,in,Battery Platform,20V MAX,,Included Items,Tool Only,,Additional Information,,,,,,,,,,,,,,,,,,,,,,,,,,,,,,,,,,,,,,,,,,,,,,,,,,,,,,,,,,,,,,,,,,,,,,,,,,,,,,,,,,,,,,,,,,,,,,,,,,,,,,,,,,,,,,,,,,,,,,,,,,,,,,,,,,,,,,,,,,27112100,,,,,,,,,,,,,,,,,,,,,,,,,,,,,,,,,,,,,,,,,,,
,,,,,,,Tools,Power Tools,Cordless Tools,,3485-20,"3485-20 Milw M12 1/4"" Right Angle Die Grinder",-- Unbranded --,-- No Unilog Brand --,-- No DIB Brand --,Milwaukee Accessory (4031),Milwaukee Accessory,Milwaukee,,3485-20,,Tools & Hardware>Power Tools>Cordless Power Tools,"Milwaukee, Cordless Tool, 3485-20, Die Grinder, 12 V, 1/4 in Drive Size",CORDLESS TOOL DIE GRND 12V 1/4IN,"Milwaukee 3485-20 Cordless Tool, Die Grinder, 12 V, 1/4 in Drive Size","Milwaukee Cordless Tool, Die Grinder, 12 V, 1/4 in Drive Size, M12","Cordless Tool, Die Grinder, 12 V, 1/4 in Drive Size",,,,,,,,,,,,,,,,,,,,,,,,,,,Cordless Tool,Tool Type,Die Grinder,,Voltage Rating,12,V,Drive Size,1/4,in,Battery Platform,M12,,Included Items,,,Additional Information,,,,,,,,,,,,,,,,,,,,,,,,,,,,,,,,,,,,,,,,,,,,,,,,,,,,,,,,,,,,,,,,,,,,,,,,,,,,,,,,,,,,,,,,,,,,,,,,,,,,,,,,,,,,,,,,,,,,,,,,,,,,,,,,,,,,,,,,,,27112100,,,,,,,,,,,,,,,,,,,,,,,,,,,,,,,,,,,,,,,,,,,
,,,,,,,Tools,Power Tools,Cordless Tools,,DCG420B,DCG420B Dewalt 20V Die Grinder (Bare),-- Unbranded --,-- No Unilog Brand --,-- No DIB Brand --,Black & Decker/dewlt (2585),Black & Decker/dewlt,DEWALT,,DCG420B,,Tools & Hardware>Power Tools>Cordless Power Tools,"Black & Decker/dewlt DEWALT, Cordless Tool, DCG420B, Die Grinder, 20 V",CORDLESS TOOL DIE GRND 20V,"DEWALT DCG420B Cordless Tool, Die Grinder, 20 V, Tool Only","DEWALT Cordless Tool, Die Grinder, 20 V, 20V MAX, Tool Only","Cordless Tool, Die Grinder, 20 V, Tool Only",,,,,,,,,,,,,,,,,,,,,,,,,,,Cordless Tool,Tool Type,Die Grinder,,Voltage Rating,20,V,Drive Size,,,Battery Platform,20V MAX,,Included Items,Tool Only,,Additional Information,,,,,,,,,,,,,,,,,,,,,,,,,,,,,,,,,,,,,,,,,,,,,,,,,,,,,,,,,,,,,,,,,,,,,,,,,,,,,,,,,,,,,,,,,,,,,,,,,,,,,,,,,,,,,,,,,,,,,,,,,,,,,,,,,,,,,,,,,,27112100,,,,,,,,,,,,,,,,,,,,,,,,,,,,,,,,,,,,,,,,,,,
,,,,,,,Tools,Power Tools,Cordless Tools,,DCG422B,DCG422B Dewalt 20V Right Angle Die Grinder (Bare),-- Unbranded --,-- No Unilog Brand --,-- No DIB Brand --,Black & Decker/dewlt (2585),Black & Decker/dewlt,DEWALT,,DCG422B,,Tools & Hardware>Power Tools>Cordless Power Tools,"Black & Decker/dewlt DEWALT, Cordless Tool, DCG422B, Die Grinder, 20 V",CORDLESS TOOL DIE GRND 20V,"DEWALT DCG422B Cordless Tool, Die Grinder, 20 V, Tool Only","DEWALT Cordless Tool, Die Grinder, 20 V, 20V MAX, Tool Only","Cordless Tool, Die Grinder, 20 V, Tool Only",,,,,,,,,,,,,,,,,,,,,,,,,,,Cordless Tool,Tool Type,Die Grinder,,Voltage Rating,20,V,Drive Size,,,Battery Platform,20V MAX,,Included Items,Tool Only,,Additional Information,,,,,,,,,,,,,,,,,,,,,,,,,,,,,,,,,,,,,,,,,,,,,,,,,,,,,,,,,,,,,,,,,,,,,,,,,,,,,,,,,,,,,,,,,,,,,,,,,,,,,,,,,,,,,,,,,,,,,,,,,,,,,,,,,,,,,,,,,,27112100,,,,,,,,,,,,,,,,,,,,,,,,,,,,,,,,,,,,,,,,,,,
,,,,,,,,,,,924422,924422 Mafell Carpentry - Planing Machine ZH 320 Ec 120V,-- Unbranded --,-- No Unilog Brand --,-- No DIB Brand --,-,,Mafell,,924422,,,"Mafell, Product, 924422",PRODUCT,Mafell 924422 Product,Mafell Product,Product,,,,,,,,,,,,,,,,,,,,,,,,,,,Product,Product Type,,,Size,,,Material,,,Color,,,Additional Information,,,,,,,,,,,,,,,,,,,,,,,,,,,,,,,,,,,,,,,,,,,,,,,,,,,,,,,,,,,,,,,,,,,,,,,,,,,,,,,,,,,,,,,,,,,,,,,,,,,,,,,,,,,,,,,,,,,,,,,,,,,,,,,,,,,,,,,,,,,,,,,,,,,,,,,,,,,,,,,,,,,,,,,,,,,,,,,,,,,,,,,,
,,,,,,,Tools,Power Tools,Cordless Tools,,DCW620B,DCW620B Dewalt 20V Plunge - Router,-- Unbranded --,-- No Unilog Brand --,-- No DIB Brand --,Black & Decker/dewlt (2585),Black & Decker/dewlt,DEWALT,,DCW620B,,Tools & Hardware>Power Tools>Cordless Power Tools,"Black & Decker/dewlt DEWALT, Cordless Tool, DCW620B, Router, 20 V",CORDLESS TOOL ROUTER 20V,"DEWALT DCW620B Cordless Tool, Router, 20 V","DEWALT Cordless Tool, Router, 20 V, 20V MAX","Cordless Tool, Router, 20 V",,,,,,,,,,,,,,,,,,,,,,,,,,,Cordless Tool,Tool Type,Router,,Voltage Rating,20,V,Drive Size,,,Battery Platform,20V MAX,,Included Items,,,Additional Information,,,,,,,,,,,,,,,,,,,,,,,,,,,,,,,,,,,,,,,,,,,,,,,,,,,,,,,,,,,,,,,,,,,,,,,,,,,,,,,,,,,,,,,,,,,,,,,,,,,,,,,,,,,,,,,,,,,,,,,,,,,,,,,,,,,,,,,,,,27112100,,,,,,,,,,,,,,,,,,,,,,,,,,,,,,,,,,,,,,,,,,,
,,,,,,,Tools,Power Tools,Cordless Tools,,2535-20,"2535-20 Milw 3"" Orbit Sander - M12",-- Unbranded --,-- No Unilog Brand --,-- No DIB Brand --,Milwaukee Accessory (4031),Milwaukee Accessory,Milwaukee,,2535-20,,Tools & Hardware>Power Tools>Cordless Power Tools,"Milwaukee, Cordless Tool, 2535-20, Random Orbit Sander, 12 V, 3 in Drive Size",CORDLESS TOOL ROS 12V 3IN,"Milwaukee 2535-20 Cordless Tool, Random Orbit Sander, 12 V, 3 in Drive Size","Milwaukee Cordless Tool, Random Orbit Sander, 12 V, 3 in Drive Size, M12","Cordless Tool, Random Orbit Sander, 12 V, 3 in Drive Size",,,,,,,,,,,,,,,,,,,,,,,,,,,Cordless Tool,Tool Type,Random Orbit Sander,,Voltage Rating,12,V,Drive Size,3,in,Battery Platform,M12,,Included Items,,,Additional Information,,,,,,,,,,,,,,,,,,,,,,,,,,,,,,,,,,,,,,,,,,,,,,,,,,,,,,,,,,,,,,,,,,,,,,,,,,,,,,,,,,,,,,,,,,,,,,,,,,,,,,,,,,,,,,,,,,,,,,,,,,,,,,,,,,,,,,,,,,27112100,,,,,,,,,,,,,,,,,,,,,,,,,,,,,,,,,,,,,,,,,,,
,,,,,,,,,,,2837-20,"2837-20 Milw M18 5"" Sander - Orbital (Bare)",-- Unbranded --,-- No Unilog Brand --,Milwaukee,Milwaukee Accessory (4031),Milwaukee Accessory,Milwaukee,,2837-20,,,"Milwaukee, Product, 2837-20",PRODUCT,Milwaukee 2837-20 Product,Milwaukee Product,Product,,,,,,,,,,,,,,,,,,,,,,,,,,,Product,Product Type,,,Size,,,Material,,,Color,,,Additional Information,,,,,,,,,,,,,,,,,,,,,,,,,,,,,,,,,,,,,,,,,,,,,,,,,,,,,,,,,,,,,,,,,,,,,,,,,,,,,,,,,,,,,,,,,,,,,,,,,,,,,,,,,,,,,,,,,,,,,,,,,,,,,,,,,,,,,,,,,,,,,,,,,,,,,,,,,,,,,,,,,,,,,,,,,,,,,,,,,,,,,,,,
,,,,,,,,,,,577728,577728 Festool Cordless Sander - ETSC 2 150 I-Plus,-- Unbranded --,-- No Unilog Brand --,-- No DIB Brand --,Festool USA (FESTO),Festool USA,Festool,,577728,,,"Festool, Product, 577728",PRODUCT,Festool 577728 Product,Festool Product,Product,,,,,,,,,,,,,,,,,,,,,,,,,,,Product,Product Type,,,Size,,,Material,,,Color,,,Additional Information,,,,,,,,,,,,,,,,,,,,,,,,,,,,,,,,,,,,,,,,,,,,,,,,,,,,,,,,,,,,,,,,,,,,,,,,,,,,,,,,,,,,,,,,,,,,,,,,,,,,,,,,,,,,,,,,,,,,,,,,,,,,,,,,,,,,,,,,,,,,,,,,,,,,,,,,,,,,,,,,,,,,,,,,,,,,,,,,,,,,,,,,
,,,,,,,,,,,577738,577738 Festool Cordless Sander - ETSC 2 125 I-Plus,-- Unbranded --,-- No Unilog Brand --,-- No DIB Brand --,Festool USA (FESTO),Festool USA,Festool,,577738,,,"Festool, Product, 577738",PRODUCT,Festool 577738 Product,Festool Product,Product,,,,,,,,,,,,,,,,,,,,,,,,,,,Product,Product Type,,,Size,,,Material,,,Color,,,Additional Information,,,,,,,,,,,,,,,,,,,,,,,,,,,,,,,,,,,,,,,,,,,,,,,,,,,,,,,,,,,,,,,,,,,,,,,,,,,,,,,,,,,,,,,,,,,,,,,,,,,,,,,,,,,,,,,,,,,,,,,,,,,,,,,,,,,,,,,,,,,,,,,,,,,,,,,,,,,,,,,,,,,,,,,,,,,,,,,,,,,,,,,,
,,,,,,,Tools,Power Tools,Cordless Tools,,KPTRS500A,"KPTRS500A Kreg 20V Ionic 5"" Random Orbit Sander",-- Unbranded --,-- No Unilog Brand --,-- No DIB Brand --,Kreg Tool Company (KRETO),Kreg Tool Company,Kreg,,KPTRS500A,,Tools & Hardware>Power Tools>Cordless Power Tools,"Kreg, Cordless Tool, KPTRS500A, Random Orbit Sander, 20 V, 5 in Drive Size",CORDLESS TOOL ROS 20V 5IN,"Kreg KPTRS500A Cordless Tool, Random Orbit Sander, 20 V, 5 in Drive Size","Kreg Cordless Tool, Random Orbit Sander, 20 V, 5 in Drive Size, 20V MAX","Cordless Tool, Random Orbit Sander, 20 V, 5 in Drive Size",,,,,,,,,,,,,,,,,,,,,,,,,,,Cordless Tool,Tool Type,Random Orbit Sander,,Voltage Rating,20,V,Drive Size,5,in,Battery Platform,20V MAX,,Included Items,,,Additional Information,,,,,,,,,,,,,,,,,,,,,,,,,,,,,,,,,,,,,,,,,,,,,,,,,,,,,,,,,,,,,,,,,,,,,,,,,,,,,,,,,,,,,,,,,,,,,,,,,,,,,,,,,,,,,,,,,,,,,,,,,,,,,,,,,,,,,,,,,,27112100,,,,,,,,,,,,,,,,,,,,,,,,,,,,,,,,,,,,,,,,,,,
,,,,,,,,,,,24-35M-320,"24-35M-320 Iridium Grip - 3.2"" x 5.2"" Grip",-- Unbranded --,-- No Unilog Brand --,-- No DIB Brand --,Mirka Abrasives Inc (MIRUS),Mirka Abrasives Inc,Mirka,,24-35M-320,,,"Mirka, Product, 24-35M-320",PRODUCT,Mirka 24-35M-320 Product,Mirka Product,Product,,,,,,,,,,,,,,,,,,,,,,,,,,,Product,Product Type,,,Size,,,Material,,,Color,,,Additional Information,,,,,,,,,,,,,,,,,,,,,,,,,,,,,,,,,,,,,,,,,,,,,,,,,,,,,,,,,,,,,,,,,,,,,,,,,,,,,,,,,,,,,,,,,,,,,,,,,,,,,,,,,,,,,,,,,,,,,,,,,,,,,,,,,,,,,,,,,,,,,,,,,,,,,,,,,,,,,,,,,,,,,,,,,,,,,,,,,,,,,,,,
,,,,,,,Tools,Power Tool Accessories,Abrasives,,9A-129-120,9A-129-120 Abranet 3x4 - 50 Sheets/Box,-- Unbranded --,-- No Unilog Brand --,-- No DIB Brand --,Mirka Abrasives Inc (MIRUS),Mirka Abrasives Inc,Mirka,,9A-129-120,,Tools & Hardware>Power Tool Accessories>Abrasives,"Mirka, Abrasive, 9A-129-120, Abrasive Net",ABRASIVE ABR NET,"Mirka 9A-129-120 Abrasive, Abrasive Net","Mirka Abrasive, Abrasive Net","Abrasive, Abrasive Net",,,,,,,,,,,,,,,,,,,,,,,,,,,Abrasive,Abrasive Type,Abrasive Net,,Grit,,,Size,,,Quantity per Package,,,Additional Information,,,,,,,,,,,,,,,,,,,,,,,,,,,,,,,,,,,,,,,,,,,,,,,,,,,,,,,,,,,,,,,,,,,,,,,,,,,,,,,,,,,,,,,,,,,,,,,,,,,,,,,,,,,,,,,,,,,,,,,,,,,,,,,,,,,,,,,,,,,,,31191500,,,,,,,,,,,,,,,,,,,,,,,,,,,,,,,,,,,,,,,,,,,
,,,,,,,Tools,Power Tool Accessories,Abrasives,,578800,578800 Festool 80x133 M GR PRO/10,-- Unbranded --,-- No Unilog Brand --,-- No DIB Brand --,Festool USA (FESTO),Festool USA,Festool,,578800,,Tools & Hardware>Power Tool Accessories>Abrasives,"Festool, Abrasive, 578800",ABRASIVE,Festool 578800 Abrasive,Festool Abrasive,Abrasive,,,,,,,,,,,,,,,,,,,,,,,,,,,Abrasive,Abrasive Type,,,Grit,,,Size,,,Quantity per Package,,,Additional Information,,,,,,,,,,,,,,,,,,,,,,,,,,,,,,,,,,,,,,,,,,,,,,,,,,,,,,,,,,,,,,,,,,,,,,,,,,,,,,,,,,,,,,,,,,,,,,,,,,,,,,,,,,,,,,,,,,,,,,,,,,,,,,,,,,,,,,,,,,,,,31191500,,,,,,,,,,,,,,,,,,,,,,,,,,,,,,,,,,,,,,,,,,,
,,,,,,,Tools,Power Tool Accessories,Abrasives,,578801,578801 Festool 80x133 F GR PRO/10,-- Unbranded --,-- No Unilog Brand --,-- No DIB Brand --,Festool USA (FESTO),Festool USA,Festool,,578801,,Tools & Hardware>Power Tool Accessories>Abrasives,"Festool, Abrasive, 578801",ABRASIVE,Festool 578801 Abrasive,Festool Abrasive,Abrasive,,,,,,,,,,,,,,,,,,,,,,,,,,,Abrasive,Abrasive Type,,,Grit,,,Size,,,Quantity per Package,,,Additional Information,,,,,,,,,,,,,,,,,,,,,,,,,,,,,,,,,,,,,,,,,,,,,,,,,,,,,,,,,,,,,,,,,,,,,,,,,,,,,,,,,,,,,,,,,,,,,,,,,,,,,,,,,,,,,,,,,,,,,,,,,,,,,,,,,,,,,,,,,,,,,31191500,,,,,,,,,,,,,,,,,,,,,,,,,,,,,,,,,,,,,,,,,,,
,,,,,,,Tools,Power Tool Accessories,Abrasives,,578802,578802 Festool 80x133 S GR PRO/10,-- Unbranded --,-- No Unilog Brand --,-- No DIB Brand --,Festool USA (FESTO),Festool USA,Festool,,578802,,Tools & Hardware>Power Tool Accessories>Abrasives,"Festool, Abrasive, 578802",ABRASIVE,Festool 578802 Abrasive,Festool Abrasive,Abrasive,,,,,,,,,,,,,,,,,,,,,,,,,,,Abrasive,Abrasive Type,,,Grit,,,Size,,,Quantity per Package,,,Additional Information,,,,,,,,,,,,,,,,,,,,,,,,,,,,,,,,,,,,,,,,,,,,,,,,,,,,,,,,,,,,,,,,,,,,,,,,,,,,,,,,,,,,,,,,,,,,,,,,,,,,,,,,,,,,,,,,,,,,,,,,,,,,,,,,,,,,,,,,,,,,,31191500,,,,,,,,,,,,,,,,,,,,,,,,,,,,,,,,,,,,,,,,,,,
,,,,,,,Tools,Power Tool Accessories,Abrasives,,578808,578808 Festool 3x4 M GR PRO/10,-- Unbranded --,-- No Unilog Brand --,-- No DIB Brand --,Festool USA (FESTO),Festool USA,Festool,,578808,,Tools & Hardware>Power Tool Accessories>Abrasives,"Festool, Abrasive, 578808",ABRASIVE,Festool 578808 Abrasive,Festool Abrasive,Abrasive,,,,,,,,,,,,,,,,,,,,,,,,,,,Abrasive,Abrasive Type,,,Grit,,,Size,,,Quantity per Package,,,Additional Information,,,,,,,,,,,,,,,,,,,,,,,,,,,,,,,,,,,,,,,,,,,,,,,,,,,,,,,,,,,,,,,,,,,,,,,,,,,,,,,,,,,,,,,,,,,,,,,,,,,,,,,,,,,,,,,,,,,,,,,,,,,,,,,,,,,,,,,,,,,,,31191500,,,,,,,,,,,,,,,,,,,,,,,,,,,,,,,,,,,,,,,,,,,
,,,,,,,Tools,Power Tool Accessories,Abrasives,,578809,578809 Festool 3x4 F GR PRO/10,-- Unbranded --,-- No Unilog Brand --,-- No DIB Brand --,Festool USA (FESTO),Festool USA,Festool,,578809,,Tools & Hardware>Power Tool Accessories>Abrasives,"Festool, Abrasive, 578809",ABRASIVE,Festool 578809 Abrasive,Festool Abrasive,Abrasive,,,,,,,,,,,,,,,,,,,,,,,,,,,Abrasive,Abrasive Type,,,Grit,,,Size,,,Quantity per Package,,,Additional Information,,,,,,,,,,,,,,,,,,,,,,,,,,,,,,,,,,,,,,,,,,,,,,,,,,,,,,,,,,,,,,,,,,,,,,,,,,,,,,,,,,,,,,,,,,,,,,,,,,,,,,,,,,,,,,,,,,,,,,,,,,,,,,,,,,,,,,,,,,,,,31191500,,,,,,,,,,,,,,,,,,,,,,,,,,,,,,,,,,,,,,,,,,,
,,,,,,,Tools,Power Tool Accessories,Abrasives,,578810,578810 Festool 3x4 S GR PRO/10,-- Unbranded --,-- No Unilog Brand --,-- No DIB Brand --,Festool USA (FESTO),Festool USA,Festool,,578810,,Tools & Hardware>Power Tool Accessories>Abrasives,"Festool, Abrasive, 578810",ABRASIVE,Festool 578810 Abrasive,Festool Abrasive,Abrasive,,,,,,,,,,,,,,,,,,,,,,,,,,,Abrasive,Abrasive Type,,,Grit,,,Size,,,Quantity per Package,,,Additional Information,,,,,,,,,,,,,,,,,,,,,,,,,,,,,,,,,,,,,,,,,,,,,,,,,,,,,,,,,,,,,,,,,,,,,,,,,,,,,,,,,,,,,,,,,,,,,,,,,,,,,,,,,,,,,,,,,,,,,,,,,,,,,,,,,,,,,,,,,,,,,31191500,,,,,,,,,,,,,,,,,,,,,,,,,,,,,,,,,,,,,,,,,,,
,,,,,,,Tools,Power Tool Accessories,Abrasives,,578811,578811 Festool 3x4 GR PRO/10-Set,-- Unbranded --,-- No Unilog Brand --,-- No DIB Brand --,Festool USA (FESTO),Festool USA,Festool,,578811,,Tools & Hardware>Power Tool Accessories>Abrasives,"Festool, Abrasive, 578811",ABRASIVE,Festool 578811 Abrasive,Festool Abrasive,Abrasive,,,,,,,,,,,,,,,,,,,,,,,,,,,Abrasive,Abrasive Type,,,Grit,,,Size,,,Quantity per Package,,,Additional Information,,,,,,,,,,,,,,,,,,,,,,,,,,,,,,,,,,,,,,,,,,,,,,,,,,,,,,,,,,,,,,,,,,,,,,,,,,,,,,,,,,,,,,,,,,,,,,,,,,,,,,,,,,,,,,,,,,,,,,,,,,,,,,,,,,,,,,,,,,,,,31191500,,,,,,,,,,,,,,,,,,,,,,,,,,,,,,,,,,,,,,,,,,,
,,,,,,,Tools,Power Tool Accessories,Abrasives,,578192,578192 Festool D 150 GR SYS - Systainer Abrasive Set,-- Unbranded --,-- No Unilog Brand --,-- No DIB Brand --,Festool USA (FESTO),Festool USA,Festool,,578192,,Tools & Hardware>Power Tool Accessories>Abrasives,"Festool, Abrasive, 578192",ABRASIVE,Festool 578192 Abrasive,Festool Abrasive,Abrasive,,,,,,,,,,,,,,,,,,,,,,,,,,,Abrasive,Abrasive Type,,,Grit,,,Size,,,Quantity per Package,,,Additional Information,,,,,,,,,,,,,,,,,,,,,,,,,,,,,,,,,,,,,,,,,,,,,,,,,,,,,,,,,,,,,,,,,,,,,,,,,,,,,,,,,,,,,,,,,,,,,,,,,,,,,,,,,,,,,,,,,,,,,,,,,,,,,,,,,,,,,,,,,,,,,31191500,,,,,,,,,,,,,,,,,,,,,,,,,,,,,,,,,,,,,,,,,,,
,,,,,,,Tools,Power Tool Accessories,Abrasives,,578806,578806 Festool Delta S GR PRO/10,-- Unbranded --,-- No Unilog Brand --,-- No DIB Brand --,Festool USA (FESTO),Festool USA,Festool,,578806,,Tools & Hardware>Power Tool Accessories>Abrasives,"Festool, Abrasive, 578806",ABRASIVE,Festool 578806 Abrasive,Festool Abrasive,Abrasive,,,,,,,,,,,,,,,,,,,,,,,,,,,Abrasive,Abrasive Type,,,Grit,,,Size,,,Quantity per Package,,,Additional Information,,,,,,,,,,,,,,,,,,,,,,,,,,,,,,,,,,,,,,,,,,,,,,,,,,,,,,,,,,,,,,,,,,,,,,,,,,,,,,,,,,,,,,,,,,,,,,,,,,,,,,,,,,,,,,,,,,,,,,,,,,,,,,,,,,,,,,,,,,,,,31191500,,,,,,,,,,,,,,,,,,,,,,,,,,,,,,,,,,,,,,,,,,,
,,,,,,,Tools,Power Tool Accessories,Saw Blades,,D0860X,"D0860X Diablo 8-1/4"" 60 Tooth - Fine Finish Saw Blade",-- Unbranded --,-- No Unilog Brand --,-- No DIB Brand --,Freud Inc (2435),Freud Inc,Diablo,,D0860X,,Tools & Hardware>Power Tool Accessories>Saw Blades,"Freud Inc Diablo, Saw Blade, D0860X, Circular Saw Blade, 8-1/4 in Diameter",SAW BLADE CIRC BLADE 8-1/4IN 60,"Diablo D0860X Saw Blade, Circular Saw Blade, 8-1/4 in Diameter, 60-Tooth","Diablo Saw Blade, Circular Saw Blade, 8-1/4 in Diameter, 60 Tooth, 8-1/4 in Arbor Size","Saw Blade, Circular Saw Blade, 8-1/4 in Diameter, 60-Tooth",,,,,,,,,,,,,,,,,,,,,,,,,,,Saw Blade,Blade Type,Circular Saw Blade,,Diameter,8-1/4,in,Tooth Count,60,,Arbor Size,8-1/4,in,Application,,,Additional Information,,,,,,,,,,,,,,,,,,,,,,,,,,,,,,,,,,,,,,,,,,,,,,,,,,,,,,,,,,,,,,,,,,,,,,,,,,,,,,,,,,,,,,,,,,,,,,,,,,,,,,,,,,,,,,,,,,,,,,,,,,,,,,,,,,,,,,,,,,27112700,,,,,,,,,,,,,,,,,,,,,,,,,,,,,,,,,,,,,,,,,,,
,,,,,,,Tools,Power Tool Accessories,Saw Blades,,48-40-0740,48-40-0740 Milw 7-1/4in. 24T - Framing Circ Saw Blade,-- Unbranded --,-- No Unilog Brand --,Milwaukee,Milwaukee Accessory (4031),Milwaukee Accessory,Milwaukee,,48-40-0740,,Tools & Hardware>Power Tool Accessories>Saw Blades,"Milwaukee, Saw Blade, 48-40-0740, Circular Saw Blade, 7-1/4 in Diameter",SAW BLADE CIRC BLADE 7-1/4IN 24,"Milwaukee 48-40-0740 Saw Blade, Circular Saw Blade, 7-1/4 in Diameter, 24-Tooth, For Wood","Milwaukee Saw Blade, Circular Saw Blade, 7-1/4 in Diameter, 24 Tooth, 7-1/4 in Arbor Size, For Wood","Saw Blade, Circular Saw Blade, 7-1/4 in Diameter, 24-Tooth, For Wood",,,,,,,,,,,,,,,,,,,,,,,,,,,Saw Blade,Blade Type,Circular Saw Blade,,Diameter,7-1/4,in,Tooth Count,24,,Arbor Size,7-1/4,in,Application,Wood,,Additional Information,,,,,,,,,,,,,,,,,,,,,,,,,,,,,,,,,,,,,,,,,,,,,,,,,,,,,,,,,,,,,,,,,,,,,,,,,,,,,,,,,,,,,,,,,,,,,,,,,,,,,,,,,,,,,,,,,,,,,,,,,,,,,,,,,,,,,,,,,,27112700,,,,,,,,,,,,,,,,,,,,,,,,,,,,,,,,,,,,,,,,,,,
,,,,,,,Tools,Power Tool Accessories,Saw Blades,,48-41-0740,48-41-0740 Milw7-1/4 24TFrming - Blade,-- Unbranded --,-- No Unilog Brand --,-- No DIB Brand --,Milwaukee Accessory (4031),Milwaukee Accessory,,,48-41-0740,,Tools & Hardware>Power Tool Accessories>Saw Blades,"Milwaukee Accessory, Saw Blade, 48-41-0740",SAW BLADE,48-41-0740 Saw Blade,Saw Blade,Saw Blade,,,,,,,,,,,,,,,,,,,,,,,,,,,Saw Blade,Blade Type,,,Diameter,,,Tooth Count,,,Arbor Size,,,Application,,,Additional Information,,,,,,,,,,,,,,,,,,,,,,,,,,,,,,,,,,,,,,,,,,,,,,,,,,,,,,,,,,,,,,,,,,,,,,,,,,,,,,,,,,,,,,,,,,,,,,,,,,,,,,,,,,,,,,,,,,,,,,,,,,,,,,,,,,,,,,,,,,27112700,,,,,,,,,,,,,,,,,,,,,,,,,,,,,,,,,,,,,,,,,,,
,,,,,,,Tools,Power Tool Accessories,Saw Blades,,A-96095,"A-96095 Makita 5-7/8"" 32T Saw Blade",-- Unbranded --,-- No Unilog Brand --,-- No DIB Brand --,Makita Usa Inc (5142),Makita Usa Inc,Makita,,A-96095,,Tools & Hardware>Power Tool Accessories>Saw Blades,"Makita, Saw Blade, A-96095, Circular Saw Blade, 5-7/8 in Diameter, 32 Tooth",SAW BLADE CIRC BLADE 5-7/8IN 32,"Makita A-96095 Saw Blade, Circular Saw Blade, 5-7/8 in Diameter, 32-Tooth","Makita Saw Blade, Circular Saw Blade, 5-7/8 in Diameter, 32 Tooth, 5-7/8 in Arbor Size","Saw Blade, Circular Saw Blade, 5-7/8 in Diameter, 32-Tooth",,,,,,,,,,,,,,,,,,,,,,,,,,,Saw Blade,Blade Type,Circular Saw Blade,,Diameter,5-7/8,in,Tooth Count,32,,Arbor Size,5-7/8,in,Application,,,Additional Information,,,,,,,,,,,,,,,,,,,,,,,,,,,,,,,,,,,,,,,,,,,,,,,,,,,,,,,,,,,,,,,,,,,,,,,,,,,,,,,,,,,,,,,,,,,,,,,,,,,,,,,,,,,,,,,,,,,,,,,,,,,,,,,,,,,,,,,,,,27112700,,,,,,,,,,,,,,,,,,,,,,,,,,,,,,,,,,,,,,,,,,,
,,,,,,,Tools,Power Tool Accessories,Saw Blades,,D0760UX,"D0760UX Diablo 7-1/4"" 60T Circ - Saw Blade",-- Unbranded --,-- No Unilog Brand --,Diablo,Freud Inc (2435),Freud Inc,Diablo,,D0760UX,,Tools & Hardware>Power Tool Accessories>Saw Blades,"Freud Inc Diablo, Saw Blade, D0760UX, Circular Saw Blade, 7-1/4 in Diameter",SAW BLADE CIRC BLADE 7-1/4IN 60,"Diablo D0760UX Saw Blade, Circular Saw Blade, 7-1/4 in Diameter, 60-Tooth","Diablo Saw Blade, Circular Saw Blade, 7-1/4 in Diameter, 60 Tooth, 7-1/4 in Arbor Size","Saw Blade, Circular Saw Blade, 7-1/4 in Diameter, 60-Tooth",,,,,,,,,,,,,,,,,,,,,,,,,,,Saw Blade,Blade Type,Circular Saw Blade,,Diameter,7-1/4,in,Tooth Count,60,,Arbor Size,7-1/4,in,Application,,,Additional Information,,,,,,,,,,,,,,,,,,,,,,,,,,,,,,,,,,,,,,,,,,,,,,,,,,,,,,,,,,,,,,,,,,,,,,,,,,,,,,,,,,,,,,,,,,,,,,,,,,,,,,,,,,,,,,,,,,,,,,,,,,,,,,,,,,,,,,,,,,27112700,,,,,,,,,,,,,,,,,,,,,,,,,,,,,,,,,,,,,,,,,,,
,,,,,,,Tools,Power Tool Accessories,Saw Blades,,230.312.08,230.312.08 CMT Locked Dado Pro Set,-- Unbranded --,-- No Unilog Brand --,-- No DIB Brand --,CMT USA Inc (CMTUS),CMT USA Inc,CMT,,230.312.08,,Tools & Hardware>Power Tool Accessories>Saw Blades,"CMT, Saw Blade, 230.312.08, Dado Set",SAW BLADE DADO SET,"CMT 230.312.08 Saw Blade, Dado Set","CMT Saw Blade, Dado Set","Saw Blade, Dado Set",,,,,,,,,,,,,,,,,,,,,,,,,,,Saw Blade,Blade Type,Dado Set,,Diameter,,,Tooth Count,,,Arbor Size,,,Application,,,Additional Information,,,,,,,,,,,,,,,,,,,,,,,,,,,,,,,,,,,,,,,,,,,,,,,,,,,,,,,,,,,,,,,,,,,,,,,,,,,,,,,,,,,,,,,,,,,,,,,,,,,,,,,,,,,,,,,,,,,,,,,,,,,,,,,,,,,,,,,,,,27112700,,,,,,,,,,,,,,,,,,,,,,,,,,,,,,,,,,,,,,,,,,,
,,,,,,,Tools,Power Tool Accessories,Saw Blades,,D0708LF,"D0708LF Saw Blade 7-1/4""x8 - Laminate & Wood Flooring",-- Unbranded --,-- No Unilog Brand --,-- No DIB Brand --,Freud Inc (2435),Freud Inc,,,D0708LF,,Tools & Hardware>Power Tool Accessories>Saw Blades,"Freud Inc, Saw Blade, D0708LF, Circular Saw Blade, 7-1/4 in Diameter",SAW BLADE CIRC BLADE 7-1/4IN,"D0708LF Saw Blade, Circular Saw Blade, 7-1/4 in Diameter, For Laminate","Saw Blade, Circular Saw Blade, 7-1/4 in Diameter, 8 in Arbor Size, For Laminate","Saw Blade, Circular Saw Blade, 7-1/4 in Diameter, For Laminate",,,,,,,,,,,,,,,,,,,,,,,,,,,Saw Blade,Blade Type,Circular Saw Blade,,Diameter,7-1/4,in,Tooth Count,,,Arbor Size,8,in,Application,Laminate,,Additional Information,,,,,,,,,,,,,,,,,,,,,,,,,,,,,,,,,,,,,,,,,,,,,,,,,,,,,,,,,,,,,,,,,,,,,,,,,,,,,,,,,,,,,,,,,,,,,,,,,,,,,,,,,,,,,,,,,,,,,,,,,,,,,,,,,,,,,,,,,,27112700,,,,,,,,,,,,,,,,,,,,,,,,,,,,,,,,,,,,,,,,,,,
,,,,,,,Tools,Power Tool Accessories,Saw Blades,,D1012LF,"D1012LF Saw Blade 10""x12Teeth - Laminate & Wood Flooring",-- Unbranded --,-- No Unilog Brand --,-- No DIB Brand --,Freud Inc (2435),Freud Inc,,,D1012LF,,Tools & Hardware>Power Tool Accessories>Saw Blades,"Freud Inc, Saw Blade, D1012LF, Circular Saw Blade, 10 in Diameter, 12 Tooth",SAW BLADE CIRC BLADE 10IN 12,"D1012LF Saw Blade, Circular Saw Blade, 10 in Diameter, 12-Tooth, For Laminate","Saw Blade, Circular Saw Blade, 10 in Diameter, 12 Tooth, 12 in Arbor Size, For Laminate","Saw Blade, Circular Saw Blade, 10 in Diameter, 12-Tooth, For Laminate",,,,,,,,,,,,,,,,,,,,,,,,,,,Saw Blade,Blade Type,Circular Saw Blade,,Diameter,10,in,Tooth Count,12,,Arbor Size,12,in,Application,Laminate,,Additional Information,,,,,,,,,,,,,,,,,,,,,,,,,,,,,,,,,,,,,,,,,,,,,,,,,,,,,,,,,,,,,,,,,,,,,,,,,,,,,,,,,,,,,,,,,,,,,,,,,,,,,,,,,,,,,,,,,,,,,,,,,,,,,,,,,,,,,,,,,,27112700,,,,,,,,,,,,,,,,,,,,,,,,,,,,,,,,,,,,,,,,,,,
,,,,,,,Tools,Power Tool Accessories,Saw Blades,,D1216LF,"D1216LF Saw Blade 12""x16Teeth - Laminate & Wood Flooring",-- Unbranded --,-- No Unilog Brand --,-- No DIB Brand --,Freud Inc (2435),Freud Inc,,,D1216LF,,Tools & Hardware>Power Tool Accessories>Saw Blades,"Freud Inc, Saw Blade, D1216LF, Circular Saw Blade, 12 in Diameter, 16 Tooth",SAW BLADE CIRC BLADE 12IN 16,"D1216LF Saw Blade, Circular Saw Blade, 12 in Diameter, 16-Tooth, For Laminate","Saw Blade, Circular Saw Blade, 12 in Diameter, 16 Tooth, 16 in Arbor Size, For Laminate","Saw Blade, Circular Saw Blade, 12 in Diameter, 16-Tooth, For Laminate",,,,,,,,,,,,,,,,,,,,,,,,,,,Saw Blade,Blade Type,Circular Saw Blade,,Diameter,12,in,Tooth Count,16,,Arbor Size,16,in,Application,Laminate,,Additional Information,,,,,,,,,,,,,,,,,,,,,,,,,,,,,,,,,,,,,,,,,,,,,,,,,,,,,,,,,,,,,,,,,,,,,,,,,,,,,,,,,,,,,,,,,,,,,,,,,,,,,,,,,,,,,,,,,,,,,,,,,,,,,,,,,,,,,,,,,,27112700,,,,,,,,,,,,,,,,,,,,,,,,,,,,,,,,,,,,,,,,,,,
,,,,,,,Tools,Power Tool Accessories,Saw Blades,,DWA47421,"DWA47421 Dewalt 14"" Segmented - Rim Diamond Blade",-- Unbranded --,-- No Unilog Brand --,DEWALT,Black & Decker/dewlt (2585),Black & Decker/dewlt,DEWALT,,DWA47421,,Tools & Hardware>Power Tool Accessories>Saw Blades,"Black & Decker/dewlt DEWALT, Saw Blade, DWA47421, Diamond Blade, 14 in Diameter",SAW BLADE DIAMOND BLADE 14IN,"DEWALT DWA47421 Saw Blade, Diamond Blade, 14 in Diameter","DEWALT Saw Blade, Diamond Blade, 14 in Diameter, 14 in Arbor Size","Saw Blade, Diamond Blade, 14 in Diameter",,,,,,,,,,,,,,,,,,,,,,,,,,,Saw Blade,Blade Type,Diamond Blade,,Diameter,14,in,Tooth Count,,,Arbor Size,14,in,Application,,,Additional Information,,,,,,,,,,,,,,,,,,,,,,,,,,,,,,,,,,,,,,,,,,,,,,,,,,,,,,,,,,,,,,,,,,,,,,,,,,,,,,,,,,,,,,,,,,,,,,,,,,,,,,,,,,,,,,,,,,,,,,,,,,,,,,,,,,,,,,,,,,27112700,,,,,,,,,,,,,,,,,,,,,,,,,,,,,,,,,,,,,,,,,,,
,,,,,,,Tools,Power Tool Accessories,Saw Blades,,DWA4769,"DWA4769 Dewalt Rim Glass Tile - Blade 10""",-- Unbranded --,-- No Unilog Brand --,-- No DIB Brand --,Black & Decker/dewlt (2585),Black & Decker/dewlt,DEWALT,,DWA4769,,Tools & Hardware>Power Tool Accessories>Saw Blades,"Black & Decker/dewlt DEWALT, Saw Blade, DWA4769, 10 in Diameter, For Tile",SAW BLADE 10IN,"DEWALT DWA4769 Saw Blade, 10 in Diameter, For Tile","DEWALT Saw Blade, 10 in Diameter, 10 in Arbor Size, For Tile","Saw Blade, 10 in Diameter, For Tile",,,,,,,,,,,,,,,,,,,,,,,,,,,Saw Blade,Blade Type,,,Diameter,10,in,Tooth Count,,,Arbor Size,10,in,Application,Tile,,Additional Information,,,,,,,,,,,,,,,,,,,,,,,,,,,,,,,,,,,,,,,,,,,,,,,,,,,,,,,,,,,,,,,,,,,,,,,,,,,,,,,,,,,,,,,,,,,,,,,,,,,,,,,,,,,,,,,,,,,,,,,,,,,,,,,,,,,,,,,,,,27112700,,,,,,,,,,,,,,,,,,,,,,,,,,,,,,,,,,,,,,,,,,,
,,,,,,,Tools,Power Tool Accessories,Saw Blades,,49-93-9204,"49-93-9204 Milw 4-1/2"" Diamond - Tile Blade",-- Unbranded --,-- No Unilog Brand --,-- No DIB Brand --,Milwaukee Accessory (4031),Milwaukee Accessory,Milwaukee,,49-93-9204,,Tools & Hardware>Power Tool Accessories>Saw Blades,"Milwaukee, Saw Blade, 49-93-9204, Diamond Blade, 4-1/2 in Diameter, For Tile",SAW BLADE DIAMOND BLADE 4-1/2IN,"Milwaukee 49-93-9204 Saw Blade, Diamond Blade, 4-1/2 in Diameter, For Tile","Milwaukee Saw Blade, Diamond Blade, 4-1/2 in Diameter, 4-1/2 in Arbor Size, For Tile","Saw Blade, Diamond Blade, 4-1/2 in Diameter, For Tile",,,,,,,,,,,,,,,,,,,,,,,,,,,Saw Blade,Blade Type,Diamond Blade,,Diameter,4-1/2,in,Tooth Count,,,Arbor Size,4-1/2,in,Application,Tile,,Additional Information,,,,,,,,,,,,,,,,,,,,,,,,,,,,,,,,,,,,,,,,,,,,,,,,,,,,,,,,,,,,,,,,,,,,,,,,,,,,,,,,,,,,,,,,,,,,,,,,,,,,,,,,,,,,,,,,,,,,,,,,,,,,,,,,,,,,,,,,,,27112700,,,,,,,,,,,,,,,,,,,,,,,,,,,,,,,,,,,,,,,,,,,
,,,,,,,Tools,Power Tool Accessories,Saw Blades,,49-93-9207,"49-93-9207 Milw 7"" Diamond - Tile Blade",-- Unbranded --,-- No Unilog Brand --,-- No DIB Brand --,Milwaukee Accessory (4031),Milwaukee Accessory,Milwaukee,,49-93-9207,,Tools & Hardware>Power Tool Accessories>Saw Blades,"Milwaukee, Saw Blade, 49-93-9207, Diamond Blade, 7 in Diameter, For Tile",SAW BLADE DIAMOND BLADE 7IN,"Milwaukee 49-93-9207 Saw Blade, Diamond Blade, 7 in Diameter, For Tile","Milwaukee Saw Blade, Diamond Blade, 7 in Diameter, 7 in Arbor Size, For Tile","Saw Blade, Diamond Blade, 7 in Diameter, For Tile",,,,,,,,,,,,,,,,,,,,,,,,,,,Saw Blade,Blade Type,Diamond Blade,,Diameter,7,in,Tooth Count,,,Arbor Size,7,in,Application,Tile,,Additional Information,,,,,,,,,,,,,,,,,,,,,,,,,,,,,,,,,,,,,,,,,,,,,,,,,,,,,,,,,,,,,,,,,,,,,,,,,,,,,,,,,,,,,,,,,,,,,,,,,,,,,,,,,,,,,,,,,,,,,,,,,,,,,,,,,,,,,,,,,,27112700,,,,,,,,,,,,,,,,,,,,,,,,,,,,,,,,,,,,,,,,,,,
,,,,,,,Tools,Power Tool Accessories,Saw Blades,,49-93-9210,"49-93-9210 Milw 10"" Diamond - Tile Blade",-- Unbranded --,-- No Unilog Brand --,-- No DIB Brand --,Milwaukee Accessory (4031),Milwaukee Accessory,Milwaukee,,49-93-9210,,Tools & Hardware>Power Tool Accessories>Saw Blades,"Milwaukee, Saw Blade, 49-93-9210, Diamond Blade, 10 in Diameter, For Tile",SAW BLADE DIAMOND BLADE 10IN,"Milwaukee 49-93-9210 Saw Blade, Diamond Blade, 10 in Diameter, For Tile","Milwaukee Saw Blade, Diamond Blade, 10 in Diameter, 10 in Arbor Size, For Tile","Saw Blade, Diamond Blade, 10 in Diameter, For Tile",,,,,,,,,,,,,,,,,,,,,,,,,,,Saw Blade,Blade Type,Diamond Blade,,Diameter,10,in,Tooth Count,,,Arbor Size,10,in,Application,Tile,,Additional Information,,,,,,,,,,,,,,,,,,,,,,,,,,,,,,,,,,,,,,,,,,,,,,,,,,,,,,,,,,,,,,,,,,,,,,,,,,,,,,,,,,,,,,,,,,,,,,,,,,,,,,,,,,,,,,,,,,,,,,,,,,,,,,,,,,,,,,,,,,27112700,,,,,,,,,,,,,,,,,,,,,,,,,,,,,,,,,,,,,,,,,,,
,,,,,,,Tools,Power Tool Accessories,Saw Blades,,49-93-9202,"49-93-9202 Milw 4"" Diamond - Tile Blade",-- Unbranded --,-- No Unilog Brand --,-- No DIB Brand --,Milwaukee Accessory (4031),Milwaukee Accessory,Milwaukee,,49-93-9202,,Tools & Hardware>Power Tool Accessories>Saw Blades,"Milwaukee, Saw Blade, 49-93-9202, Diamond Blade, 4 in Diameter, For Tile",SAW BLADE DIAMOND BLADE 4IN,"Milwaukee 49-93-9202 Saw Blade, Diamond Blade, 4 in Diameter, For Tile","Milwaukee Saw Blade, Diamond Blade, 4 in Diameter, 4 in Arbor Size, For Tile","Saw Blade, Diamond Blade, 4 in Diameter, For Tile",,,,,,,,,,,,,,,,,,,,,,,,,,,Saw Blade,Blade Type,Diamond Blade,,Diameter,4,in,Tooth Count,,,Arbor Size,4,in,Application,Tile,,Additional Information,,,,,,,,,,,,,,,,,,,,,,,,,,,,,,,,,,,,,,,,,,,,,,,,,,,,,,,,,,,,,,,,,,,,,,,,,,,,,,,,,,,,,,,,,,,,,,,,,,,,,,,,,,,,,,,,,,,,,,,,,,,,,,,,,,,,,,,,,,27112700,,,,,,,,,,,,,,,,,,,,,,,,,,,,,,,,,,,,,,,,,,,
,,,,,,,Tools,Power Tool Accessories,Saw Blades,,49-93-9205,"49-93-9205 Milw 5"" Diamond - Tile Blade",-- Unbranded --,-- No Unilog Brand --,-- No DIB Brand --,Milwaukee Accessory (4031),Milwaukee Accessory,Milwaukee,,49-93-9205,,Tools & Hardware>Power Tool Accessories>Saw Blades,"Milwaukee, Saw Blade, 49-93-9205, Diamond Blade, 5 in Diameter, For Tile",SAW BLADE DIAMOND BLADE 5IN,"Milwaukee 49-93-9205 Saw Blade, Diamond Blade, 5 in Diameter, For Tile","Milwaukee Saw Blade, Diamond Blade, 5 in Diameter, 5 in Arbor Size, For Tile","Saw Blade, Diamond Blade, 5 in Diameter, For Tile",,,,,,,,,,,,,,,,,,,,,,,,,,,Saw Blade,Blade Type,Diamond Blade,,Diameter,5,in,Tooth Count,,,Arbor Size,5,in,Application,Tile,,Additional Information,,,,,,,,,,,,,,,,,,,,,,,,,,,,,,,,,,,,,,,,,,,,,,,,,,,,,,,,,,,,,,,,,,,,,,,,,,,,,,,,,,,,,,,,,,,,,,,,,,,,,,,,,,,,,,,,,,,,,,,,,,,,,,,,,,,,,,,,,,27112700,,,,,,,,,,,,,,,,,,,,,,,,,,,,,,,,,,,,,,,,,,,
,,,,,,,Tools,Power Tool Accessories,Saw Blades,,49-22-4702,49-22-4702 Milw 13pc Quik-Lock Hole Dozer Kit,-- Unbranded --,-- No Unilog Brand --,-- No DIB Brand --,Milwaukee Accessory (4031),Milwaukee Accessory,Milwaukee,,49-22-4702,,Tools & Hardware>Power Tool Accessories>Saw Blades,"Milwaukee, Saw Blade, 49-22-4702, Hole Saw",SAW BLADE HOLE SAW,"Milwaukee 49-22-4702 Saw Blade, Hole Saw","Milwaukee Saw Blade, Hole Saw","Saw Blade, Hole Saw",,,,,,,,,,,,,,,,,,,,,,,,,,,Saw Blade,Blade Type,Hole Saw,,Diameter,,,Tooth Count,,,Arbor Size,,,Application,,,Additional Information,,,,,,,,,,,,,,,,,,,,,,,,,,,,,,,,,,,,,,,,,,,,,,,,,,,,,,,,,,,,,,,,,,,,,,,,,,,,,,,,,,,,,,,,,,,,,,,,,,,,,,,,,,,,,,,,,,,,,,,,,,,,,,,,,,,,,,,,,,27112700,,,,,,,,,,,,,,,,,,,,,,,,,,,,,,,,,,,,,,,,,,,
,,,,,,,Tools,Power Tool Accessories,Saw Blades,,DJT155HHM,"DJT155HHM Diablo 3-3/5"" 10 TPI - Jig Saw Blade",-- Unbranded --,-- No Unilog Brand --,-- No DIB Brand --,Freud Inc (2435),Freud Inc,Diablo,,DJT155HHM,,Tools & Hardware>Power Tool Accessories>Saw Blades,"Freud Inc Diablo, Saw Blade, DJT155HHM, Jig Saw Blade, 3-3/5 in Diameter",SAW BLADE JIG SAW BLADE 3-3/5IN,"Diablo DJT155HHM Saw Blade, Jig Saw Blade, 3-3/5 in Diameter","Diablo Saw Blade, Jig Saw Blade, 3-3/5 in Diameter, 3-3/5 in Arbor Size","Saw Blade, Jig Saw Blade, 3-3/5 in Diameter",,,,,,,,,,,,,,,,,,,,,,,,,,,Saw Blade,Blade Type,Jig Saw Blade,,Diameter,3-3/5,in,Tooth Count,,,Arbor Size,3-3/5,in,Application,,,Additional Information,,,,,,,,,,,,,,,,,,,,,,,,,,,,,,,,,,,,,,,,,,,,,,,,,,,,,,,,,,,,,,,,,,,,,,,,,,,,,,,,,,,,,,,,,,,,,,,,,,,,,,,,,,,,,,,,,,,,,,,,,,,,,,,,,,,,,,,,,,27112700,,,,,,,,,,,,,,,,,,,,,,,,,,,,,,,,,,,,,,,,,,,
,,,,,,,Tools,Power Tool Accessories,Saw Blades,,790.82,790.820 CMT Planer Blade 2pc,-- Unbranded --,-- No Unilog Brand --,-- No DIB Brand --,CMT USA Inc (CMTUS),CMT USA Inc,CMT,,790.82,,Tools & Hardware>Power Tool Accessories>Saw Blades,"CMT, Saw Blade, 790.82, Planer Blade",SAW BLADE PLANER BLADE,"CMT 790.82 Saw Blade, Planer Blade","CMT Saw Blade, Planer Blade","Saw Blade, Planer Blade",,,,,,,,,,,,,,,,,,,,,,,,,,,Saw Blade,Blade Type,Planer Blade,,Diameter,,,Tooth Count,,,Arbor Size,,,Application,,,Additional Information,,,,,,,,,,,,,,,,,,,,,,,,,,,,,,,,,,,,,,,,,,,,,,,,,,,,,,,,,,,,,,,,,,,,,,,,,,,,,,,,,,,,,,,,,,,,,,,,,,,,,,,,,,,,,,,,,,,,,,,,,,,,,,,,,,,,,,,,,,27112700,,,,,,,,,,,,,,,,,,,,,,,,,,,,,,,,,,,,,,,,,,,
,,,,,,,Tools,Power Tool Accessories,Saw Blades,,794.321,794.321 HS Planer Knives 3pc,-- Unbranded --,-- No Unilog Brand --,-- No DIB Brand --,CMT USA Inc (CMTUS),CMT USA Inc,,,794.321,,Tools & Hardware>Power Tool Accessories>Saw Blades,"CMT USA Inc, Saw Blade, 794.321, Planer Blade",SAW BLADE PLANER BLADE,"794.321 Saw Blade, Planer Blade","Saw Blade, Planer Blade","Saw Blade, Planer Blade",,,,,,,,,,,,,,,,,,,,,,,,,,,Saw Blade,Blade Type,Planer Blade,,Diameter,,,Tooth Count,,,Arbor Size,,,Application,,,Additional Information,,,,,,,,,,,,,,,,,,,,,,,,,,,,,,,,,,,,,,,,,,,,,,,,,,,,,,,,,,,,,,,,,,,,,,,,,,,,,,,,,,,,,,,,,,,,,,,,,,,,,,,,,,,,,,,,,,,,,,,,,,,,,,,,,,,,,,,,,,27112700,,,,,,,,,,,,,,,,,,,,,,,,,,,,,,,,,,,,,,,,,,,
,,,,,,,Tools,Power Tool Accessories,Saw Blades,,49-22-5641,49-22-5641 Milw Packout 15pc - Sawzall Blade Kit,-- Unbranded --,-- No Unilog Brand --,-- No DIB Brand --,Milwaukee Accessory (4031),Milwaukee Accessory,Milwaukee,,49-22-5641,,Tools & Hardware>Power Tool Accessories>Saw Blades,"Milwaukee, Saw Blade, 49-22-5641, Reciprocating Blade",SAW BLADE RECIP BLADE,"Milwaukee 49-22-5641 Saw Blade, Reciprocating Blade","Milwaukee Saw Blade, Reciprocating Blade","Saw Blade, Reciprocating Blade",,,,,,,,,,,,,,,,,,,,,,,,,,,Saw Blade,Blade Type,Reciprocating Blade,,Diameter,,,Tooth Count,,,Arbor Size,,,Application,,,Additional Information,,,,,,,,,,,,,,,,,,,,,,,,,,,,,,,,,,,,,,,,,,,,,,,,,,,,,,,,,,,,,,,,,,,,,,,,,,,,,,,,,,,,,,,,,,,,,,,,,,,,,,,,,,,,,,,,,,,,,,,,,,,,,,,,,,,,,,,,,,27112700,,,,,,,,,,,,,,,,,,,,,,,,,,,,,,,,,,,,,,,,,,,
,,,,,,,Tools,Power Tool Accessories,Saw Blades,,D0604TSH,"D0604TSH Diablo 6-1/2"" 4-Tooth - Cement Track Saw Blade",-- Unbranded --,-- No Unilog Brand --,-- No DIB Brand --,Freud Inc (2435),Freud Inc,Diablo,,D0604TSH,,Tools & Hardware>Power Tool Accessories>Saw Blades,"Freud Inc Diablo, Saw Blade, D0604TSH, Circular Saw Blade, 6-1/2 in Diameter",SAW BLADE CIRC BLADE 6-1/2IN,"Diablo D0604TSH Saw Blade, Circular Saw Blade, 6-1/2 in Diameter, For Cement","Diablo Saw Blade, Circular Saw Blade, 6-1/2 in Diameter, 6-1/2 in Arbor Size, For Cement","Saw Blade, Circular Saw Blade, 6-1/2 in Diameter, For Cement",,,,,,,,,,,,,,,,,,,,,,,,,,,Saw Blade,Blade Type,Circular Saw Blade,,Diameter,6-1/2,in,Tooth Count,,,Arbor Size,6-1/2,in,Application,Cement,,Additional Information,,,,,,,,,,,,,,,,,,,,,,,,,,,,,,,,,,,,,,,,,,,,,,,,,,,,,,,,,,,,,,,,,,,,,,,,,,,,,,,,,,,,,,,,,,,,,,,,,,,,,,,,,,,,,,,,,,,,,,,,,,,,,,,,,,,,,,,,,,27112700,,,,,,,,,,,,,,,,,,,,,,,,,,,,,,,,,,,,,,,,,,,
,,,,,,,Tools,Power Tool Accessories,Saw Blades,,D0620TSR,"D0620TSR Diablo 6-1/2""20 Tooth - Framing Saw Blade",-- Unbranded --,-- No Unilog Brand --,-- No DIB Brand --,Freud Inc (2435),Freud Inc,Diablo,,D0620TSR,,Tools & Hardware>Power Tool Accessories>Saw Blades,"Freud Inc Diablo, Saw Blade, D0620TSR, Circular Saw Blade, 20 Tooth, For Wood",SAW BLADE CIRC BLADE 20,"Diablo D0620TSR Saw Blade, Circular Saw Blade, 20-Tooth, For Wood","Diablo Saw Blade, Circular Saw Blade, 20 Tooth, For Wood","Saw Blade, Circular Saw Blade, 20-Tooth, For Wood",,,,,,,,,,,,,,,,,,,,,,,,,,,Saw Blade,Blade Type,Circular Saw Blade,,Diameter,,,Tooth Count,20,,Arbor Size,,,Application,Wood,,Additional Information,,,,,,,,,,,,,,,,,,,,,,,,,,,,,,,,,,,,,,,,,,,,,,,,,,,,,,,,,,,,,,,,,,,,,,,,,,,,,,,,,,,,,,,,,,,,,,,,,,,,,,,,,,,,,,,,,,,,,,,,,,,,,,,,,,,,,,,,,,27112700,,,,,,,,,,,,,,,,,,,,,,,,,,,,,,,,,,,,,,,,,,,
,,,,,,,Tools,Power Tool Accessories,Saw Blades,,D0648TSF,"D0648TSF Diablo 6-1/2""48 Tooth - Plywood Track Saw Blade",-- Unbranded --,-- No Unilog Brand --,-- No DIB Brand --,Freud Inc (2435),Freud Inc,Diablo,,D0648TSF,,Tools & Hardware>Power Tool Accessories>Saw Blades,"Freud Inc Diablo, Saw Blade, D0648TSF, Circular Saw Blade, 48 Tooth, For Wood",SAW BLADE CIRC BLADE 48,"Diablo D0648TSF Saw Blade, Circular Saw Blade, 48-Tooth, For Wood","Diablo Saw Blade, Circular Saw Blade, 48 Tooth, For Wood","Saw Blade, Circular Saw Blade, 48-Tooth, For Wood",,,,,,,,,,,,,,,,,,,,,,,,,,,Saw Blade,Blade Type,Circular Saw Blade,,Diameter,,,Tooth Count,48,,Arbor Size,,,Application,Wood,,Additional Information,,,,,,,,,,,,,,,,,,,,,,,,,,,,,,,,,,,,,,,,,,,,,,,,,,,,,,,,,,,,,,,,,,,,,,,,,,,,,,,,,,,,,,,,,,,,,,,,,,,,,,,,,,,,,,,,,,,,,,,,,,,,,,,,,,,,,,,,,,27112700,,,,,,,,,,,,,,,,,,,,,,,,,,,,,,,,,,,,,,,,,,,
,,,,,,,Tools,Power Tool Accessories,Saw Blades,,D0652TSL,"D0652TSL Diablo 6-1/2""52 Tooth - Laminate Track Saw Blade",-- Unbranded --,-- No Unilog Brand --,-- No DIB Brand --,Freud Inc (2435),Freud Inc,Diablo,,D0652TSL,,Tools & Hardware>Power Tool Accessories>Saw Blades,"Freud Inc Diablo, Saw Blade, D0652TSL, Circular Saw Blade, 52 Tooth",SAW BLADE CIRC BLADE 52,"Diablo D0652TSL Saw Blade, Circular Saw Blade, 52-Tooth, For Laminate","Diablo Saw Blade, Circular Saw Blade, 52 Tooth, For Laminate","Saw Blade, Circular Saw Blade, 52-Tooth, For Laminate",,,,,,,,,,,,,,,,,,,,,,,,,,,Saw Blade,Blade Type,Circular Saw Blade,,Diameter,,,Tooth Count,52,,Arbor Size,,,Application,Laminate,,Additional Information,,,,,,,,,,,,,,,,,,,,,,,,,,,,,,,,,,,,,,,,,,,,,,,,,,,,,,,,,,,,,,,,,,,,,,,,,,,,,,,,,,,,,,,,,,,,,,,,,,,,,,,,,,,,,,,,,,,,,,,,,,,,,,,,,,,,,,,,,,27112700,,,,,,,,,,,,,,,,,,,,,,,,,,,,,,,,,,,,,,,,,,,
,,,,,,,Tools,Machinery,Woodworking Machinery,,JT1-549,"JT1-549 JWBS18SFX 18"" Bandsaw - 1.75HP 1PH 115V",-- Unbranded --,-- No Unilog Brand --,-- No DIB Brand --,JPW Industries (JPWIN),JPW Industries,,,JT1-549,,Tools & Hardware>Machinery>Woodworking Machinery,"JPW Industries, Woodworking Machine, JT1-549, Band Saw, 18 in Capacity",WW MACH BND SAW 18IN 1-3/4HP,"JT1-549 Woodworking Machine, Band Saw, 18 in Capacity, 1-3/4 hp Motor Power, 115 V","Woodworking Machine, Band Saw, 18 in Capacity, 1-3/4 hp Motor Power, 115 V, 1 Phase","Woodworking Machine, Band Saw, 18 in Capacity, 1-3/4 hp Motor Power, 115 V",,,,,,,,,,,,,,,,,,,,,,,,,,,Woodworking Machine,Machine Type,Band Saw,,Capacity,18,in,Motor Power,1-3/4,hp,Voltage Rating,115,V,Phase,1,,Additional Information,,,,,,,,,,,,,,,,,,,,,,,,,,,,,,,,,,,,,,,,,,,,,,,,,,,,,,,,,,,,,,,,,,,,,,,,,,,,,,,,,,,,,,,,,,,,,,,,,,,,,,,,,,,,,,,,,,,,,,,,,,,,,,,,,,,,,,,,,,23153000,,,,,,,,,,,,,,,,,,,,,,,,,,,,,,,,,,,,,,,,,,,
,,,,,,,Tools,Machinery,Woodworking Machinery,,JT1-1371,"JWBS14-SFX-BLK Jet 14"" Bandsaw - JT1-1371",-- Unbranded --,-- No Unilog Brand --,-- No DIB Brand --,JPW Industries (JPWIN),JPW Industries,,,JT1-1371,,Tools & Hardware>Machinery>Woodworking Machinery,"JPW Industries, Woodworking Machine, JT1-1371, Band Saw, 14 in Capacity",WW MACH BND SAW 14IN,"JT1-1371 Woodworking Machine, Band Saw, 14 in Capacity","Woodworking Machine, Band Saw, 14 in Capacity","Woodworking Machine, Band Saw, 14 in Capacity",,,,,,,,,,,,,,,,,,,,,,,,,,,Woodworking Machine,Machine Type,Band Saw,,Capacity,14,in,Motor Power,,,Voltage Rating,,,Phase,,,Additional Information,,,,,,,,,,,,,,,,,,,,,,,,,,,,,,,,,,,,,,,,,,,,,,,,,,,,,,,,,,,,,,,,,,,,,,,,,,,,,,,,,,,,,,,,,,,,,,,,,,,,,,,,,,,,,,,,,,,,,,,,,,,,,,,,,,,,,,,,,,23153000,,,,,,,,,,,,,,,,,,,,,,,,,,,,,,,,,,,,,,,,,,,
,,,,,,,Tools,Machinery,Woodworking Machinery,,JT9-714400K,"JWBS-14SFX 14"" Bandsaw JTP-714400K",-- Unbranded --,-- No Unilog Brand --,-- No DIB Brand --,JPW Industries (JPWIN),JPW Industries,Jet,,JT9-714400K,,Tools & Hardware>Machinery>Woodworking Machinery,"JPW Industries Jet, Woodworking Machine, JT9-714400K, Band Saw, 14 in Capacity",WW MACH BND SAW 14IN,"Jet JT9-714400K Woodworking Machine, Band Saw, 14 in Capacity","Jet Woodworking Machine, Band Saw, 14 in Capacity","Woodworking Machine, Band Saw, 14 in Capacity",,,,,,,,,,,,,,,,,,,,,,,,,,,Woodworking Machine,Machine Type,Band Saw,,Capacity,14,in,Motor Power,,,Voltage Rating,,,Phase,,,Additional Information,,,,,,,,,,,,,,,,,,,,,,,,,,,,,,,,,,,,,,,,,,,,,,,,,,,,,,,,,,,,,,,,,,,,,,,,,,,,,,,,,,,,,,,,,,,,,,,,,,,,,,,,,,,,,,,,,,,,,,,,,,,,,,,,,,,,,,,,,,23153000,,,,,,,,,,,,,,,,,,,,,,,,,,,,,,,,,,,,,,,,,,,
,,,,,,,Tools,Power Tools,Cordless Tools,,2834-21HD,"2834-21HD Milw M18 7-1/4"" Circ - Saw Kit",-- Unbranded --,-- No Unilog Brand --,Milwaukee,Milwaukee Accessory (4031),Milwaukee Accessory,Milwaukee,,2834-21HD,,Tools & Hardware>Power Tools>Cordless Power Tools,"Milwaukee, Cordless Tool, 2834-21HD, Circular Saw, 18 V, 7-1/4 in Drive Size",CORDLESS TOOL CIRCULAR SAW 18V 7-1/4IN,"Milwaukee 2834-21HD Cordless Tool, Circular Saw, 18 V, 7-1/4 in Drive Size, Kit","Milwaukee Cordless Tool, Circular Saw, 18 V, 7-1/4 in Drive Size, M18, Kit","Cordless Tool, Circular Saw, 18 V, 7-1/4 in Drive Size, Kit",,,,,,,,,,,,,,,,,,,,,,,,,,,Cordless Tool,Tool Type,Circular Saw,,Voltage Rating,18,V,Drive Size,7-1/4,in,Battery Platform,M18,,Included Items,Kit,,Additional Information,,,,,,,,,,,,,,,,,,,,,,,,,,,,,,,,,,,,,,,,,,,,,,,,,,,,,,,,,,,,,,,,,,,,,,,,,,,,,,,,,,,,,,,,,,,,,,,,,,,,,,,,,,,,,,,,,,,,,,,,,,,,,,,,,,,,,,,,,,27112100,,,,,,,,,,,,,,,,,,,,,,,,,,,,,,,,,,,,,,,,,,,
,,,,,,,Tools,Power Tools,Cordless Tools,,DCS383B,"DCS383B Dewalt 20V 7-1/4"" - Metal Cutting Circ Saw",-- Unbranded --,-- No Unilog Brand --,-- No DIB Brand --,Black & Decker/dewlt (2585),Black & Decker/dewlt,DEWALT,,DCS383B,,Tools & Hardware>Power Tools>Cordless Power Tools,"Black & Decker/dewlt DEWALT, Cordless Tool, DCS383B, Circular Saw, 20 V",CORDLESS TOOL CIRCULAR SAW 20V 7-1/4IN,"DEWALT DCS383B Cordless Tool, Circular Saw, 20 V, 7-1/4 in Drive Size","DEWALT Cordless Tool, Circular Saw, 20 V, 7-1/4 in Drive Size, 20V MAX","Cordless Tool, Circular Saw, 20 V, 7-1/4 in Drive Size",,,,,,,,,,,,,,,,,,,,,,,,,,,Cordless Tool,Tool Type,Circular Saw,,Voltage Rating,20,V,Drive Size,7-1/4,in,Battery Platform,20V MAX,,Included Items,,,Additional Information,,,,,,,,,,,,,,,,,,,,,,,,,,,,,,,,,,,,,,,,,,,,,,,,,,,,,,,,,,,,,,,,,,,,,,,,,,,,,,,,,,,,,,,,,,,,,,,,,,,,,,,,,,,,,,,,,,,,,,,,,,,,,,,,,,,,,,,,,,27112100,,,,,,,,,,,,,,,,,,,,,,,,,,,,,,,,,,,,,,,,,,,
,,,,,,,Tools,Power Tools,Cordless Tools,,DCS590B,"DCS590B Dewalt 20V Cordless - 7-1/4"" Circular Saw (Bare)",-- Unbranded --,-- No Unilog Brand --,DEWALT,Black & Decker/dewlt (2585),Black & Decker/dewlt,DEWALT,,DCS590B,,Tools & Hardware>Power Tools>Cordless Power Tools,"Black & Decker/dewlt DEWALT, Cordless Tool, DCS590B, Circular Saw, 20 V",CORDLESS TOOL CIRCULAR SAW 20V 7-1/4IN,"DEWALT DCS590B Cordless Tool, Circular Saw, 20 V, 7-1/4 in Drive Size, Tool Only","DEWALT Cordless Tool, Circular Saw, 20 V, 7-1/4 in Drive Size, 20V MAX, Tool Only","Cordless Tool, Circular Saw, 20 V, 7-1/4 in Drive Size, Tool Only",,,,,,,,,,,,,,,,,,,,,,,,,,,Cordless Tool,Tool Type,Circular Saw,,Voltage Rating,20,V,Drive Size,7-1/4,in,Battery Platform,20V MAX,,Included Items,Tool Only,,Additional Information,,,,,,,,,,,,,,,,,,,,,,,,,,,,,,,,,,,,,,,,,,,,,,,,,,,,,,,,,,,,,,,,,,,,,,,,,,,,,,,,,,,,,,,,,,,,,,,,,,,,,,,,,,,,,,,,,,,,,,,,,,,,,,,,,,,,,,,,,,27112100,,,,,,,,,,,,,,,,,,,,,,,,,,,,,,,,,,,,,,,,,,,
,,,,,,,Tools,Power Tools,Cordless Tools,,KPTCS725A,"KPTCS725A Kreg 20V Ionic 7-1/4"" Circ Saw",-- Unbranded --,-- No Unilog Brand --,-- No DIB Brand --,Kreg Tool Company (KRETO),Kreg Tool Company,Kreg,,KPTCS725A,,Tools & Hardware>Power Tools>Cordless Power Tools,"Kreg, Cordless Tool, KPTCS725A, Circular Saw, 20 V, 7-1/4 in Drive Size",CORDLESS TOOL CIRCULAR SAW 20V 7-1/4IN,"Kreg KPTCS725A Cordless Tool, Circular Saw, 20 V, 7-1/4 in Drive Size","Kreg Cordless Tool, Circular Saw, 20 V, 7-1/4 in Drive Size, 20V MAX","Cordless Tool, Circular Saw, 20 V, 7-1/4 in Drive Size",,,,,,,,,,,,,,,,,,,,,,,,,,,Cordless Tool,Tool Type,Circular Saw,,Voltage Rating,20,V,Drive Size,7-1/4,in,Battery Platform,20V MAX,,Included Items,,,Additional Information,,,,,,,,,,,,,,,,,,,,,,,,,,,,,,,,,,,,,,,,,,,,,,,,,,,,,,,,,,,,,,,,,,,,,,,,,,,,,,,,,,,,,,,,,,,,,,,,,,,,,,,,,,,,,,,,,,,,,,,,,,,,,,,,,,,,,,,,,,27112100,,,,,,,,,,,,,,,,,,,,,,,,,,,,,,,,,,,,,,,,,,,
,,,,,,,Tools,Power Tools,Cordless Tools,,KPTCS450A,"KPTCS450A Kreg 20V Ionic 4-1/2"" Circ Saw",-- Unbranded --,-- No Unilog Brand --,-- No DIB Brand --,Kreg Tool Company (KRETO),Kreg Tool Company,Kreg,,KPTCS450A,,Tools & Hardware>Power Tools>Cordless Power Tools,"Kreg, Cordless Tool, KPTCS450A, Circular Saw, 20 V, 4-1/2 in Drive Size",CORDLESS TOOL CIRCULAR SAW 20V 4-1/2IN,"Kreg KPTCS450A Cordless Tool, Circular Saw, 20 V, 4-1/2 in Drive Size","Kreg Cordless Tool, Circular Saw, 20 V, 4-1/2 in Drive Size, 20V MAX","Cordless Tool, Circular Saw, 20 V, 4-1/2 in Drive Size",,,,,,,,,,,,,,,,,,,,,,,,,,,Cordless Tool,Tool Type,Circular Saw,,Voltage Rating,20,V,Drive Size,4-1/2,in,Battery Platform,20V MAX,,Included Items,,,Additional Information,,,,,,,,,,,,,,,,,,,,,,,,,,,,,,,,,,,,,,,,,,,,,,,,,,,,,,,,,,,,,,,,,,,,,,,,,,,,,,,,,,,,,,,,,,,,,,,,,,,,,,,,,,,,,,,,,,,,,,,,,,,,,,,,,,,,,,,,,,27112100,,,,,,,,,,,,,,,,,,,,,,,,,,,,,,,,,,,,,,,,,,,
,,,,,,,Tools,Power Tools,Cordless Tools,,2545-20,2545-20 Milw M12 Jig Saw,-- Unbranded --,-- No Unilog Brand --,Milwaukee,Milwaukee Accessory (4031),Milwaukee Accessory,Milwaukee,,2545-20,,Tools & Hardware>Power Tools>Cordless Power Tools,"Milwaukee, Cordless Tool, 2545-20, Jig Saw, 12 V",CORDLESS TOOL JIG SAW 12V,"Milwaukee 2545-20 Cordless Tool, Jig Saw, 12 V","Milwaukee Cordless Tool, Jig Saw, 12 V, M12","Cordless Tool, Jig Saw, 12 V",,,,,,,,,,,,,,,,,,,,,,,,,,,Cordless Tool,Tool Type,Jig Saw,,Voltage Rating,12,V,Drive Size,,,Battery Platform,M12,,Included Items,,,Additional Information,,,,,,,,,,,,,,,,,,,,,,,,,,,,,,,,,,,,,,,,,,,,,,,,,,,,,,,,,,,,,,,,,,,,,,,,,,,,,,,,,,,,,,,,,,,,,,,,,,,,,,,,,,,,,,,,,,,,,,,,,,,,,,,,,,,,,,,,,,27112100,,,,,,,,,,,,,,,,,,,,,,,,,,,,,,,,,,,,,,,,,,,
,,,,,,,Tools,Power Tools,Cordless Tools,,KPTJS100A,KPTJS100A Kreg 20V Ionic Barrel Grip Jigsaw,-- Unbranded --,-- No Unilog Brand --,-- No DIB Brand --,Kreg Tool Company (KRETO),Kreg Tool Company,Kreg,,KPTJS100A,,Tools & Hardware>Power Tools>Cordless Power Tools,"Kreg, Cordless Tool, KPTJS100A, Jig Saw, 20 V",CORDLESS TOOL JIG SAW 20V,"Kreg KPTJS100A Cordless Tool, Jig Saw, 20 V","Kreg Cordless Tool, Jig Saw, 20 V, 20V MAX","Cordless Tool, Jig Saw, 20 V",,,,,,,,,,,,,,,,,,,,,,,,,,,Cordless Tool,Tool Type,Jig Saw,,Voltage Rating,20,V,Drive Size,,,Battery Platform,20V MAX,,Included Items,,,Additional Information,,,,,,,,,,,,,,,,,,,,,,,,,,,,,,,,,,,,,,,,,,,,,,,,,,,,,,,,,,,,,,,,,,,,,,,,,,,,,,,,,,,,,,,,,,,,,,,,,,,,,,,,,,,,,,,,,,,,,,,,,,,,,,,,,,,,,,,,,,27112100,,,,,,,,,,,,,,,,,,,,,,,,,,,,,,,,,,,,,,,,,,,
,,,,,,,Tools,Power Tools,Cordless Tools,,DCS714B,"DCS714B Dewalt 20V Miter Saw - (Bare) 10"" Double Bevel Fixed",-- Unbranded --,-- No Unilog Brand --,-- No DIB Brand --,Black & Decker/dewlt (2585),Black & Decker/dewlt,DEWALT,,DCS714B,,Tools & Hardware>Power Tools>Cordless Power Tools,"Black & Decker/dewlt DEWALT, Cordless Tool, DCS714B, Miter Saw, 20 V",CORDLESS TOOL MITER SAW 20V 10IN,"DEWALT DCS714B Cordless Tool, Miter Saw, 20 V, 10 in Drive Size, Tool Only","DEWALT Cordless Tool, Miter Saw, 20 V, 10 in Drive Size, 20V MAX, Tool Only","Cordless Tool, Miter Saw, 20 V, 10 in Drive Size, Tool Only",,,,,,,,,,,,,,,,,,,,,,,,,,,Cordless Tool,Tool Type,Miter Saw,,Voltage Rating,20,V,Drive Size,10,in,Battery Platform,20V MAX,,Included Items,Tool Only,,Additional Information,,,,,,,,,,,,,,,,,,,,,,,,,,,,,,,,,,,,,,,,,,,,,,,,,,,,,,,,,,,,,,,,,,,,,,,,,,,,,,,,,,,,,,,,,,,,,,,,,,,,,,,,,,,,,,,,,,,,,,,,,,,,,,,,,,,,,,,,,,27112100,,,,,,,,,,,,,,,,,,,,,,,,,,,,,,,,,,,,,,,,,,,
,,,,,,,Tools,Power Tools,Cordless Tools,,DCS785B,"DCS785B Dewalt 20V Miter Saw - Kit 12"" Double Bevel Sliding",-- Unbranded --,-- No Unilog Brand --,-- No DIB Brand --,Black & Decker/dewlt (2585),Black & Decker/dewlt,DEWALT,,DCS785B,,Tools & Hardware>Power Tools>Cordless Power Tools,"Black & Decker/dewlt DEWALT, Cordless Tool, DCS785B, Miter Saw, 20 V",CORDLESS TOOL MITER SAW 20V 12IN,"DEWALT DCS785B Cordless Tool, Miter Saw, 20 V, 12 in Drive Size, Kit","DEWALT Cordless Tool, Miter Saw, 20 V, 12 in Drive Size, 20V MAX, Kit","Cordless Tool, Miter Saw, 20 V, 12 in Drive Size, Kit",,,,,,,,,,,,,,,,,,,,,,,,,,,Cordless Tool,Tool Type,Miter Saw,,Voltage Rating,20,V,Drive Size,12,in,Battery Platform,20V MAX,,Included Items,Kit,,Additional Information,,,,,,,,,,,,,,,,,,,,,,,,,,,,,,,,,,,,,,,,,,,,,,,,,,,,,,,,,,,,,,,,,,,,,,,,,,,,,,,,,,,,,,,,,,,,,,,,,,,,,,,,,,,,,,,,,,,,,,,,,,,,,,,,,,,,,,,,,,27112100,,,,,,,,,,,,,,,,,,,,,,,,,,,,,,,,,,,,,,,,,,,
,,,,,,,Tools,Power Tools,Cordless Tools,,GSL02M1,"GSL02M1 Makita Miter Saw - 40V 8-1/2""",-- Unbranded --,-- No Unilog Brand --,-- No DIB Brand --,Makita Usa Inc (5142),Makita Usa Inc,Makita,,GSL02M1,,Tools & Hardware>Power Tools>Cordless Power Tools,"Makita, Cordless Tool, GSL02M1, Miter Saw, 40 V, 8-1/2 in Drive Size",CORDLESS TOOL MITER SAW 40V 8-1/2IN,"Makita GSL02M1 Cordless Tool, Miter Saw, 40 V, 8-1/2 in Drive Size","Makita Cordless Tool, Miter Saw, 40 V, 8-1/2 in Drive Size, 40V XGT","Cordless Tool, Miter Saw, 40 V, 8-1/2 in Drive Size",,,,,,,,,,,,,,,,,,,,,,,,,,,Cordless Tool,Tool Type,Miter Saw,,Voltage Rating,40,V,Drive Size,8-1/2,in,Battery Platform,40V XGT,,Included Items,,,Additional Information,,,,,,,,,,,,,,,,,,,,,,,,,,,,,,,,,,,,,,,,,,,,,,,,,,,,,,,,,,,,,,,,,,,,,,,,,,,,,,,,,,,,,,,,,,,,,,,,,,,,,,,,,,,,,,,,,,,,,,,,,,,,,,,,,,,,,,,,,,27112100,,,,,,,,,,,,,,,,,,,,,,,,,,,,,,,,,,,,,,,,,,,
,,,,,,,,,,,DW7029,DW7029 Dewalt Miter Saw - Stand Support/Stop,-- Unbranded --,-- No Unilog Brand --,-- No DIB Brand --,Black & Decker/dewlt (2585),Black & Decker/dewlt,DEWALT,,DW7029,,,"Black & Decker/dewlt DEWALT, Product, DW7029",PRODUCT,DEWALT DW7029 Product,DEWALT Product,Product,,,,,,,,,,,,,,,,,,,,,,,,,,,Product,Product Type,,,Size,,,Material,,,Color,,,Additional Information,,,,,,,,,,,,,,,,,,,,,,,,,,,,,,,,,,,,,,,,,,,,,,,,,,,,,,,,,,,,,,,,,,,,,,,,,,,,,,,,,,,,,,,,,,,,,,,,,,,,,,,,,,,,,,,,,,,,,,,,,,,,,,,,,,,,,,,,,,,,,,,,,,,,,,,,,,,,,,,,,,,,,,,,,,,,,,,,,,,,,,,,
,,,,,,,Tools,Power Tools,Cordless Tools,,DCS384B,DCS384B Dewalt 20V Brushless - Cordless Recip Saw (Bare),-- Unbranded --,-- No Unilog Brand --,DEWALT,Black & Decker/dewlt (2585),Black & Decker/dewlt,DEWALT,,DCS384B,,Tools & Hardware>Power Tools>Cordless Power Tools,"Black & Decker/dewlt DEWALT, Cordless Tool, DCS384B, Reciprocating Saw, 20 V",CORDLESS TOOL RECIP SAW 20V,"DEWALT DCS384B Cordless Tool, Reciprocating Saw, 20 V, Tool Only","DEWALT Cordless Tool, Reciprocating Saw, 20 V, 20V MAX, Tool Only","Cordless Tool, Reciprocating Saw, 20 V, Tool Only",,,,,,,,,,,,,,,,,,,,,,,,,,,Cordless Tool,Tool Type,Reciprocating Saw,,Voltage Rating,20,V,Drive Size,,,Battery Platform,20V MAX,,Included Items,Tool Only,,Additional Information,,,,,,,,,,,,,,,,,,,,,,,,,,,,,,,,,,,,,,,,,,,,,,,,,,,,,,,,,,,,,,,,,,,,,,,,,,,,,,,,,,,,,,,,,,,,,,,,,,,,,,,,,,,,,,,,,,,,,,,,,,,,,,,,,,,,,,,,,,27112100,,,,,,,,,,,,,,,,,,,,,,,,,,,,,,,,,,,,,,,,,,,
,,,,,,,Tools,Power Tools,Cordless Tools,,XRJ08Z,XRJ08Z Makita 18V Recip Saw - Bare Tool,-- Unbranded --,-- No Unilog Brand --,-- No DIB Brand --,Makita Usa Inc (5142),Makita Usa Inc,Makita,,XRJ08Z,,Tools & Hardware>Power Tools>Cordless Power Tools,"Makita, Cordless Tool, XRJ08Z, Reciprocating Saw, 18 V, Tool Only",CORDLESS TOOL RECIP SAW 18V,"Makita XRJ08Z Cordless Tool, Reciprocating Saw, 18 V, Tool Only","Makita Cordless Tool, Reciprocating Saw, 18 V, 18V LXT, Tool Only","Cordless Tool, Reciprocating Saw, 18 V, Tool Only",,,,,,,,,,,,,,,,,,,,,,,,,,,Cordless Tool,Tool Type,Reciprocating Saw,,Voltage Rating,18,V,Drive Size,,,Battery Platform,18V LXT,,Included Items,Tool Only,,Additional Information,,,,,,,,,,,,,,,,,,,,,,,,,,,,,,,,,,,,,,,,,,,,,,,,,,,,,,,,,,,,,,,,,,,,,,,,,,,,,,,,,,,,,,,,,,,,,,,,,,,,,,,,,,,,,,,,,,,,,,,,,,,,,,,,,,,,,,,,,,27112100,,,,,,,,,,,,,,,,,,,,,,,,,,,,,,,,,,,,,,,,,,,
,,,,,,,Tools,Machinery,Woodworking Machinery,,G0771Z,"Grizzly G0771Z 30"" Table Saw",-- Unbranded --,-- No Unilog Brand --,-- No DIB Brand --,Woodstock Intl (3658),Woodstock Intl,Grizzly,,G0771Z,,Tools & Hardware>Machinery>Woodworking Machinery,"Woodstock Intl Grizzly, Woodworking Machine, G0771Z, Table Saw, 30 in Capacity",WW MACH TBL SAW 30IN,"Grizzly G0771Z Woodworking Machine, Table Saw, 30 in Capacity","Grizzly Woodworking Machine, Table Saw, 30 in Capacity","Woodworking Machine, Table Saw, 30 in Capacity",,,,,,,,,,,,,,,,,,,,,,,,,,,Woodworking Machine,Machine Type,Table Saw,,Capacity,30,in,Motor Power,,,Voltage Rating,,,Phase,,,Additional Information,,,,,,,,,,,,,,,,,,,,,,,,,,,,,,,,,,,,,,,,,,,,,,,,,,,,,,,,,,,,,,,,,,,,,,,,,,,,,,,,,,,,,,,,,,,,,,,,,,,,,,,,,,,,,,,,,,,,,,,,,,,,,,,,,,,,,,,,,,23153000,,,,,,,,,,,,,,,,,,,,,,,,,,,,,,,,,,,,,,,,,,,
,,,,,,,Tools,Machinery,Woodworking Machinery,,TS1017,TS1017 Table Saw Zero-Clearance Insert,-- Unbranded --,-- No Unilog Brand --,-- No DIB Brand --,Robt Bosch Tool Corp (6564),Robt Bosch Tool Corp,,,TS1017,,Tools & Hardware>Machinery>Woodworking Machinery,"Robt Bosch Tool Corp, Woodworking Machine, TS1017, Table Saw",WW MACH TBL SAW,"TS1017 Woodworking Machine, Table Saw","Woodworking Machine, Table Saw","Woodworking Machine, Table Saw",,,,,,,,,,,,,,,,,,,,,,,,,,,Woodworking Machine,Machine Type,Table Saw,,Capacity,,,Motor Power,,,Voltage Rating,,,Phase,,,Additional Information,,,,,,,,,,,,,,,,,,,,,,,,,,,,,,,,,,,,,,,,,,,,,,,,,,,,,,,,,,,,,,,,,,,,,,,,,,,,,,,,,,,,,,,,,,,,,,,,,,,,,,,,,,,,,,,,,,,,,,,,,,,,,,,,,,,,,,,,,,23153000,,,,,,,,,,,,,,,,,,,,,,,,,,,,,,,,,,,,,,,,,,,
,,,,,,,,,,,XT524,"XT524 24"" XT XTENDER Fence",-- Unbranded --,-- No Unilog Brand --,-- No DIB Brand --,Bow Products (BOWPR),Bow Products,Bow Products,,XT524,,,"Bow Products, Product, XT524",PRODUCT,Bow Products XT524 Product,Bow Products Product,Product,,,,,,,,,,,,,,,,,,,,,,,,,,,Product,Product Type,,,Size,,,Material,,,Color,,,Additional Information,,,,,,,,,,,,,,,,,,,,,,,,,,,,,,,,,,,,,,,,,,,,,,,,,,,,,,,,,,,,,,,,,,,,,,,,,,,,,,,,,,,,,,,,,,,,,,,,,,,,,,,,,,,,,,,,,,,,,,,,,,,,,,,,,,,,,,,,,,,,,,,,,,,,,,,,,,,,,,,,,,,,,,,,,,,,,,,,,,,,,,,,
,,,,,,,,,,,XT536,"XT536 36"" XT XTENDER Fence",-- Unbranded --,-- No Unilog Brand --,-- No DIB Brand --,Bow Products (BOWPR),Bow Products,Bow Products,,XT536,,,"Bow Products, Product, XT536",PRODUCT,Bow Products XT536 Product,Bow Products Product,Product,,,,,,,,,,,,,,,,,,,,,,,,,,,Product,Product Type,,,Size,,,Material,,,Color,,,Additional Information,,,,,,,,,,,,,,,,,,,,,,,,,,,,,,,,,,,,,,,,,,,,,,,,,,,,,,,,,,,,,,,,,,,,,,,,,,,,,,,,,,,,,,,,,,,,,,,,,,,,,,,,,,,,,,,,,,,,,,,,,,,,,,,,,,,,,,,,,,,,,,,,,,,,,,,,,,,,,,,,,,,,,,,,,,,,,,,,,,,,,,,,
,,,,,,,,,,,XT546,"XT546 46"" XT XTENDER Fence",-- Unbranded --,-- No Unilog Brand --,-- No DIB Brand --,Bow Products (BOWPR),Bow Products,Bow Products,,XT546,,,"Bow Products, Product, XT546",PRODUCT,Bow Products XT546 Product,Bow Products Product,Product,,,,,,,,,,,,,,,,,,,,,,,,,,,Product,Product Type,,,Size,,,Material,,,Color,,,Additional Information,,,,,,,,,,,,,,,,,,,,,,,,,,,,,,,,,,,,,,,,,,,,,,,,,,,,,,,,,,,,,,,,,,,,,,,,,,,,,,,,,,,,,,,,,,,,,,,,,,,,,,,,,,,,,,,,,,,,,,,,,,,,,,,,,,,,,,,,,,,,,,,,,,,,,,,,,,,,,,,,,,,,,,,,,,,,,,,,,,,,,,,,
,,,,,,,,,,,XTP235,"35"" XTP XTENDER PRO Fence - XTP235",-- Unbranded --,-- No Unilog Brand --,-- No DIB Brand --,Bow Products (BOWPR),Bow Products,Bow Products,,XTP235,,,"Bow Products, Product, XTP235",PRODUCT,Bow Products XTP235 Product,Bow Products Product,Product,,,,,,,,,,,,,,,,,,,,,,,,,,,Product,Product Type,,,Size,,,Material,,,Color,,,Additional Information,,,,,,,,,,,,,,,,,,,,,,,,,,,,,,,,,,,,,,,,,,,,,,,,,,,,,,,,,,,,,,,,,,,,,,,,,,,,,,,,,,,,,,,,,,,,,,,,,,,,,,,,,,,,,,,,,,,,,,,,,,,,,,,,,,,,,,,,,,,,,,,,,,,,,,,,,,,,,,,,,,,,,,,,,,,,,,,,,,,,,,,,
,,,,,,,,,,,TGP2-FA,TGP2-FA T-Glide Fence Professional,-- Unbranded --,-- No Unilog Brand --,-- No DIB Brand --,Saw Stop LLC (SAWST),Saw Stop LLC,SawStop,,TGP2-FA,,,"Saw Stop LLC SawStop, Product, TGP2-FA",PRODUCT,SawStop TGP2-FA Product,SawStop Product,Product,,,,,,,,,,,,,,,,,,,,,,,,,,,Product,Product Type,,,Size,,,Material,,,Color,,,Additional Information,,,,,,,,,,,,,,,,,,,,,,,,,,,,,,,,,,,,,,,,,,,,,,,,,,,,,,,,,,,,,,,,,,,,,,,,,,,,,,,,,,,,,,,,,,,,,,,,,,,,,,,,,,,,,,,,,,,,,,,,,,,,,,,,,,,,,,,,,,,,,,,,,,,,,,,,,,,,,,,,,,,,,,,,,,,,,,,,,,,,,,,,
,,,,,,,,,,,ATGI-FA,ATGI-FA T-Glide Advanced Fence Industrial,-- Unbranded --,-- No Unilog Brand --,-- No DIB Brand --,Saw Stop LLC (SAWST),Saw Stop LLC,SawStop,,ATGI-FA,,,"Saw Stop LLC SawStop, Product, ATGI-FA",PRODUCT,SawStop ATGI-FA Product,SawStop Product,Product,,,,,,,,,,,,,,,,,,,,,,,,,,,Product,Product Type,,,Size,,,Material,,,Color,,,Additional Information,,,,,,,,,,,,,,,,,,,,,,,,,,,,,,,,,,,,,,,,,,,,,,,,,,,,,,,,,,,,,,,,,,,,,,,,,,,,,,,,,,,,,,,,,,,,,,,,,,,,,,,,,,,,,,,,,,,,,,,,,,,,,,,,,,,,,,,,,,,,,,,,,,,,,,,,,,,,,,,,,,,,,,,,,,,,,,,,,,,,,,,,
,,,,,,,,,,,ATGP-FA,ATGP-FA T-Glide Advance Fence Professional,-- Unbranded --,-- No Unilog Brand --,-- No DIB Brand --,Saw Stop LLC (SAWST),Saw Stop LLC,SawStop,,ATGP-FA,,,"Saw Stop LLC SawStop, Product, ATGP-FA",PRODUCT,SawStop ATGP-FA Product,SawStop Product,Product,,,,,,,,,,,,,,,,,,,,,,,,,,,Product,Product Type,,,Size,,,Material,,,Color,,,Additional Information,,,,,,,,,,,,,,,,,,,,,,,,,,,,,,,,,,,,,,,,,,,,,,,,,,,,,,,,,,,,,,,,,,,,,,,,,,,,,,,,,,,,,,,,,,,,,,,,,,,,,,,,,,,,,,,,,,,,,,,,,,,,,,,,,,,,,,,,,,,,,,,,,,,,,,,,,,,,,,,,,,,,,,,,,,,,,,,,,,,,,,,,
,,,,,,,,,,,TGI2-FA,TGI2-FA T-Glide Fence Indudtrial,-- Unbranded --,-- No Unilog Brand --,-- No DIB Brand --,Saw Stop LLC (SAWST),Saw Stop LLC,SawStop,,TGI2-FA,,,"Saw Stop LLC SawStop, Product, TGI2-FA",PRODUCT,SawStop TGI2-FA Product,SawStop Product,Product,,,,,,,,,,,,,,,,,,,,,,,,,,,Product,Product Type,,,Size,,,Material,,,Color,,,Additional Information,,,,,,,,,,,,,,,,,,,,,,,,,,,,,,,,,,,,,,,,,,,,,,,,,,,,,,,,,,,,,,,,,,,,,,,,,,,,,,,,,,,,,,,,,,,,,,,,,,,,,,,,,,,,,,,,,,,,,,,,,,,,,,,,,,,,,,,,,,,,,,,,,,,,,,,,,,,,,,,,,,,,,,,,,,,,,,,,,,,,,,,,
,,,,,,,,,,,TGI2-T36A,"TGI2-T36A 36"" Table Assembly Industrial",-- Unbranded --,-- No Unilog Brand --,-- No DIB Brand --,Saw Stop LLC (SAWST),Saw Stop LLC,,,TGI2-T36A,,,"Saw Stop LLC, Product, TGI2-T36A",PRODUCT,TGI2-T36A Product,Product,Product,,,,,,,,,,,,,,,,,,,,,,,,,,,Product,Product Type,,,Size,,,Material,,,Color,,,Additional Information,,,,,,,,,,,,,,,,,,,,,,,,,,,,,,,,,,,,,,,,,,,,,,,,,,,,,,,,,,,,,,,,,,,,,,,,,,,,,,,,,,,,,,,,,,,,,,,,,,,,,,,,,,,,,,,,,,,,,,,,,,,,,,,,,,,,,,,,,,,,,,,,,,,,,,,,,,,,,,,,,,,,,,,,,,,,,,,,,,,,,,,,
,,,,,,,Tools,Power Tools,Cordless Tools,,KPTBPS100A,"KPTBPS100A Kreg 20V Ionic 6-1/2"" Plunge-Cut Track Saw Kit",-- Unbranded --,-- No Unilog Brand --,-- No DIB Brand --,Kreg Tool Company (KRETO),Kreg Tool Company,Kreg,,KPTBPS100A,,Tools & Hardware>Power Tools>Cordless Power Tools,"Kreg, Cordless Tool, KPTBPS100A, Track Saw, 20 V, 6-1/2 in Drive Size, Kit",CORDLESS TOOL TRACK SAW 20V 6-1/2IN,"Kreg KPTBPS100A Cordless Tool, Track Saw, 20 V, 6-1/2 in Drive Size, Kit","Kreg Cordless Tool, Track Saw, 20 V, 6-1/2 in Drive Size, 20V MAX, Kit","Cordless Tool, Track Saw, 20 V, 6-1/2 in Drive Size, Kit",,,,,,,,,,,,,,,,,,,,,,,,,,,Cordless Tool,Tool Type,Track Saw,,Voltage Rating,20,V,Drive Size,6-1/2,in,Battery Platform,20V MAX,,Included Items,Kit,,Additional Information,,,,,,,,,,,,,,,,,,,,,,,,,,,,,,,,,,,,,,,,,,,,,,,,,,,,,,,,,,,,,,,,,,,,,,,,,,,,,,,,,,,,,,,,,,,,,,,,,,,,,,,,,,,,,,,,,,,,,,,,,,,,,,,,,,,,,,,,,,27112100,,,,,,,,,,,,,,,,,,,,,,,,,,,,,,,,,,,,,,,,,,,
,,,,,,,Tools,Power Tools,Batteries & Chargers,,DCB606C,DCB606C Dewalt Flexvolt Starter Kit,-- Unbranded --,-- No Unilog Brand --,-- No DIB Brand --,Black & Decker/dewlt (2585),Black & Decker/dewlt,DEWALT,,DCB606C,,Tools & Hardware>Power Tools>Batteries & Chargers,"Black & Decker/dewlt DEWALT, Battery, DCB606C, Starter Kit",BATTERY STRTR KIT,"DEWALT DCB606C Battery, Starter Kit","DEWALT Battery, Starter Kit","Battery, Starter Kit",,,,,,,,,,,,,,,,,,,,,,,,,,,Battery,Product Type,Starter Kit,,Voltage Rating,,,Capacity,,,Quantity per Package,,,Additional Information,,,,,,,,,,,,,,,,,,,,,,,,,,,,,,,,,,,,,,,,,,,,,,,,,,,,,,,,,,,,,,,,,,,,,,,,,,,,,,,,,,,,,,,,,,,,,,,,,,,,,,,,,,,,,,,,,,,,,,,,,,,,,,,,,,,,,,,,,,,,,26111700,,,,,,,,,,,,,,,,,,,,,,,,,,,,,,,,,,,,,,,,,,,
,,,,,,,Tools,Power Tools,Batteries & Chargers,,BL1850BDC1,BL1850BDC1 Makita Starter Kit,-- Unbranded --,-- No Unilog Brand --,-- No DIB Brand --,Makita Usa Inc (5142),Makita Usa Inc,Makita,,BL1850BDC1,,Tools & Hardware>Power Tools>Batteries & Chargers,"Makita, Battery, BL1850BDC1, Starter Kit",BATTERY STRTR KIT,"Makita BL1850BDC1 Battery, Starter Kit","Makita Battery, Starter Kit","Battery, Starter Kit",,,,,,,,,,,,,,,,,,,,,,,,,,,Battery,Product Type,Starter Kit,,Voltage Rating,,,Capacity,,,Quantity per Package,,,Additional Information,,,,,,,,,,,,,,,,,,,,,,,,,,,,,,,,,,,,,,,,,,,,,,,,,,,,,,,,,,,,,,,,,,,,,,,,,,,,,,,,,,,,,,,,,,,,,,,,,,,,,,,,,,,,,,,,,,,,,,,,,,,,,,,,,,,,,,,,,,,,,26111700,,,,,,,,,,,,,,,,,,,,,,,,,,,,,,,,,,,,,,,,,,,
,,,,,,,Tools,Power Tools,Batteries & Chargers,,DCB205C,DCB205C 20V Starter Kit,-- Unbranded --,-- No Unilog Brand --,DEWALT,Black & Decker/dewlt (2585),Black & Decker/dewlt,DEWALT,,DCB205C,,Tools & Hardware>Power Tools>Batteries & Chargers,"Black & Decker/dewlt DEWALT, Battery, DCB205C, Starter Kit, 20 V",BATTERY STRTR KIT 20V,"DEWALT DCB205C Battery, Starter Kit, 20 V","DEWALT Battery, Starter Kit, 20 V","Battery, Starter Kit, 20 V",,,,,,,,,,,,,,,,,,,,,,,,,,,Battery,Product Type,Starter Kit,,Voltage Rating,20,V,Capacity,,,Quantity per Package,,,Additional Information,,,,,,,,,,,,,,,,,,,,,,,,,,,,,,,,,,,,,,,,,,,,,,,,,,,,,,,,,,,,,,,,,,,,,,,,,,,,,,,,,,,,,,,,,,,,,,,,,,,,,,,,,,,,,,,,,,,,,,,,,,,,,,,,,,,,,,,,,,,,,26111700,,,,,,,,,,,,,,,,,,,,,,,,,,,,,,,,,,,,,,,,,,,
,,,,,,,Tools,Power Tools,Batteries & Chargers,,DCB2108,DCB2108 Dewalt 20V 8Ah Battery - Max XR Powerpack,-- Unbranded --,-- No Unilog Brand --,DEWALT,Black & Decker/dewlt (2585),Black & Decker/dewlt,DEWALT,,DCB2108,,Tools & Hardware>Power Tools>Batteries & Chargers,"Black & Decker/dewlt DEWALT, Battery, DCB2108, 20 V, 8 Ah Capacity",BATTERY 20V 8AH,"DEWALT DCB2108 Battery, 20 V, 8 Ah Capacity","DEWALT Battery, 20 V, 8 Ah Capacity","Battery, 20 V, 8 Ah Capacity",,,,,,,,,,,,,,,,,,,,,,,,,,,Battery,Product Type,Battery,,Voltage Rating,20,V,Capacity,8,Ah,Quantity per Package,,,Additional Information,,,,,,,,,,,,,,,,,,,,,,,,,,,,,,,,,,,,,,,,,,,,,,,,,,,,,,,,,,,,,,,,,,,,,,,,,,,,,,,,,,,,,,,,,,,,,,,,,,,,,,,,,,,,,,,,,,,,,,,,,,,,,,,,,,,,,,,,,,,,,26111700,,,,,,,,,,,,,,,,,,,,,,,,,,,,,,,,,,,,,,,,,,,
,,,,,,,Tools,Power Tools,Batteries & Chargers,,DCB2108-2,DCB2108-2 Dewalt 20V 8Ah 2pk - Battery Max XR Powerpack,-- Unbranded --,-- No Unilog Brand --,-- No DIB Brand --,Black & Decker/dewlt (2585),Black & Decker/dewlt,DEWALT,,DCB2108-2,,Tools & Hardware>Power Tools>Batteries & Chargers,"Black & Decker/dewlt DEWALT, Battery, DCB2108-2, 20 V, 8 Ah Capacity",BATTERY 20V 8AH,"DEWALT DCB2108-2 Battery, 20 V, 8 Ah Capacity","DEWALT Battery, 20 V, 8 Ah Capacity, 2 per Package","Battery, 20 V, 8 Ah Capacity",,,,,,,,,,,,,,,,,,,,,,,,,,,Battery,Product Type,Battery,,Voltage Rating,20,V,Capacity,8,Ah,Quantity per Package,2,,Additional Information,,,,,,,,,,,,,,,,,,,,,,,,,,,,,,,,,,,,,,,,,,,,,,,,,,,,,,,,,,,,,,,,,,,,,,,,,,,,,,,,,,,,,,,,,,,,,,,,,,,,,,,,,,,,,,,,,,,,,,,,,,,,,,,,,,,,,,,,,,,,,26111700,,,,,,,,,,,,,,,,,,,,,,,,,,,,,,,,,,,,,,,,,,,
,,,,,,,Tools,Power Tools,Batteries & Chargers,,VB0212,VB0212 Senco 18V 2.0 AH Lithium Battery,-- Unbranded --,-- No Unilog Brand --,-- No DIB Brand --,Senco Products Inc (4650),Senco Products Inc,Senco,,VB0212,,Tools & Hardware>Power Tools>Batteries & Chargers,"Senco, Battery, VB0212, 18 V, 2 Ah Capacity",BATTERY 18V 2AH,"Senco VB0212 Battery, 18 V, 2 Ah Capacity","Senco Battery, 18 V, 2 Ah Capacity","Battery, 18 V, 2 Ah Capacity",,,,,,,,,,,,,,,,,,,,,,,,,,,Battery,Product Type,Battery,,Voltage Rating,18,V,Capacity,2,Ah,Quantity per Package,,,Additional Information,,,,,,,,,,,,,,,,,,,,,,,,,,,,,,,,,,,,,,,,,,,,,,,,,,,,,,,,,,,,,,,,,,,,,,,,,,,,,,,,,,,,,,,,,,,,,,,,,,,,,,,,,,,,,,,,,,,,,,,,,,,,,,,,,,,,,,,,,,,,,26111700,,,,,,,,,,,,,,,,,,,,,,,,,,,,,,,,,,,,,,,,,,,
,,,,,,,Tools,Power Tools,Batteries & Chargers,,BCB2A20A,BCB2A20A Kreg 20V Battery/Charger Starter Kit,-- Unbranded --,-- No Unilog Brand --,-- No DIB Brand --,Kreg Tool Company (KRETO),Kreg Tool Company,Kreg,,BCB2A20A,,Tools & Hardware>Power Tools>Batteries & Chargers,"Kreg, Battery, BCB2A20A, Starter Kit, 20 V",BATTERY STRTR KIT 20V,"Kreg BCB2A20A Battery, Starter Kit, 20 V","Kreg Battery, Starter Kit, 20 V","Battery, Starter Kit, 20 V",,,,,,,,,,,,,,,,,,,,,,,,,,,Battery,Product Type,Starter Kit,,Voltage Rating,20,V,Capacity,,,Quantity per Package,,,Additional Information,,,,,,,,,,,,,,,,,,,,,,,,,,,,,,,,,,,,,,,,,,,,,,,,,,,,,,,,,,,,,,,,,,,,,,,,,,,,,,,,,,,,,,,,,,,,,,,,,,,,,,,,,,,,,,,,,,,,,,,,,,,,,,,,,,,,,,,,,,,,,26111700,,,,,,,,,,,,,,,,,,,,,,,,,,,,,,,,,,,,,,,,,,,
,,,,,,,Tools,Power Tools,Batteries & Chargers,,BATT4A,BATT4A Kreg 20V 4ah Battery Pack,-- Unbranded --,-- No Unilog Brand --,-- No DIB Brand --,Kreg Tool Company (KRETO),Kreg Tool Company,Kreg,,BATT4A,,Tools & Hardware>Power Tools>Batteries & Chargers,"Kreg, Battery, BATT4A, 20 V, 4 Ah Capacity",BATTERY 20V 4AH,"Kreg BATT4A Battery, 20 V, 4 Ah Capacity","Kreg Battery, 20 V, 4 Ah Capacity","Battery, 20 V, 4 Ah Capacity",,,,,,,,,,,,,,,,,,,,,,,,,,,Battery,Product Type,Battery,,Voltage Rating,20,V,Capacity,4,Ah,Quantity per Package,,,Additional Information,,,,,,,,,,,,,,,,,,,,,,,,,,,,,,,,,,,,,,,,,,,,,,,,,,,,,,,,,,,,,,,,,,,,,,,,,,,,,,,,,,,,,,,,,,,,,,,,,,,,,,,,,,,,,,,,,,,,,,,,,,,,,,,,,,,,,,,,,,,,,26111700,,,,,,,,,,,,,,,,,,,,,,,,,,,,,,,,,,,,,,,,,,,
,,,,,,,Tools,Power Tools,Batteries & Chargers,,BATT2A,BATT2A Kreg 20V 2ah Battery Pack,-- Unbranded --,-- No Unilog Brand --,-- No DIB Brand --,Kreg Tool Company (KRETO),Kreg Tool Company,Kreg,,BATT2A,,Tools & Hardware>Power Tools>Batteries & Chargers,"Kreg, Battery, BATT2A, 20 V, 2 Ah Capacity",BATTERY 20V 2AH,"Kreg BATT2A Battery, 20 V, 2 Ah Capacity","Kreg Battery, 20 V, 2 Ah Capacity","Battery, 20 V, 2 Ah Capacity",,,,,,,,,,,,,,,,,,,,,,,,,,,Battery,Product Type,Battery,,Voltage Rating,20,V,Capacity,2,Ah,Quantity per Package,,,Additional Information,,,,,,,,,,,,,,,,,,,,,,,,,,,,,,,,,,,,,,,,,,,,,,,,,,,,,,,,,,,,,,,,,,,,,,,,,,,,,,,,,,,,,,,,,,,,,,,,,,,,,,,,,,,,,,,,,,,,,,,,,,,,,,,,,,,,,,,,,,,,,26111700,,,,,,,,,,,,,,,,,,,,,,,,,,,,,,,,,,,,,,,,,,,
,,,,,,,Tools,Power Tools,Batteries & Chargers,,BL1850BDC2X1,BL1850BDC2X1 Makita Starter Kit,-- Unbranded --,-- No Unilog Brand --,-- No DIB Brand --,Makita Usa Inc (5142),Makita Usa Inc,Makita,,BL1850BDC2X1,,Tools & Hardware>Power Tools>Batteries & Chargers,"Makita, Battery, BL1850BDC2X1, Starter Kit",BATTERY STRTR KIT,"Makita BL1850BDC2X1 Battery, Starter Kit","Makita Battery, Starter Kit","Battery, Starter Kit",,,,,,,,,,,,,,,,,,,,,,,,,,,Battery,Product Type,Starter Kit,,Voltage Rating,,,Capacity,,,Quantity per Package,,,Additional Information,,,,,,,,,,,,,,,,,,,,,,,,,,,,,,,,,,,,,,,,,,,,,,,,,,,,,,,,,,,,,,,,,,,,,,,,,,,,,,,,,,,,,,,,,,,,,,,,,,,,,,,,,,,,,,,,,,,,,,,,,,,,,,,,,,,,,,,,,,,,,26111700,,,,,,,,,,,,,,,,,,,,,,,,,,,,,,,,,,,,,,,,,,,
,,,,,,,Tools,Power Tools,Batteries & Chargers,,48-11-2422,48-11-2422 Milw M12 CP2.0 Battery Two Pack,-- Unbranded --,-- No Unilog Brand --,-- No DIB Brand --,Milwaukee Accessory (4031),Milwaukee Accessory,Milwaukee,,48-11-2422,,Tools & Hardware>Power Tools>Batteries & Chargers,"Milwaukee, Battery, 48-11-2422",BATTERY,Milwaukee 48-11-2422 Battery,Milwaukee Battery,Battery,,,,,,,,,,,,,,,,,,,,,,,,,,,Battery,Product Type,Battery,,Voltage Rating,,,Capacity,,,Quantity per Package,,,Additional Information,,,,,,,,,,,,,,,,,,,,,,,,,,,,,,,,,,,,,,,,,,,,,,,,,,,,,,,,,,,,,,,,,,,,,,,,,,,,,,,,,,,,,,,,,,,,,,,,,,,,,,,,,,,,,,,,,,,,,,,,,,,,,,,,,,,,,,,,,,,,,26111700,,,,,,,,,,,,,,,,,,,,,,,,,,,,,,,,,,,,,,,,,,,
,,,,,,,Tools,Power Tools,Batteries & Chargers,,DCB1104,DCB1104 Dewalt 12V/20V Charger - 4 Amp,-- Unbranded --,-- No Unilog Brand --,-- No DIB Brand --,Black & Decker/dewlt (2585),Black & Decker/dewlt,DEWALT,,DCB1104,,Tools & Hardware>Power Tools>Batteries & Chargers,"Black & Decker/dewlt DEWALT, Battery, DCB1104, Charger, 12 V",BATTERY CHARGER 12V,"DEWALT DCB1104 Battery, Charger, 12 V","DEWALT Battery, Charger, 12 V","Battery, Charger, 12 V",,,,,,,,,,,,,,,,,,,,,,,,,,,Battery,Product Type,Charger,,Voltage Rating,12,V,Capacity,,,Quantity per Package,,,Additional Information,,,,,,,,,,,,,,,,,,,,,,,,,,,,,,,,,,,,,,,,,,,,,,,,,,,,,,,,,,,,,,,,,,,,,,,,,,,,,,,,,,,,,,,,,,,,,,,,,,,,,,,,,,,,,,,,,,,,,,,,,,,,,,,,,,,,,,,,,,,,,26111700,,,,,,,,,,,,,,,,,,,,,,,,,,,,,,,,,,,,,,,,,,,
,,,,,,,Tools,Power Tools,Batteries & Chargers,,48-59-1804,48-59-1804 Milw M18 and M12 Rapid Charger,-- Unbranded --,-- No Unilog Brand --,-- No DIB Brand --,Milwaukee Accessory (4031),Milwaukee Accessory,Milwaukee,,48-59-1804,,Tools & Hardware>Power Tools>Batteries & Chargers,"Milwaukee, Battery, 48-59-1804, Charger",BATTERY CHARGER,"Milwaukee 48-59-1804 Battery, Charger","Milwaukee Battery, Charger","Battery, Charger",,,,,,,,,,,,,,,,,,,,,,,,,,,Battery,Product Type,Charger,,Voltage Rating,,,Capacity,,,Quantity per Package,,,Additional Information,,,,,,,,,,,,,,,,,,,,,,,,,,,,,,,,,,,,,,,,,,,,,,,,,,,,,,,,,,,,,,,,,,,,,,,,,,,,,,,,,,,,,,,,,,,,,,,,,,,,,,,,,,,,,,,,,,,,,,,,,,,,,,,,,,,,,,,,,,,,,26111700,,,,,,,,,,,,,,,,,,,,,,,,,,,,,,,,,,,,,,,,,,,
,,,,,,,Tools,Power Tools,Batteries & Chargers,,CRGR401A,CRGR401A Kreg 20V Fast Charger,-- Unbranded --,-- No Unilog Brand --,-- No DIB Brand --,Kreg Tool Company (KRETO),Kreg Tool Company,Kreg,,CRGR401A,,Tools & Hardware>Power Tools>Batteries & Chargers,"Kreg, Battery, CRGR401A, Charger, 20 V",BATTERY CHARGER 20V,"Kreg CRGR401A Battery, Charger, 20 V","Kreg Battery, Charger, 20 V","Battery, Charger, 20 V",,,,,,,,,,,,,,,,,,,,,,,,,,,Battery,Product Type,Charger,,Voltage Rating,20,V,Capacity,,,Quantity per Package,,,Additional Information,,,,,,,,,,,,,,,,,,,,,,,,,,,,,,,,,,,,,,,,,,,,,,,,,,,,,,,,,,,,,,,,,,,,,,,,,,,,,,,,,,,,,,,,,,,,,,,,,,,,,,,,,,,,,,,,,,,,,,,,,,,,,,,,,,,,,,,,,,,,,26111700,,,,,,,,,,,,,,,,,,,,,,,,,,,,,,,,,,,,,,,,,,,
,,,,,,,Tools,Power Tools,Batteries & Chargers,,48-59-1211,48-59-1211 Milw Power Supply - Charger,-- Unbranded --,-- No Unilog Brand --,Milwaukee,Milwaukee Accessory (4031),Milwaukee Accessory,Milwaukee,,48-59-1211,,Tools & Hardware>Power Tools>Batteries & Chargers,"Milwaukee, Battery, 48-59-1211, Power Supply",BATTERY PWR SUP,"Milwaukee 48-59-1211 Battery, Power Supply","Milwaukee Battery, Power Supply","Battery, Power Supply",,,,,,,,,,,,,,,,,,,,,,,,,,,Battery,Product Type,Power Supply,,Voltage Rating,,,Capacity,,,Quantity per Package,,,Additional Information,,,,,,,,,,,,,,,,,,,,,,,,,,,,,,,,,,,,,,,,,,,,,,,,,,,,,,,,,,,,,,,,,,,,,,,,,,,,,,,,,,,,,,,,,,,,,,,,,,,,,,,,,,,,,,,,,,,,,,,,,,,,,,,,,,,,,,,,,,,,,26111700,,,,,,,,,,,,,,,,,,,,,,,,,,,,,,,,,,,,,,,,,,,
,,,,,,,Tools,Power Tools,Batteries & Chargers,,2847-20,2847-20 Milw M18 Charger and Power Supply,-- Unbranded --,-- No Unilog Brand --,-- No DIB Brand --,Milwaukee Accessory (4031),Milwaukee Accessory,Milwaukee,,2847-20,,Tools & Hardware>Power Tools>Batteries & Chargers,"Milwaukee, Battery, 2847-20, Power Supply",BATTERY PWR SUP,"Milwaukee 2847-20 Battery, Power Supply","Milwaukee Battery, Power Supply","Battery, Power Supply",,,,,,,,,,,,,,,,,,,,,,,,,,,Battery,Product Type,Power Supply,,Voltage Rating,,,Capacity,,,Quantity per Package,,,Additional Information,,,,,,,,,,,,,,,,,,,,,,,,,,,,,,,,,,,,,,,,,,,,,,,,,,,,,,,,,,,,,,,,,,,,,,,,,,,,,,,,,,,,,,,,,,,,,,,,,,,,,,,,,,,,,,,,,,,,,,,,,,,,,,,,,,,,,,,,,,,,,26111700,,,,,,,,,,,,,,,,,,,,,,,,,,,,,,,,,,,,,,,,,,,
,,,,,,,,,,,DWV9401,DWV9401 Dewalt Paper Bag - 5pk,-- Unbranded --,-- No Unilog Brand --,-- No DIB Brand --,Black & Decker/dewlt (2585),Black & Decker/dewlt,DEWALT,,DWV9401,,,"Black & Decker/dewlt DEWALT, Product, DWV9401",PRODUCT,DEWALT DWV9401 Product,DEWALT Product,Product,,,,,,,,,,,,,,,,,,,,,,,,,,,Product,Product Type,,,Size,,,Material,,,Color,,,Additional Information,,,,,,,,,,,,,,,,,,,,,,,,,,,,,,,,,,,,,,,,,,,,,,,,,,,,,,,,,,,,,,,,,,,,,,,,,,,,,,,,,,,,,,,,,,,,,,,,,,,,,,,,,,,,,,,,,,,,,,,,,,,,,,,,,,,,,,,,,,,,,,,,,,,,,,,,,,,,,,,,,,,,,,,,,,,,,,,,,,,,,,,,
,,,,,,,Tools,Machinery,Woodworking Machinery,,578512,578512 Festool Dust Extractor-CT MIDI I HEPA,-- Unbranded --,-- No Unilog Brand --,-- No DIB Brand --,Festool USA (FESTO),Festool USA,Festool,,578512,,Tools & Hardware>Machinery>Woodworking Machinery,"Festool, Woodworking Machine, 578512, Dust Extractor",WW MACH DUST EXT,"Festool 578512 Woodworking Machine, Dust Extractor","Festool Woodworking Machine, Dust Extractor","Woodworking Machine, Dust Extractor",,,,,,,,,,,,,,,,,,,,,,,,,,,Woodworking Machine,Machine Type,Dust Extractor,,Capacity,,,Motor Power,,,Voltage Rating,,,Phase,,,Additional Information,,,,,,,,,,,,,,,,,,,,,,,,,,,,,,,,,,,,,,,,,,,,,,,,,,,,,,,,,,,,,,,,,,,,,,,,,,,,,,,,,,,,,,,,,,,,,,,,,,,,,,,,,,,,,,,,,,,,,,,,,,,,,,,,,,,,,,,,,,23153000,,,,,,,,,,,,,,,,,,,,,,,,,,,,,,,,,,,,,,,,,,,
,,,,,,,Tools,Machinery,Woodworking Machinery,,577871,577871 Festool Dust Extractor - CT 26,-- Unbranded --,-- No Unilog Brand --,-- No DIB Brand --,Festool USA (FESTO),Festool USA,Festool,,577871,,Tools & Hardware>Machinery>Woodworking Machinery,"Festool, Woodworking Machine, 577871, Dust Extractor",WW MACH DUST EXT,"Festool 577871 Woodworking Machine, Dust Extractor","Festool Woodworking Machine, Dust Extractor","Woodworking Machine, Dust Extractor",,,,,,,,,,,,,,,,,,,,,,,,,,,Woodworking Machine,Machine Type,Dust Extractor,,Capacity,,,Motor Power,,,Voltage Rating,,,Phase,,,Additional Information,,,,,,,,,,,,,,,,,,,,,,,,,,,,,,,,,,,,,,,,,,,,,,,,,,,,,,,,,,,,,,,,,,,,,,,,,,,,,,,,,,,,,,,,,,,,,,,,,,,,,,,,,,,,,,,,,,,,,,,,,,,,,,,,,,,,,,,,,,23153000,,,,,,,,,,,,,,,,,,,,,,,,,,,,,,,,,,,,,,,,,,,
,,,,,,,Tools,Machinery,Woodworking Machinery,,577874,577874 Festool Dust Extractor - CT 36,-- Unbranded --,-- No Unilog Brand --,-- No DIB Brand --,Festool USA (FESTO),Festool USA,Festool,,577874,,Tools & Hardware>Machinery>Woodworking Machinery,"Festool, Woodworking Machine, 577874, Dust Extractor",WW MACH DUST EXT,"Festool 577874 Woodworking Machine, Dust Extractor","Festool Woodworking Machine, Dust Extractor","Woodworking Machine, Dust Extractor",,,,,,,,,,,,,,,,,,,,,,,,,,,Woodworking Machine,Machine Type,Dust Extractor,,Capacity,,,Motor Power,,,Voltage Rating,,,Phase,,,Additional Information,,,,,,,,,,,,,,,,,,,,,,,,,,,,,,,,,,,,,,,,,,,,,,,,,,,,,,,,,,,,,,,,,,,,,,,,,,,,,,,,,,,,,,,,,,,,,,,,,,,,,,,,,,,,,,,,,,,,,,,,,,,,,,,,,,,,,,,,,,23153000,,,,,,,,,,,,,,,,,,,,,,,,,,,,,,,,,,,,,,,,,,,
,,,,,,,Tools,Machinery,Woodworking Machinery,,577876,577876 Festool Dust Extractor - CT 48,-- Unbranded --,-- No Unilog Brand --,-- No DIB Brand --,Festool USA (FESTO),Festool USA,Festool,,577876,,Tools & Hardware>Machinery>Woodworking Machinery,"Festool, Woodworking Machine, 577876, Dust Extractor",WW MACH DUST EXT,"Festool 577876 Woodworking Machine, Dust Extractor","Festool Woodworking Machine, Dust Extractor","Woodworking Machine, Dust Extractor",,,,,,,,,,,,,,,,,,,,,,,,,,,Woodworking Machine,Machine Type,Dust Extractor,,Capacity,,,Motor Power,,,Voltage Rating,,,Phase,,,Additional Information,,,,,,,,,,,,,,,,,,,,,,,,,,,,,,,,,,,,,,,,,,,,,,,,,,,,,,,,,,,,,,,,,,,,,,,,,,,,,,,,,,,,,,,,,,,,,,,,,,,,,,,,,,,,,,,,,,,,,,,,,,,,,,,,,,,,,,,,,,23153000,,,,,,,,,,,,,,,,,,,,,,,,,,,,,,,,,,,,,,,,,,,
,,,,,,,Tools,Machinery,Woodworking Machinery,,578441,578441 Festool Dust Extractor-CT 15 HEPA,-- Unbranded --,-- No Unilog Brand --,-- No DIB Brand --,Festool USA (FESTO),Festool USA,Festool,,578441,,Tools & Hardware>Machinery>Woodworking Machinery,"Festool, Woodworking Machine, 578441, Dust Extractor",WW MACH DUST EXT,"Festool 578441 Woodworking Machine, Dust Extractor","Festool Woodworking Machine, Dust Extractor","Woodworking Machine, Dust Extractor",,,,,,,,,,,,,,,,,,,,,,,,,,,Woodworking Machine,Machine Type,Dust Extractor,,Capacity,,,Motor Power,,,Voltage Rating,,,Phase,,,Additional Information,,,,,,,,,,,,,,,,,,,,,,,,,,,,,,,,,,,,,,,,,,,,,,,,,,,,,,,,,,,,,,,,,,,,,,,,,,,,,,,,,,,,,,,,,,,,,,,,,,,,,,,,,,,,,,,,,,,,,,,,,,,,,,,,,,,,,,,,,,23153000,,,,,,,,,,,,,,,,,,,,,,,,,,,,,,,,,,,,,,,,,,,
,,,,,,,Tools,Power Tools,Cordless Tools,,DCK225D2,DCK225D2 Dewalt Impact/Drill - Kit,-- Unbranded --,-- No Unilog Brand --,DEWALT,Black & Decker/dewlt (2585),Black & Decker/dewlt,DEWALT,,DCK225D2,,Tools & Hardware>Power Tools>Cordless Power Tools,"Black & Decker/dewlt DEWALT, Cordless Tool, DCK225D2, Impact Wrench, Kit",CORDLESS TOOL IMP WRNCH,"DEWALT DCK225D2 Cordless Tool, Impact Wrench, Kit","DEWALT Cordless Tool, Impact Wrench, Kit","Cordless Tool, Impact Wrench, Kit",,,,,,,,,,,,,,,,,,,,,,,,,,,Cordless Tool,Tool Type,Impact Wrench,,Voltage Rating,,,Drive Size,,,Battery Platform,,,Included Items,Kit,,Additional Information,,,,,,,,,,,,,,,,,,,,,,,,,,,,,,,,,,,,,,,,,,,,,,,,,,,,,,,,,,,,,,,,,,,,,,,,,,,,,,,,,,,,,,,,,,,,,,,,,,,,,,,,,,,,,,,,,,,,,,,,,,,,,,,,,,,,,,,,,,27112100,,,,,,,,,,,,,,,,,,,,,,,,,,,,,,,,,,,,,,,,,,,
,,,,,,,,,,,DCK2101QQ2,Dewalt DCK2101QQ2 20V 2Pc Kit,-- Unbranded --,-- No Unilog Brand --,-- No DIB Brand --,Black & Decker/dewlt (2585),Black & Decker/dewlt,DEWALT,,DCK2101QQ2,,,"Black & Decker/dewlt DEWALT, Product, DCK2101QQ2",PRODUCT,DEWALT DCK2101QQ2 Product,DEWALT Product,Product,,,,,,,,,,,,,,,,,,,,,,,,,,,Product,Product Type,,,Size,,,Material,,,Color,,,Additional Information,,,,,,,,,,,,,,,,,,,,,,,,,,,,,,,,,,,,,,,,,,,,,,,,,,,,,,,,,,,,,,,,,,,,,,,,,,,,,,,,,,,,,,,,,,,,,,,,,,,,,,,,,,,,,,,,,,,,,,,,,,,,,,,,,,,,,,,,,,,,,,,,,,,,,,,,,,,,,,,,,,,,,,,,,,,,,,,,,,,,,,,,
,,,,,,,,,,,4000-2/32,4000-2/32 DREMEL ROTARY TOOL,-- Unbranded --,-- No Unilog Brand --,Dremel,Robt Bosch Tool Corp (6564),Robt Bosch Tool Corp,Dremel,,4000-2/32,,,"Robt Bosch Tool Corp Dremel, Product, 4000-2/32",PRODUCT,Dremel 4000-2/32 Product,Dremel Product,Product,,,,,,,,,,,,,,,,,,,,,,,,,,,Product,Product Type,,,Size,,,Material,,,Color,,,Additional Information,,,,,,,,,,,,,,,,,,,,,,,,,,,,,,,,,,,,,,,,,,,,,,,,,,,,,,,,,,,,,,,,,,,,,,,,,,,,,,,,,,,,,,,,,,,,,,,,,,,,,,,,,,,,,,,,,,,,,,,,,,,,,,,,,,,,,,,,,,,,,,,,,,,,,,,,,,,,,,,,,,,,,,,,,,,,,,,,,,,,,,,,
,,,,,,,,,,,3100-1/15,3100-1/15 Dremel Rotary Tool - Kit 15pc,-- Unbranded --,-- No Unilog Brand --,Dremel,Robt Bosch Tool Corp (6564),Robt Bosch Tool Corp,Dremel,,3100-1/15,,,"Robt Bosch Tool Corp Dremel, Product, 3100-1/15",PRODUCT,Dremel 3100-1/15 Product,Dremel Product,Product,,,,,,,,,,,,,,,,,,,,,,,,,,,Product,Product Type,,,Size,,,Material,,,Color,,,Additional Information,,,,,,,,,,,,,,,,,,,,,,,,,,,,,,,,,,,,,,,,,,,,,,,,,,,,,,,,,,,,,,,,,,,,,,,,,,,,,,,,,,,,,,,,,,,,,,,,,,,,,,,,,,,,,,,,,,,,,,,,,,,,,,,,,,,,,,,,,,,,,,,,,,,,,,,,,,,,,,,,,,,,,,,,,,,,,,,,,,,,,,,,
,,,,,,,Tools,Hand Tools,Hand Tools,,T-90043,T-90043 Deep Medium Organizer,-- Unbranded --,-- No Unilog Brand --,-- No DIB Brand --,Makita Usa Inc (5142),Makita Usa Inc,,,T-90043,,Tools & Hardware>Hand Tools>General Hand Tools,"Makita Usa Inc, Hand Tool, T-90043",HAND TOOL,T-90043 Hand Tool,Hand Tool,Hand Tool,,,,,,,,,,,,,,,,,,,,,,,,,,,Hand Tool,Tool Type,,,Size,,,Drive Size,,,Quantity per Package,,,Material,,,Additional Information,,,,,,,,,,,,,,,,,,,,,,,,,,,,,,,,,,,,,,,,,,,,,,,,,,,,,,,,,,,,,,,,,,,,,,,,,,,,,,,,,,,,,,,,,,,,,,,,,,,,,,,,,,,,,,,,,,,,,,,,,,,,,,,,,,,,,,,,,,27111500,,,,,,,,,,,,,,,,,,,,,,,,,,,,,,,,,,,,,,,,,,,
,,,,,,,Tools,Hand Tools,Hand Tools,,T-90059,T-90059 Low Profile Medium - Organizer,-- Unbranded --,-- No Unilog Brand --,-- No DIB Brand --,Makita Usa Inc (5142),Makita Usa Inc,,,T-90059,,Tools & Hardware>Hand Tools>General Hand Tools,"Makita Usa Inc, Hand Tool, T-90059",HAND TOOL,T-90059 Hand Tool,Hand Tool,Hand Tool,,,,,,,,,,,,,,,,,,,,,,,,,,,Hand Tool,Tool Type,,,Size,,,Drive Size,,,Quantity per Package,,,Material,,,Additional Information,,,,,,,,,,,,,,,,,,,,,,,,,,,,,,,,,,,,,,,,,,,,,,,,,,,,,,,,,,,,,,,,,,,,,,,,,,,,,,,,,,,,,,,,,,,,,,,,,,,,,,,,,,,,,,,,,,,,,,,,,,,,,,,,,,,,,,,,,,27111500,,,,,,,,,,,,,,,,,,,,,,,,,,,,,,,,,,,,,,,,,,,
,,,,,,,Tools,Hand Tools,Hand Tools,,T-90065,T-90065 Deep Compact Organizer,-- Unbranded --,-- No Unilog Brand --,-- No DIB Brand --,Makita Usa Inc (5142),Makita Usa Inc,,,T-90065,,Tools & Hardware>Hand Tools>General Hand Tools,"Makita Usa Inc, Hand Tool, T-90065",HAND TOOL,T-90065 Hand Tool,Hand Tool,Hand Tool,,,,,,,,,,,,,,,,,,,,,,,,,,,Hand Tool,Tool Type,,,Size,,,Drive Size,,,Quantity per Package,,,Material,,,Additional Information,,,,,,,,,,,,,,,,,,,,,,,,,,,,,,,,,,,,,,,,,,,,,,,,,,,,,,,,,,,,,,,,,,,,,,,,,,,,,,,,,,,,,,,,,,,,,,,,,,,,,,,,,,,,,,,,,,,,,,,,,,,,,,,,,,,,,,,,,,27111500,,,,,,,,,,,,,,,,,,,,,,,,,,,,,,,,,,,,,,,,,,,
,,,,,,,Tools,Machinery,Woodworking Machinery,,10047VS,10047VS Oliver 3HP 230V 1PH Shaper 1-1/4 Spindle,-- Unbranded --,-- No Unilog Brand --,-- No DIB Brand --,Oliver Machinery Company (OLIMA),Oliver Machinery Company,Oliver,,10047VS,,Tools & Hardware>Machinery>Woodworking Machinery,"Oliver, Woodworking Machine, 10047VS, Shaper, 3 hp Motor Power, 230 V",WW MACH SHAPER 3HP,"Oliver 10047VS Woodworking Machine, Shaper, 3 hp Motor Power, 230 V","Oliver Woodworking Machine, Shaper, 3 hp Motor Power, 230 V, 1 Phase","Woodworking Machine, Shaper, 3 hp Motor Power, 230 V",,,,,,,,,,,,,,,,,,,,,,,,,,,Woodworking Machine,Machine Type,Shaper,,Capacity,,,Motor Power,3,hp,Voltage Rating,230,V,Phase,1,,Additional Information,,,,,,,,,,,,,,,,,,,,,,,,,,,,,,,,,,,,,,,,,,,,,,,,,,,,,,,,,,,,,,,,,,,,,,,,,,,,,,,,,,,,,,,,,,,,,,,,,,,,,,,,,,,,,,,,,,,,,,,,,,,,,,,,,,,,,,,,,,23153000,,,,,,,,,,,,,,,,,,,,,,,,,,,,,,,,,,,,,,,,,,,
,,,,,,,Tools,Machinery,Woodworking Machinery,,MAG:2044-230-1,2044-230-1 Stock Feeder 4-Roll - Steff,-- Unbranded --,-- No Unilog Brand --,-- No DIB Brand --,J&G Machinery (JGMAC),J&G Machinery,,,MAG:2044-230-1,,Tools & Hardware>Machinery>Woodworking Machinery,"J&G Machinery, Woodworking Machine, MAG:2044-230-1, Stock Feeder",WW MACH STK FDR,"MAG:2044-230-1 Woodworking Machine, Stock Feeder","Woodworking Machine, Stock Feeder","Woodworking Machine, Stock Feeder",,,,,,,,,,,,,,,,,,,,,,,,,,,Woodworking Machine,Machine Type,Stock Feeder,,Capacity,,,Motor Power,,,Voltage Rating,,,Phase,,,Additional Information,,,,,,,,,,,,,,,,,,,,,,,,,,,,,,,,,,,,,,,,,,,,,,,,,,,,,,,,,,,,,,,,,,,,,,,,,,,,,,,,,,,,,,,,,,,,,,,,,,,,,,,,,,,,,,,,,,,,,,,,,,,,,,,,,,,,,,,,,,23153000,,,,,,,,,,,,,,,,,,,,,,,,,,,,,,,,,,,,,,,,,,,
,,,,,,,,,,,XTP242,"42"" XTP XTENDER PRO Fence - XTP242",-- Unbranded --,-- No Unilog Brand --,-- No DIB Brand --,Bow Products (BOWPR),Bow Products,Bow Products,,XTP242,,,"Bow Products, Product, XTP242",PRODUCT,Bow Products XTP242 Product,Bow Products Product,Product,,,,,,,,,,,,,,,,,,,,,,,,,,,Product,Product Type,,,Size,,,Material,,,Color,,,Additional Information,,,,,,,,,,,,,,,,,,,,,,,,,,,,,,,,,,,,,,,,,,,,,,,,,,,,,,,,,,,,,,,,,,,,,,,,,,,,,,,,,,,,,,,,,,,,,,,,,,,,,,,,,,,,,,,,,,,,,,,,,,,,,,,,,,,,,,,,,,,,,,,,,,,,,,,,,,,,,,,,,,,,,,,,,,,,,,,,,,,,,,,,
,,,,,,,,,,,AAS-P,AAS-P Align-A-Saw Plate Only,-- Unbranded --,-- No Unilog Brand --,-- No DIB Brand --,Woodpeckers Inc (WOODP),Woodpeckers Inc,,,AAS-P,,,"Woodpeckers Inc, Product, AAS-P",PRODUCT,AAS-P Product,Product,Product,,,,,,,,,,,,,,,,,,,,,,,,,,,Product,Product Type,,,Size,,,Material,,,Color,,,Additional Information,,,,,,,,,,,,,,,,,,,,,,,,,,,,,,,,,,,,,,,,,,,,,,,,,,,,,,,,,,,,,,,,,,,,,,,,,,,,,,,,,,,,,,,,,,,,,,,,,,,,,,,,,,,,,,,,,,,,,,,,,,,,,,,,,,,,,,,,,,,,,,,,,,,,,,,,,,,,,,,,,,,,,,,,,,,,,,,,,,,,,,,,
,,,,,,,,,,,SSCMS,SSCMS Stealthstop Miter Sled,-- Unbranded --,-- No Unilog Brand --,-- No DIB Brand --,Woodpeckers Inc (WOODP),Woodpeckers Inc,,,SSCMS,,,"Woodpeckers Inc, Product, SSCMS",PRODUCT,SSCMS Product,Product,Product,,,,,,,,,,,,,,,,,,,,,,,,,,,Product,Product Type,,,Size,,,Material,,,Color,,,Additional Information,,,,,,,,,,,,,,,,,,,,,,,,,,,,,,,,,,,,,,,,,,,,,,,,,,,,,,,,,,,,,,,,,,,,,,,,,,,,,,,,,,,,,,,,,,,,,,,,,,,,,,,,,,,,,,,,,,,,,,,,,,,,,,,,,,,,,,,,,,,,,,,,,,,,,,,,,,,,,,,,,,,,,,,,,,,,,,,,,,,,,,,,
,,,,,,,Tools,Machinery,Woodworking Machinery,,4225.201,"4225.201 Oliver 6"" HH Jointer Paralleogram",-- Unbranded --,-- No Unilog Brand --,-- No DIB Brand --,Oliver Machinery Company (OLIMA),Oliver Machinery Company,Oliver,,4225.201,,Tools & Hardware>Machinery>Woodworking Machinery,"Oliver, Woodworking Machine, 4225.201, Jointer, 6 in Capacity",WW MACH JOINTER 6IN,"Oliver 4225.201 Woodworking Machine, Jointer, 6 in Capacity","Oliver Woodworking Machine, Jointer, 6 in Capacity","Woodworking Machine, Jointer, 6 in Capacity",,,,,,,,,,,,,,,,,,,,,,,,,,,Woodworking Machine,Machine Type,Jointer,,Capacity,6,in,Motor Power,,,Voltage Rating,,,Phase,,,Additional Information,,,,,,,,,,,,,,,,,,,,,,,,,,,,,,,,,,,,,,,,,,,,,,,,,,,,,,,,,,,,,,,,,,,,,,,,,,,,,,,,,,,,,,,,,,,,,,,,,,,,,,,,,,,,,,,,,,,,,,,,,,,,,,,,,,,,,,,,,,23153000,,,,,,,,,,,,,,,,,,,,,,,,,,,,,,,,,,,,,,,,,,,
,,,,,,,Tools,Machinery,Woodworking Machinery,,KC-426C,"KC-426C 12"" Portable Planer",-- Unbranded --,-- No Unilog Brand --,-- No DIB Brand --,King Canada Inc (KINCA),King Canada Inc,,,KC-426C,,Tools & Hardware>Machinery>Woodworking Machinery,"King Canada Inc, Woodworking Machine, KC-426C, Planer, 12 in Capacity",WW MACH PLANER 12IN,"KC-426C Woodworking Machine, Planer, 12 in Capacity","Woodworking Machine, Planer, 12 in Capacity","Woodworking Machine, Planer, 12 in Capacity",,,,,,,,,,,,,,,,,,,,,,,,,,,Woodworking Machine,Machine Type,Planer,,Capacity,12,in,Motor Power,,,Voltage Rating,,,Phase,,,Additional Information,,,,,,,,,,,,,,,,,,,,,,,,,,,,,,,,,,,,,,,,,,,,,,,,,,,,,,,,,,,,,,,,,,,,,,,,,,,,,,,,,,,,,,,,,,,,,,,,,,,,,,,,,,,,,,,,,,,,,,,,,,,,,,,,,,,,,,,,,,23153000,,,,,,,,,,,,,,,,,,,,,,,,,,,,,,,,,,,,,,,,,,,
,,,,,,,Tools,Machinery,Woodworking Machinery,,10045.201,"10045.201 Oliver 13"" Benchtop Planer 2HP,115V 1Ph",-- Unbranded --,-- No Unilog Brand --,-- No DIB Brand --,Oliver Machinery Company (OLIMA),Oliver Machinery Company,Oliver,,10045.201,,Tools & Hardware>Machinery>Woodworking Machinery,"Oliver, Woodworking Machine, 10045.201, Planer, 13 in Capacity, 2 hp Motor Power",WW MACH PLANER 13IN 2HP,"Oliver 10045.201 Woodworking Machine, Planer, 13 in Capacity, 2 hp Motor Power, 115 V","Oliver Woodworking Machine, Planer, 13 in Capacity, 2 hp Motor Power, 115 V, 1 Phase","Woodworking Machine, Planer, 13 in Capacity, 2 hp Motor Power, 115 V",,,,,,,,,,,,,,,,,,,,,,,,,,,Woodworking Machine,Machine Type,Planer,,Capacity,13,in,Motor Power,2,hp,Voltage Rating,115,V,Phase,1,,Additional Information,,,,,,,,,,,,,,,,,,,,,,,,,,,,,,,,,,,,,,,,,,,,,,,,,,,,,,,,,,,,,,,,,,,,,,,,,,,,,,,,,,,,,,,,,,,,,,,,,,,,,,,,,,,,,,,,,,,,,,,,,,,,,,,,,,,,,,,,,,23153000,,,,,,,,,,,,,,,,,,,,,,,,,,,,,,,,,,,,,,,,,,,
,,,,,,,Tools,Machinery,Woodworking Machinery,,10014.201,"10014.201 Oliver 15"" Planer 3HP 1Ph 220V",-- Unbranded --,-- No Unilog Brand --,-- No DIB Brand --,Oliver Machinery Company (OLIMA),Oliver Machinery Company,Oliver,,10014.201,,Tools & Hardware>Machinery>Woodworking Machinery,"Oliver, Woodworking Machine, 10014.201, Planer, 15 in Capacity, 3 hp Motor Power",WW MACH PLANER 15IN 3HP,"Oliver 10014.201 Woodworking Machine, Planer, 15 in Capacity, 3 hp Motor Power, 220 V","Oliver Woodworking Machine, Planer, 15 in Capacity, 3 hp Motor Power, 220 V, 1 Phase","Woodworking Machine, Planer, 15 in Capacity, 3 hp Motor Power, 220 V",,,,,,,,,,,,,,,,,,,,,,,,,,,Woodworking Machine,Machine Type,Planer,,Capacity,15,in,Motor Power,3,hp,Voltage Rating,220,V,Phase,1,,Additional Information,,,,,,,,,,,,,,,,,,,,,,,,,,,,,,,,,,,,,,,,,,,,,,,,,,,,,,,,,,,,,,,,,,,,,,,,,,,,,,,,,,,,,,,,,,,,,,,,,,,,,,,,,,,,,,,,,,,,,,,,,,,,,,,,,,,,,,,,,,23153000,,,,,,,,,,,,,,,,,,,,,,,,,,,,,,,,,,,,,,,,,,,
,,,,,,,Tools,Machinery,Woodworking Machinery,,4430.201,"4430.201 Oliver 20"" Planer 5HP 1Ph 230V",-- Unbranded --,-- No Unilog Brand --,-- No DIB Brand --,Oliver Machinery Company (OLIMA),Oliver Machinery Company,Oliver,,4430.201,,Tools & Hardware>Machinery>Woodworking Machinery,"Oliver, Woodworking Machine, 4430.201, Planer, 20 in Capacity, 5 hp Motor Power",WW MACH PLANER 20IN 5HP,"Oliver 4430.201 Woodworking Machine, Planer, 20 in Capacity, 5 hp Motor Power, 230 V","Oliver Woodworking Machine, Planer, 20 in Capacity, 5 hp Motor Power, 230 V, 1 Phase","Woodworking Machine, Planer, 20 in Capacity, 5 hp Motor Power, 230 V",,,,,,,,,,,,,,,,,,,,,,,,,,,Woodworking Machine,Machine Type,Planer,,Capacity,20,in,Motor Power,5,hp,Voltage Rating,230,V,Phase,1,,Additional Information,,,,,,,,,,,,,,,,,,,,,,,,,,,,,,,,,,,,,,,,,,,,,,,,,,,,,,,,,,,,,,,,,,,,,,,,,,,,,,,,,,,,,,,,,,,,,,,,,,,,,,,,,,,,,,,,,,,,,,,,,,,,,,,,,,,,,,,,,,23153000,,,,,,,,,,,,,,,,,,,,,,,,,,,,,,,,,,,,,,,,,,,
,,,,,,,Tools,Machinery,Woodworking Machinery,,10055.201,"10055.201 Oliver 15"" Benchtop Planer 2.5HP 1Ph 230V",-- Unbranded --,-- No Unilog Brand --,-- No DIB Brand --,Oliver Machinery Company (OLIMA),Oliver Machinery Company,Oliver,,10055.201,,Tools & Hardware>Machinery>Woodworking Machinery,"Oliver, Woodworking Machine, 10055.201, Planer, 15 in Capacity",WW MACH PLANER 15IN 2-1/2HP,"Oliver 10055.201 Woodworking Machine, Planer, 15 in Capacity, 2-1/2 hp Motor Power, 230 V","Oliver Woodworking Machine, Planer, 15 in Capacity, 2-1/2 hp Motor Power, 230 V, 1 Phase","Woodworking Machine, Planer, 15 in Capacity, 2-1/2 hp Motor Power, 230 V",,,,,,,,,,,,,,,,,,,,,,,,,,,Woodworking Machine,Machine Type,Planer,,Capacity,15,in,Motor Power,2-1/2,hp,Voltage Rating,230,V,Phase,1,,Additional Information,,,,,,,,,,,,,,,,,,,,,,,,,,,,,,,,,,,,,,,,,,,,,,,,,,,,,,,,,,,,,,,,,,,,,,,,,,,,,,,,,,,,,,,,,,,,,,,,,,,,,,,,,,,,,,,,,,,,,,,,,,,,,,,,,,,,,,,,,,23153000,,,,,,,,,,,,,,,,,,,,,,,,,,,,,,,,,,,,,,,,,,,
,,,,,,,Tools,Machinery,Woodworking Machinery,,T27417,T27417 Grizzly OscillatingEdge - Belt and Spindle Sander,-- Unbranded --,-- No Unilog Brand --,-- No DIB Brand --,Woodstock Intl (3658),Woodstock Intl,Grizzly,,T27417,,Tools & Hardware>Machinery>Woodworking Machinery,"Woodstock Intl Grizzly, Woodworking Machine, T27417, Spindle Sander",WW MACH SPN SNDR,"Grizzly T27417 Woodworking Machine, Spindle Sander","Grizzly Woodworking Machine, Spindle Sander","Woodworking Machine, Spindle Sander",,,,,,,,,,,,,,,,,,,,,,,,,,,Woodworking Machine,Machine Type,Spindle Sander,,Capacity,,,Motor Power,,,Voltage Rating,,,Phase,,,Additional Information,,,,,,,,,,,,,,,,,,,,,,,,,,,,,,,,,,,,,,,,,,,,,,,,,,,,,,,,,,,,,,,,,,,,,,,,,,,,,,,,,,,,,,,,,,,,,,,,,,,,,,,,,,,,,,,,,,,,,,,,,,,,,,,,,,,,,,,,,,23153000,,,,,,,,,,,,,,,,,,,,,,,,,,,,,,,,,,,,,,,,,,,
