Row,Part Number,Description,Status,Confidence,Issue,Field,Detail,Suggested Value
7,5B-332-080,"5B-332-080 HIOLIT 5"" P80",NEEDS_REVIEW,0.72,Attribute coverage below threshold,__attributes__,20% of the 5 template slots populated,
8,5B-332-120,"5B-332-120 HIOLIT 5"" P120",NEEDS_REVIEW,0.72,Attribute coverage below threshold,__attributes__,20% of the 5 template slots populated,
9,9A-570-240,9A-570-240 Abranet 2.75x30,NEEDS_REVIEW,0.75,Attribute coverage below threshold,__attributes__,20% of the 5 template slots populated,
10,9A-570-320,9A-570-320 Abranet 2.75x30,NEEDS_REVIEW,0.75,Attribute coverage below threshold,__attributes__,20% of the 5 template slots populated,
58,1700-1PK-BB40,3/4x60' Vinyl Elect Tape,NEEDS_REVIEW,0.83,Attribute coverage below threshold,__attributes__,20% of the 5 template slots populated,
59,ASH-40-40-04,1.5x1.5x13' Legacy Emseal Tape,NEEDS_REVIEW,0.78,Attribute coverage below threshold,__attributes__,20% of the 5 template slots populated,
60,KDFM404KPS,KDFM404KPS Dishwasher SS,NEEDS_REVIEW,0.47,Manufacturer unresolved,MANUFACTURER_NAME,'Appliance Dealers Cooperative' is a distributor/co-op (carries 8 brands); the manufacturer of record needs manufacturer evidence,
60,KDFM404KPS,KDFM404KPS Dishwasher SS,NEEDS_REVIEW,0.47,Brand unresolved,BRAND_NAME,"no brand evidence in feed columns, description or supplier",
60,KDFM404KPS,KDFM404KPS Dishwasher SS,NEEDS_REVIEW,0.47,Attribute coverage below threshold,__attributes__,20% of the 15 template slots populated,
60,KDFM404KPS,KDFM404KPS Dishwasher SS,NEEDS_REVIEW,0.47,Product confidence below publication threshold,,0.47 < 0.62,
61,PDSH4816AF,PDSH4816AF Dishwasher SS - Display Only,NEEDS_REVIEW,0.47,Manufacturer unresolved,MANUFACTURER_NAME,'Appliance Dealers Cooperative' is a distributor/co-op (carries 8 brands); the manufacturer of record needs manufacturer evidence,
61,PDSH4816AF,PDSH4816AF Dishwasher SS - Display Only,NEEDS_REVIEW,0.47,Brand unresolved,BRAND_NAME,"no brand evidence in feed columns, description or supplier",
61,PDSH4816AF,PDSH4816AF Dishwasher SS - Display Only,NEEDS_REVIEW,0.47,Attribute coverage below threshold,__attributes__,20% of the 15 template slots populated,
61,PDSH4816AF,PDSH4816AF Dishwasher SS - Display Only,NEEDS_REVIEW,0.47,Product confidence below publication threshold,,0.47 < 0.62,
62,PDT715SYVFS,PDT715SYVFS Ge Dishwasher SS,NEEDS_REVIEW,0.59,Manufacturer unresolved,MANUFACTURER_NAME,'Appliance Dealers Cooperative' is a distributor/co-op (carries 8 brands); the manufacturer of record needs manufacturer evidence,
62,PDT715SYVFS,PDT715SYVFS Ge Dishwasher SS,NEEDS_REVIEW,0.59,Attribute coverage below threshold,__attributes__,20% of the 15 template slots populated,
62,PDT715SYVFS,PDT715SYVFS Ge Dishwasher SS,NEEDS_REVIEW,0.59,Product confidence below publication threshold,,0.59 < 0.62,
63,LDPH5554D,LDPH5554D LG Dishwasher BSS,NEEDS_REVIEW,0.57,Manufacturer unresolved,MANUFACTURER_NAME,'Appliance Dealers Cooperative' is a distributor/co-op (carries 8 brands); the manufacturer of record needs manufacturer evidence,
63,LDPH5554D,LDPH5554D LG Dishwasher BSS,NEEDS_REVIEW,0.57,Attribute coverage below threshold,__attributes__,13% of the 15 template slots populated,
63,LDPH5554D,LDPH5554D LG Dishwasher BSS,NEEDS_REVIEW,0.57,Product confidence below publication threshold,,0.57 < 0.62,
64,WDTS7024RZ,WDTS7024RZ Dishwasher SS - Display Only,NEEDS_REVIEW,0.47,Manufacturer unresolved,MANUFACTURER_NAME,'Appliance Dealers Cooperative' is a distributor/co-op (carries 8 brands); the manufacturer of record needs manufacturer evidence,
64,WDTS7024RZ,WDTS7024RZ Dishwasher SS - Display Only,NEEDS_REVIEW,0.47,Brand unresolved,BRAND_NAME,"no brand evidence in feed columns, description or supplier",
64,WDTS7024RZ,WDTS7024RZ Dishwasher SS - Display Only,NEEDS_REVIEW,0.47,Attribute coverage below threshold,__attributes__,20% of the 15 template slots populated,
64,WDTS7024RZ,WDTS7024RZ Dishwasher SS - Display Only,NEEDS_REVIEW,0.47,Product confidence below publication threshold,,0.47 < 0.62,
65,PDD415PYYFS,PDD415PYYFS GE Dishwasher SS,NEEDS_REVIEW,0.59,Manufacturer unresolved,MANUFACTURER_NAME,'Appliance Dealers Cooperative' is a distributor/co-op (carries 8 brands); the manufacturer of record needs manufacturer evidence,
65,PDD415PYYFS,PDD415PYYFS GE Dishwasher SS,NEEDS_REVIEW,0.59,Attribute coverage below threshold,__attributes__,20% of the 15 template slots populated,
65,PDD415PYYFS,PDD415PYYFS GE Dishwasher SS,NEEDS_REVIEW,0.59,Product confidence below publication threshold,,0.59 < 0.62,
66,KDTS424SBE,KDTS424SBE Kitchen Aid Dishwasher Bk,NEEDS_REVIEW,0.57,Manufacturer unresolved,MANUFACTURER_NAME,'Appliance Dealers Cooperative' is a distributor/co-op (carries 8 brands); the manufacturer of record needs manufacturer evidence,
66,KDTS424SBE,KDTS424SBE Kitchen Aid Dishwasher Bk,NEEDS_REVIEW,0.57,Attribute coverage below threshold,__attributes__,13% of the 15 template slots populated,
66,KDTS424SBE,KDTS424SBE Kitchen Aid Dishwasher Bk,NEEDS_REVIEW,0.57,Product confidence below publication threshold,,0.57 < 0.62,
67,KDTS324SPS,KDTS324SPS Kitchen Aid Dishwasher SS,NEEDS_REVIEW,0.59,Manufacturer unresolved,MANUFACTURER_NAME,'Appliance Dealers Cooperative' is a distributor/co-op (carries 8 brands); the manufacturer of record needs manufacturer evidence,
67,KDTS324SPS,KDTS324SPS Kitchen Aid Dishwasher SS,NEEDS_REVIEW,0.59,Attribute coverage below threshold,__attributes__,20% of the 15 template slots populated,
67,KDTS324SPS,KDTS324SPS Kitchen Aid Dishwasher SS,NEEDS_REVIEW,0.59,Product confidence below publication threshold,,0.59 < 0.62,
68,KDPS624SJP,KDPS624SJP Dishwasher Juniper - Display Only,NEEDS_REVIEW,0.46,Manufacturer unresolved,MANUFACTURER_NAME,'Appliance Dealers Cooperative' is a distributor/co-op (carries 8 brands); the manufacturer of record needs manufacturer evidence,
68,KDPS624SJP,KDPS624SJP Dishwasher Juniper - Display Only,NEEDS_REVIEW,0.46,Brand unresolved,BRAND_NAME,"no brand evidence in feed columns, description or supplier",
68,KDPS624SJP,KDPS624SJP Dishwasher Juniper - Display Only,NEEDS_REVIEW,0.46,Attribute coverage below threshold,__attributes__,13% of the 15 template slots populated,
68,KDPS624SJP,KDPS624SJP Dishwasher Juniper - Display Only,NEEDS_REVIEW,0.46,Product confidence below publication threshold,,0.46 < 0.62,
69,KDTS624SBE,KDTS624SBE Dishwasher BO Display Only,NEEDS_REVIEW,0.54,Brand inferred from part-number prefix,BRAND_NAME,"part-number prefix 'KDTS' maps to KitchenAid in 2 other rows of this feed sharing the same category (built_in_dishwashers) (KDTS324SPS, KDTS424SBE)",KitchenAid
69,KDTS624SBE,KDTS624SBE Dishwasher BO Display Only,NEEDS_REVIEW,0.54,Manufacturer unresolved,MANUFACTURER_NAME,'Appliance Dealers Cooperative' is a distributor/co-op (carries 8 brands); the manufacturer of record needs manufacturer evidence,
69,KDTS624SBE,KDTS624SBE Dishwasher BO Display Only,NEEDS_REVIEW,0.54,Brand confidence below threshold,BRAND_NAME,0.54 < 0.6,KitchenAid
69,KDTS624SBE,KDTS624SBE Dishwasher BO Display Only,NEEDS_REVIEW,0.54,Attribute coverage below threshold,__attributes__,13% of the 15 template slots populated,
69,KDTS624SBE,KDTS624SBE Dishwasher BO Display Only,NEEDS_REVIEW,0.54,Product confidence below publication threshold,,0.54 < 0.62,
70,D519127,D519127 Heater Kit,NEEDS_REVIEW,0.26,Classification could not be settled automatically,Classpath,"ambiguous or unmatched; no model available, so the record is flagged for human review rather than guessed",
70,D519127,D519127 Heater Kit,NEEDS_REVIEW,0.26,Brand unresolved,BRAND_NAME,"no brand evidence in feed columns, description or supplier",
70,D519127,D519127 Heater Kit,NEEDS_REVIEW,0.26,Product could not be classified,Classpath,no taxonomy leaf matched; generic template applied,
70,D519127,D519127 Heater Kit,NEEDS_REVIEW,0.26,Attribute coverage below threshold,__attributes__,0% of the 5 template slots populated,
70,D519127,D519127 Heater Kit,NEEDS_REVIEW,0.26,Validation error,Classpath,'Classpath' is required for a publishable record,
70,D519127,D519127 Heater Kit,NEEDS_REVIEW,0.26,Product confidence below publication threshold,,0.26 < 0.62,
71,DF7004WE,DF7004WE Speed Queen Elect Dryer Wh,NEEDS_REVIEW,0.59,Manufacturer unresolved,MANUFACTURER_NAME,'Appliance Dealers Cooperative' is a distributor/co-op (carries 8 brands); the manufacturer of record needs manufacturer evidence,
71,DF7004WE,DF7004WE Speed Queen Elect Dryer Wh,NEEDS_REVIEW,0.59,Attribute coverage below threshold,__attributes__,22% of the 9 template slots populated,
71,DF7004WE,DF7004WE Speed Queen Elect Dryer Wh,NEEDS_REVIEW,0.59,Product confidence below publication threshold,,0.59 < 0.62,
72,DR7004BE,DR7004BE SQ Elect Dryer Bk,NEEDS_REVIEW,0.48,Manufacturer unresolved,MANUFACTURER_NAME,'Appliance Dealers Cooperative' is a distributor/co-op (carries 8 brands); the manufacturer of record needs manufacturer evidence,
72,DR7004BE,DR7004BE SQ Elect Dryer Bk,NEEDS_REVIEW,0.48,Brand unresolved,BRAND_NAME,"no brand evidence in feed columns, description or supplier",
72,DR7004BE,DR7004BE SQ Elect Dryer Bk,NEEDS_REVIEW,0.48,Attribute coverage below threshold,__attributes__,22% of the 9 template slots populated,
72,DR7004BE,DR7004BE SQ Elect Dryer Bk,NEEDS_REVIEW,0.48,Product confidence below publication threshold,,0.48 < 0.62,
73,DV2000WE,DV2000WE SQ Elect Dryer Wh,NEEDS_REVIEW,0.48,Manufacturer unresolved,MANUFACTURER_NAME,'Appliance Dealers Cooperative' is a distributor/co-op (carries 8 brands); the manufacturer of record needs manufacturer evidence,
73,DV2000WE,DV2000WE SQ Elect Dryer Wh,NEEDS_REVIEW,0.48,Brand unresolved,BRAND_NAME,"no brand evidence in feed columns, description or supplier",
73,DV2000WE,DV2000WE SQ Elect Dryer Wh,NEEDS_REVIEW,0.48,Attribute coverage below threshold,__attributes__,22% of the 9 template slots populated,
73,DV2000WE,DV2000WE SQ Elect Dryer Wh,NEEDS_REVIEW,0.48,Product confidence below publication threshold,,0.48 < 0.62,
74,DC5004WE,DC5004WE SQ Elect Dryer Wh,NEEDS_REVIEW,0.48,Manufacturer unresolved,MANUFACTURER_NAME,'Appliance Dealers Cooperative' is a distributor/co-op (carries 8 brands); the manufacturer of record needs manufacturer evidence,
74,DC5004WE,DC5004WE SQ Elect Dryer Wh,NEEDS_REVIEW,0.48,Brand unresolved,BRAND_NAME,"no brand evidence in feed columns, description or supplier",
74,DC5004WE,DC5004WE SQ Elect Dryer Wh,NEEDS_REVIEW,0.48,Attribute coverage below threshold,__attributes__,22% of the 9 template slots populated,
74,DC5004WE,DC5004WE SQ Elect Dryer Wh,NEEDS_REVIEW,0.48,Product confidence below publication threshold,,0.48 < 0.62,
75,DC5004BE,DC5004BE SQ Elect Dryer Bk,NEEDS_REVIEW,0.48,Manufacturer unresolved,MANUFACTURER_NAME,'Appliance Dealers Cooperative' is a distributor/co-op (carries 8 brands); the manufacturer of record needs manufacturer evidence,
75,DC5004BE,DC5004BE SQ Elect Dryer Bk,NEEDS_REVIEW,0.48,Brand unresolved,BRAND_NAME,"no brand evidence in feed columns, description or supplier",
75,DC5004BE,DC5004BE SQ Elect Dryer Bk,NEEDS_REVIEW,0.48,Attribute coverage below threshold,__attributes__,22% of the 9 template slots populated,
75,DC5004BE,DC5004BE SQ Elect Dryer Bk,NEEDS_REVIEW,0.48,Product confidence below publication threshold,,0.48 < 0.62,
76,WKE100HWA,WKE100HWA LG Laundry Center Wh - Display,NEEDS_REVIEW,0.56,Manufacturer unresolved,MANUFACTURER_NAME,'Appliance Dealers Cooperative' is a distributor/co-op (carries 8 brands); the manufacturer of record needs manufacturer evidence,
76,WKE100HWA,WKE100HWA LG Laundry Center Wh - Display,NEEDS_REVIEW,0.56,Product confidence below publication threshold,,0.56 < 0.62,
77,FF7011WN,FF7011WN Speed Queen Washer Wh,NEEDS_REVIEW,0.58,Manufacturer unresolved,MANUFACTURER_NAME,'Appliance Dealers Cooperative' is a distributor/co-op (carries 8 brands); the manufacturer of record needs manufacturer evidence,
77,FF7011WN,FF7011WN Speed Queen Washer Wh,NEEDS_REVIEW,0.58,Attribute coverage below threshold,__attributes__,12% of the 8 template slots populated,
77,FF7011WN,FF7011WN Speed Queen Washer Wh,NEEDS_REVIEW,0.58,Product confidence below publication threshold,,0.58 < 0.62,
78,PTD70GBPTDG,PTD70GBPTDG GE Gas Dryer DG,NEEDS_REVIEW,0.59,Manufacturer unresolved,MANUFACTURER_NAME,'Appliance Dealers Cooperative' is a distributor/co-op (carries 8 brands); the manufacturer of record needs manufacturer evidence,
78,PTD70GBPTDG,PTD70GBPTDG GE Gas Dryer DG,NEEDS_REVIEW,0.59,Attribute coverage below threshold,__attributes__,22% of the 9 template slots populated,
78,PTD70GBPTDG,PTD70GBPTDG GE Gas Dryer DG,NEEDS_REVIEW,0.59,Product confidence below publication threshold,,0.59 < 0.62,
79,PTD70GBSTWS,PTD70GBSTWS GE Gas Dryer Wh,NEEDS_REVIEW,0.59,Manufacturer unresolved,MANUFACTURER_NAME,'Appliance Dealers Cooperative' is a distributor/co-op (carries 8 brands); the manufacturer of record needs manufacturer evidence,
79,PTD70GBSTWS,PTD70GBSTWS GE Gas Dryer Wh,NEEDS_REVIEW,0.59,Attribute coverage below threshold,__attributes__,22% of the 9 template slots populated,
79,PTD70GBSTWS,PTD70GBSTWS GE Gas Dryer Wh,NEEDS_REVIEW,0.59,Product confidence below publication threshold,,0.59 < 0.62,
80,DR5004WG,DR5004WG SQ Gas Dryer Wh,NEEDS_REVIEW,0.48,Manufacturer unresolved,MANUFACTURER_NAME,'Appliance Dealers Cooperative' is a distributor/co-op (carries 8 brands); the manufacturer of record needs manufacturer evidence,
80,DR5004WG,DR5004WG SQ Gas Dryer Wh,NEEDS_REVIEW,0.48,Brand unresolved,BRAND_NAME,"no brand evidence in feed columns, description or supplier",
80,DR5004WG,DR5004WG SQ Gas Dryer Wh,NEEDS_REVIEW,0.48,Attribute coverage below threshold,__attributes__,22% of the 9 template slots populated,
80,DR5004WG,DR5004WG SQ Gas Dryer Wh,NEEDS_REVIEW,0.48,Product confidence below publication threshold,,0.48 < 0.62,
81,DR7004BG,DR7004BG SQ Gas Dryer Bk,NEEDS_REVIEW,0.48,Manufacturer unresolved,MANUFACTURER_NAME,'Appliance Dealers Cooperative' is a distributor/co-op (carries 8 brands); the manufacturer of record needs manufacturer evidence,
81,DR7004BG,DR7004BG SQ Gas Dryer Bk,NEEDS_REVIEW,0.48,Brand unresolved,BRAND_NAME,"no brand evidence in feed columns, description or supplier",
81,DR7004BG,DR7004BG SQ Gas Dryer Bk,NEEDS_REVIEW,0.48,Attribute coverage below threshold,__attributes__,22% of the 9 template slots populated,
81,DR7004BG,DR7004BG SQ Gas Dryer Bk,NEEDS_REVIEW,0.48,Product confidence below publication threshold,,0.48 < 0.62,
82,DR7004WG,DR7004WG SQ Gas Dryer Wh,NEEDS_REVIEW,0.48,Manufacturer unresolved,MANUFACTURER_NAME,'Appliance Dealers Cooperative' is a distributor/co-op (carries 8 brands); the manufacturer of record needs manufacturer evidence,
82,DR7004WG,DR7004WG SQ Gas Dryer Wh,NEEDS_REVIEW,0.48,Brand unresolved,BRAND_NAME,"no brand evidence in feed columns, description or supplier",
82,DR7004WG,DR7004WG SQ Gas Dryer Wh,NEEDS_REVIEW,0.48,Attribute coverage below threshold,__attributes__,22% of the 9 template slots populated,
82,DR7004WG,DR7004WG SQ Gas Dryer Wh,NEEDS_REVIEW,0.48,Product confidence below publication threshold,,0.48 < 0.62,
83,DV2000WG,DV2000WG SQ Gas Dryer Wh,NEEDS_REVIEW,0.48,Manufacturer unresolved,MANUFACTURER_NAME,'Appliance Dealers Cooperative' is a distributor/co-op (carries 8 brands); the manufacturer of record needs manufacturer evidence,
83,DV2000WG,DV2000WG SQ Gas Dryer Wh,NEEDS_REVIEW,0.48,Brand unresolved,BRAND_NAME,"no brand evidence in feed columns, description or supplier",
83,DV2000WG,DV2000WG SQ Gas Dryer Wh,NEEDS_REVIEW,0.48,Attribute coverage below threshold,__attributes__,22% of the 9 template slots populated,
83,DV2000WG,DV2000WG SQ Gas Dryer Wh,NEEDS_REVIEW,0.48,Product confidence below publication threshold,,0.48 < 0.62,
84,DC5004WG,DC5004WG SQ Gas Dryer Wh,NEEDS_REVIEW,0.48,Manufacturer unresolved,MANUFACTURER_NAME,'Appliance Dealers Cooperative' is a distributor/co-op (carries 8 brands); the manufacturer of record needs manufacturer evidence,
84,DC5004WG,DC5004WG SQ Gas Dryer Wh,NEEDS_REVIEW,0.48,Brand unresolved,BRAND_NAME,"no brand evidence in feed columns, description or supplier",
84,DC5004WG,DC5004WG SQ Gas Dryer Wh,NEEDS_REVIEW,0.48,Attribute coverage below threshold,__attributes__,22% of the 9 template slots populated,
84,DC5004WG,DC5004WG SQ Gas Dryer Wh,NEEDS_REVIEW,0.48,Product confidence below publication threshold,,0.48 < 0.62,
85,DC5004BG,DC5004BG SQ Gas Dryer Bk,NEEDS_REVIEW,0.48,Manufacturer unresolved,MANUFACTURER_NAME,'Appliance Dealers Cooperative' is a distributor/co-op (carries 8 brands); the manufacturer of record needs manufacturer evidence,
85,DC5004BG,DC5004BG SQ Gas Dryer Bk,NEEDS_REVIEW,0.48,Brand unresolved,BRAND_NAME,"no brand evidence in feed columns, description or supplier",
85,DC5004BG,DC5004BG SQ Gas Dryer Bk,NEEDS_REVIEW,0.48,Attribute coverage below threshold,__attributes__,22% of the 9 template slots populated,
85,DC5004BG,DC5004BG SQ Gas Dryer Bk,NEEDS_REVIEW,0.48,Product confidence below publication threshold,,0.48 < 0.62,
86,PTW705BSTWS,PTW705BSTWS GE Washer Wh,NEEDS_REVIEW,0.58,Manufacturer unresolved,MANUFACTURER_NAME,'Appliance Dealers Cooperative' is a distributor/co-op (carries 8 brands); the manufacturer of record needs manufacturer evidence,
86,PTW705BSTWS,PTW705BSTWS GE Washer Wh,NEEDS_REVIEW,0.58,Attribute coverage below threshold,__attributes__,12% of the 8 template slots populated,
86,PTW705BSTWS,PTW705BSTWS GE Washer Wh,NEEDS_REVIEW,0.58,Product confidence below publication threshold,,0.58 < 0.62,
87,MVWP586GW,MVWP586GW Washer Wh - Display,NEEDS_REVIEW,0.46,Manufacturer unresolved,MANUFACTURER_NAME,'Appliance Dealers Cooperative' is a distributor/co-op (carries 8 brands); the manufacturer of record needs manufacturer evidence,
87,MVWP586GW,MVWP586GW Washer Wh - Display,NEEDS_REVIEW,0.46,Brand unresolved,BRAND_NAME,"no brand evidence in feed columns, description or supplier",
87,MVWP586GW,MVWP586GW Washer Wh - Display,NEEDS_REVIEW,0.46,Attribute coverage below threshold,__attributes__,12% of the 8 template slots populated,
87,MVWP586GW,MVWP586GW Washer Wh - Display,NEEDS_REVIEW,0.46,Product confidence below publication threshold,,0.46 < 0.62,
88,TV2000WN,TV2000WN SQ Elect Washer,NEEDS_REVIEW,0.27,Manufacturer unresolved,MANUFACTURER_NAME,'Appliance Dealers Cooperative' is a distributor/co-op (carries 8 brands); the manufacturer of record needs manufacturer evidence,
88,TV2000WN,TV2000WN SQ Elect Washer,NEEDS_REVIEW,0.27,Brand unresolved,BRAND_NAME,"no brand evidence in feed columns, description or supplier",
88,TV2000WN,TV2000WN SQ Elect Washer,NEEDS_REVIEW,0.27,Attribute coverage below threshold,__attributes__,0% of the 8 template slots populated,
88,TV2000WN,TV2000WN SQ Elect Washer,NEEDS_REVIEW,0.27,Product confidence below publication threshold,,0.27 < 0.62,
89,TC5003BN,TC5003BN SQ Washer Bk,NEEDS_REVIEW,0.46,Manufacturer unresolved,MANUFACTURER_NAME,'Appliance Dealers Cooperative' is a distributor/co-op (carries 8 brands); the manufacturer of record needs manufacturer evidence,
89,TC5003BN,TC5003BN SQ Washer Bk,NEEDS_REVIEW,0.46,Brand unresolved,BRAND_NAME,"no brand evidence in feed columns, description or supplier",
89,TC5003BN,TC5003BN SQ Washer Bk,NEEDS_REVIEW,0.46,Attribute coverage below threshold,__attributes__,12% of the 8 template slots populated,
89,TC5003BN,TC5003BN SQ Washer Bk,NEEDS_REVIEW,0.46,Product confidence below publication threshold,,0.46 < 0.62,
90,TR7006WN,TR7006WN Speed Queen Washer Wh,NEEDS_REVIEW,0.58,Manufacturer unresolved,MANUFACTURER_NAME,'Appliance Dealers Cooperative' is a distributor/co-op (carries 8 brands); the manufacturer of record needs manufacturer evidence,
90,TR7006WN,TR7006WN Speed Queen Washer Wh,NEEDS_REVIEW,0.58,Attribute coverage below threshold,__attributes__,12% of the 8 template slots populated,
90,TR7006WN,TR7006WN Speed Queen Washer Wh,NEEDS_REVIEW,0.58,Product confidence below publication threshold,,0.58 < 0.62,
91,TR7006BN,TR7006BN Speed Queen Washer Bk,NEEDS_REVIEW,0.58,Manufacturer unresolved,MANUFACTURER_NAME,'Appliance Dealers Cooperative' is a distributor/co-op (carries 8 brands); the manufacturer of record needs manufacturer evidence,
91,TR7006BN,TR7006BN Speed Queen Washer Bk,NEEDS_REVIEW,0.58,Attribute coverage below threshold,__attributes__,12% of the 8 template slots populated,
91,TR7006BN,TR7006BN Speed Queen Washer Bk,NEEDS_REVIEW,0.58,Product confidence below publication threshold,,0.58 < 0.62,
92,TR5006WN,TR5006WN Speed Queen Washer Wh,NEEDS_REVIEW,0.58,Manufacturer unresolved,MANUFACTURER_NAME,'Appliance Dealers Cooperative' is a distributor/co-op (carries 8 brands); the manufacturer of record needs manufacturer evidence,
92,TR5006WN,TR5006WN Speed Queen Washer Wh,NEEDS_REVIEW,0.58,Attribute coverage below threshold,__attributes__,12% of the 8 template slots populated,
92,TR5006WN,TR5006WN Speed Queen Washer Wh,NEEDS_REVIEW,0.58,Product confidence below publication threshold,,0.58 < 0.62,
93,05134545001,9516 Kneeling Pad& Bttl Opener,NEEDS_REVIEW,0.44,Brand unresolved,BRAND_NAME,"no brand evidence in feed columns, description or supplier",
93,05134545001,9516 Kneeling Pad& Bttl Opener,NEEDS_REVIEW,0.44,Attribute coverage below threshold,__attributes__,0% of the 6 template slots populated,
93,05134545001,9516 Kneeling Pad& Bttl Opener,NEEDS_REVIEW,0.44,Product confidence below publication threshold,,0.44 < 0.62,
94,LNL65301,LNL65301 Digital Tire Pressure - Inflator Gauge,NEEDS_REVIEW,0.24,Manufacturer unresolved,MANUFACTURER_NAME,no brand owner and no direct-manufacturer supplier,
94,LNL65301,LNL65301 Digital Tire Pressure - Inflator Gauge,NEEDS_REVIEW,0.24,Brand unresolved,BRAND_NAME,"no brand evidence in feed columns, description or supplier",
94,LNL65301,LNL65301 Digital Tire Pressure - Inflator Gauge,NEEDS_REVIEW,0.24,Attribute coverage below threshold,__attributes__,0% of the 6 template slots populated,
94,LNL65301,LNL65301 Digital Tire Pressure - Inflator Gauge,NEEDS_REVIEW,0.24,Product confidence below publication threshold,,0.24 < 0.62,
95,25-A,Charcoal Black 25-A Mortar - Type N,NEEDS_REVIEW,0.64,Brand unresolved,BRAND_NAME,"no brand evidence in feed columns, description or supplier",
95,25-A,Charcoal Black 25-A Mortar - Type N,NEEDS_REVIEW,0.64,Attribute coverage below threshold,__attributes__,20% of the 5 template slots populated,
96,38-E,Dark Chocolate 38-E Mortar - Type N,NEEDS_REVIEW,0.64,Brand unresolved,BRAND_NAME,"no brand evidence in feed columns, description or supplier",
96,38-E,Dark Chocolate 38-E Mortar - Type N,NEEDS_REVIEW,0.64,Attribute coverage below threshold,__attributes__,20% of the 5 template slots populated,
97,59-J,Light Buff 59-J Mortar - Type N,NEEDS_REVIEW,0.64,Brand unresolved,BRAND_NAME,"no brand evidence in feed columns, description or supplier",
97,59-J,Light Buff 59-J Mortar - Type N,NEEDS_REVIEW,0.64,Attribute coverage below threshold,__attributes__,20% of the 5 template slots populated,
98,44-A,Light Chocolate 44-A Mortar - Type N,NEEDS_REVIEW,0.64,Brand unresolved,BRAND_NAME,"no brand evidence in feed columns, description or supplier",
98,44-A,Light Chocolate 44-A Mortar - Type N,NEEDS_REVIEW,0.64,Attribute coverage below threshold,__attributes__,20% of the 5 template slots populated,
101,73019603,Finyline Wh 6' Fl Rail Kit Sq,NEEDS_REVIEW,0.57,Manufacturer unresolved,MANUFACTURER_NAME,no brand owner and no direct-manufacturer supplier,
101,73019603,Finyline Wh 6' Fl Rail Kit Sq,NEEDS_REVIEW,0.57,Product confidence below publication threshold,,0.57 < 0.62,
102,73019652,Finyline Wh 8' Fl Rail Kit Sq,NEEDS_REVIEW,0.57,Manufacturer unresolved,MANUFACTURER_NAME,no brand owner and no direct-manufacturer supplier,
102,73019652,Finyline Wh 8' Fl Rail Kit Sq,NEEDS_REVIEW,0.57,Product confidence below publication threshold,,0.57 < 0.62,
103,73019517,Finyline Wh 10' Fl Rail Kit Sq,NEEDS_REVIEW,0.57,Manufacturer unresolved,MANUFACTURER_NAME,no brand owner and no direct-manufacturer supplier,
103,73019517,Finyline Wh 10' Fl Rail Kit Sq,NEEDS_REVIEW,0.57,Product confidence below publication threshold,,0.57 < 0.62,
104,73019602,Finyline Wh 6' Fl Rail Kit Rd - w/Black Alum Balusters,NEEDS_REVIEW,0.60,Manufacturer unresolved,MANUFACTURER_NAME,no brand owner and no direct-manufacturer supplier,
104,73019602,Finyline Wh 6' Fl Rail Kit Rd - w/Black Alum Balusters,NEEDS_REVIEW,0.60,Product confidence below publication threshold,,0.60 < 0.62,
105,73019651,Finyline Wh 8' Fl Rail Kit Rd - w/Black Alum Balusters,NEEDS_REVIEW,0.60,Manufacturer unresolved,MANUFACTURER_NAME,no brand owner and no direct-manufacturer supplier,
105,73019651,Finyline Wh 8' Fl Rail Kit Rd - w/Black Alum Balusters,NEEDS_REVIEW,0.60,Product confidence below publication threshold,,0.60 < 0.62,
106,73019516,Finyline Wh 10' Fl Rail Kit Rd - w/Black Alum Balusters,NEEDS_REVIEW,0.60,Manufacturer unresolved,MANUFACTURER_NAME,no brand owner and no direct-manufacturer supplier,
106,73019516,Finyline Wh 10' Fl Rail Kit Rd - w/Black Alum Balusters,NEEDS_REVIEW,0.60,Product confidence below publication threshold,,0.60 < 0.62,
107,543300256,6' Black Select Classic Horiz - Rail w/Rnd Black Alum Baluster,NEEDS_REVIEW,0.82,Classification confidence below threshold,Classpath,0.55 < 0.6,Building Materials>Decking & Railing>Railing Systems
108,543300276,8' Black Select Classic Horiz - Rail w/Rnd Black Alum Baluster,NEEDS_REVIEW,0.82,Classification confidence below threshold,Classpath,0.55 < 0.6,Building Materials>Decking & Railing>Railing Systems
109,73045028,Custom Finyline Wh Gate Sq Bal,NEEDS_REVIEW,0.60,Manufacturer unresolved,MANUFACTURER_NAME,no brand owner and no direct-manufacturer supplier,
109,73045028,Custom Finyline Wh Gate Sq Bal,NEEDS_REVIEW,0.60,Product confidence below publication threshold,,0.60 < 0.62,
110,73045031,Custom Finyline Wh Gate Rd - w/Black Alum Balusters,NEEDS_REVIEW,0.60,Manufacturer unresolved,MANUFACTURER_NAME,no brand owner and no direct-manufacturer supplier,
110,73045031,Custom Finyline Wh Gate Rd - w/Black Alum Balusters,NEEDS_REVIEW,0.60,Product confidence below publication threshold,,0.60 < 0.62,
245,543140908,1x8-12' Biscayne - Trex Lineage,NEEDS_REVIEW,0.73,Classification confidence below threshold,Classpath,0.55 < 0.6,Building Materials>Decking & Railing>Deck Fascia & Trim
246,543142908,1x8-12' Carmel - Trex Lineage,NEEDS_REVIEW,0.73,Classification confidence below threshold,Classpath,0.55 < 0.6,Building Materials>Decking & Railing>Deck Fascia & Trim
247,543143908,1x8-12' Jasper - Trex Lineage,NEEDS_REVIEW,0.73,Classification confidence below threshold,Classpath,0.55 < 0.6,Building Materials>Decking & Railing>Deck Fascia & Trim
248,543140912,1x12-12' Biscayne - Trex Lineage,NEEDS_REVIEW,0.73,Classification confidence below threshold,Classpath,0.55 < 0.6,Building Materials>Decking & Railing>Deck Fascia & Trim
249,543142912,1x12-12' Carmel - Trex Lineage,NEEDS_REVIEW,0.73,Classification confidence below threshold,Classpath,0.55 < 0.6,Building Materials>Decking & Railing>Deck Fascia & Trim
250,543143912,1x12-12' Jasper - Trex Lineage,NEEDS_REVIEW,0.73,Classification confidence below threshold,Classpath,0.55 < 0.6,Building Materials>Decking & Railing>Deck Fascia & Trim
251,1513715,1x12-12' Hatteras - Trex Lineage,NEEDS_REVIEW,0.73,Classification confidence below threshold,Classpath,0.55 < 0.6,Building Materials>Decking & Railing>Deck Fascia & Trim
252,1513716,1x12-12' Salt Flat - Trex Lineage,NEEDS_REVIEW,0.73,Classification confidence below threshold,Classpath,0.55 < 0.6,Building Materials>Decking & Railing>Deck Fascia & Trim
269,543144908,1x8-12' Island Mist - Trex Lineage,NEEDS_REVIEW,0.73,Classification confidence below threshold,Classpath,0.55 < 0.6,Building Materials>Decking & Railing>Deck Fascia & Trim
270,543141908,1x8-12' Rainier - Trex Lineage,NEEDS_REVIEW,0.73,Classification confidence below threshold,Classpath,0.55 < 0.6,Building Materials>Decking & Railing>Deck Fascia & Trim
271,543144912,1x12-12' Island Mist - Trex Lineage,NEEDS_REVIEW,0.73,Classification confidence below threshold,Classpath,0.55 < 0.6,Building Materials>Decking & Railing>Deck Fascia & Trim
272,543141912,1x12-12' Rainier - Trex Lineage,NEEDS_REVIEW,0.73,Classification confidence below threshold,Classpath,0.55 < 0.6,Building Materials>Decking & Railing>Deck Fascia & Trim
273,1513713,1x8-12' Hatteras - Trex Lineage,NEEDS_REVIEW,0.73,Classification confidence below threshold,Classpath,0.55 < 0.6,Building Materials>Decking & Railing>Deck Fascia & Trim
274,1513714,1x8-12' Salt Flat - Trex Lineage,NEEDS_REVIEW,0.73,Classification confidence below threshold,Classpath,0.55 < 0.6,Building Materials>Decking & Railing>Deck Fascia & Trim
275,73012503,4x4 Wh Heritage Post Trim RDI,NEEDS_REVIEW,0.62,Manufacturer unresolved,MANUFACTURER_NAME,no brand owner and no direct-manufacturer supplier,
275,73012503,4x4 Wh Heritage Post Trim RDI,NEEDS_REVIEW,0.62,Product confidence below publication threshold,,0.62 < 0.62,
276,73018131,6x6 Wh Elite Post Trim 4pc RDI,NEEDS_REVIEW,0.62,Manufacturer unresolved,MANUFACTURER_NAME,no brand owner and no direct-manufacturer supplier,
276,73018131,6x6 Wh Elite Post Trim 4pc RDI,NEEDS_REVIEW,0.62,Product confidence below publication threshold,,0.62 < 0.62,
277,73018091,4x4 Wh Elite Post Trim RDI,NEEDS_REVIEW,0.62,Manufacturer unresolved,MANUFACTURER_NAME,no brand owner and no direct-manufacturer supplier,
277,73018091,4x4 Wh Elite Post Trim RDI,NEEDS_REVIEW,0.62,Product confidence below publication threshold,,0.62 < 0.62,
278,73018066,Clay 6x6 Elite Post Trim RDI - 4pc,NEEDS_REVIEW,0.62,Manufacturer unresolved,MANUFACTURER_NAME,no brand owner and no direct-manufacturer supplier,
279,73018076,4x4 Wh Flat Post Cap RDI,NEEDS_REVIEW,0.62,Manufacturer unresolved,MANUFACTURER_NAME,no brand owner and no direct-manufacturer supplier,
279,73018076,4x4 Wh Flat Post Cap RDI,NEEDS_REVIEW,0.62,Product confidence below publication threshold,,0.62 < 0.62,
280,61109087,Wh 4x4-39 Blank Post RDI,NEEDS_REVIEW,0.62,Manufacturer unresolved,MANUFACTURER_NAME,no brand owner and no direct-manufacturer supplier,
280,61109087,Wh 4x4-39 Blank Post RDI,NEEDS_REVIEW,0.62,Product confidence below publication threshold,,0.62 < 0.62,
281,73018731,Wh 6x6-108 Post Sleeve RDI,NEEDS_REVIEW,0.62,Manufacturer unresolved,MANUFACTURER_NAME,no brand owner and no direct-manufacturer supplier,
281,73018731,Wh 6x6-108 Post Sleeve RDI,NEEDS_REVIEW,0.62,Product confidence below publication threshold,,0.62 < 0.62,
282,61109090,Wh 4x4-108 Post Sleeve RDI,NEEDS_REVIEW,0.62,Manufacturer unresolved,MANUFACTURER_NAME,no brand owner and no direct-manufacturer supplier,
282,61109090,Wh 4x4-108 Post Sleeve RDI,NEEDS_REVIEW,0.62,Product confidence below publication threshold,,0.62 < 0.62,
283,73053603,Clay 4x4-108 Post Sleeve RDI,NEEDS_REVIEW,0.62,Manufacturer unresolved,MANUFACTURER_NAME,no brand owner and no direct-manufacturer supplier,
284,73053608,Clay 6x6-108 Post Sleeve RDI,NEEDS_REVIEW,0.62,Manufacturer unresolved,MANUFACTURER_NAME,no brand owner and no direct-manufacturer supplier,
290,73019599,Finyline Wh 6' Str Rail Kit Sq,NEEDS_REVIEW,0.60,Manufacturer unresolved,MANUFACTURER_NAME,no brand owner and no direct-manufacturer supplier,
290,73019599,Finyline Wh 6' Str Rail Kit Sq,NEEDS_REVIEW,0.60,Product confidence below publication threshold,,0.60 < 0.62,
291,73019648,Finyline Wh 8' Str Rail Kit Sq,NEEDS_REVIEW,0.60,Manufacturer unresolved,MANUFACTURER_NAME,no brand owner and no direct-manufacturer supplier,
291,73019648,Finyline Wh 8' Str Rail Kit Sq,NEEDS_REVIEW,0.60,Product confidence below publication threshold,,0.60 < 0.62,
292,73019598,Finyline Wh 6' Str Rail Kit Rd - w/Black Alum Balusters,NEEDS_REVIEW,0.63,Manufacturer unresolved,MANUFACTURER_NAME,no brand owner and no direct-manufacturer supplier,
293,73019647,Finyline Wh 8' Str Rail Kit Rd - w/Black Alum Balusters,NEEDS_REVIEW,0.63,Manufacturer unresolved,MANUFACTURER_NAME,no brand owner and no direct-manufacturer supplier,
294,543300257,6' Black Select Classic Stair - Rail w/Rnd Black Alum Baluster,NEEDS_REVIEW,0.82,Classification confidence below threshold,Classpath,0.55 < 0.6,Building Materials>Decking & Railing>Railing Systems
295,543300277,8' Black Select Classic Stair - Rail w/Rnd Black Alum Baluster,NEEDS_REVIEW,0.82,Classification confidence below threshold,Classpath,0.55 < 0.6,Building Materials>Decking & Railing>Railing Systems
296,SPB-44BPL,"Patriot 4""x4""x37""/43"" Adjustable Self Leveling Support Post",NEEDS_REVIEW,0.58,Manufacturer unresolved,MANUFACTURER_NAME,no brand owner and no direct-manufacturer supplier,
296,SPB-44BPL,"Patriot 4""x4""x37""/43"" Adjustable Self Leveling Support Post",NEEDS_REVIEW,0.58,Product confidence below publication threshold,,0.58 < 0.62,
297,925219,"2""x50' Deck Joist Tape - Protecto Wrap",NEEDS_REVIEW,0.59,Manufacturer unresolved,MANUFACTURER_NAME,'Palmer Donavin Mfg Company' is a distributor/co-op (carries 4 brands); the manufacturer of record needs manufacturer evidence,
297,925219,"2""x50' Deck Joist Tape - Protecto Wrap",NEEDS_REVIEW,0.59,Attribute coverage below threshold,__attributes__,20% of the 5 template slots populated,
297,925219,"2""x50' Deck Joist Tape - Protecto Wrap",NEEDS_REVIEW,0.59,Product confidence below publication threshold,,0.59 < 0.62,
298,27233,24x48 WH Attic Access Door,NEEDS_REVIEW,0.80,Attribute coverage below threshold,__attributes__,20% of the 5 template slots populated,
303,FS C01 2004S,"FS C01 Velux Fxd Skylt Gry/Wh - w/Solar Shade RO 21""x26-7/8""",NEEDS_REVIEW,0.75,Attribute coverage below threshold,__attributes__,17% of the 6 template slots populated,
304,FS C04 2004S,"FS C04 Velux Fxd Skylt Gry/Wh - w/Solar Shade RO 21""x37-7/8""",NEEDS_REVIEW,0.75,Attribute coverage below threshold,__attributes__,17% of the 6 template slots populated,
305,FS C06 2004S,"FS C06 Velux Fxd Skylt Gry/Wh - w/Solar Shade RO 21""x45-7/8""",NEEDS_REVIEW,0.75,Attribute coverage below threshold,__attributes__,17% of the 6 template slots populated,
306,1501831,31.5x14.75 Bsmt ecoLitePlus WH - Hopper DLA w/Screen,NEEDS_REVIEW,0.83,Attribute coverage below threshold,__attributes__,17% of the 6 template slots populated,
307,1501832,31.5x22.75 Bsmt ecoLitePlus WH - Hopper DLA w/Screen,NEEDS_REVIEW,0.83,Attribute coverage below threshold,__attributes__,17% of the 6 template slots populated,
311,413S-DBA-36,"413S 36"" Alum Threshold DBZ",NEEDS_REVIEW,0.80,Attribute coverage below threshold,__attributes__,17% of the 6 template slots populated,
312,413S-DBA-72,"413S 72"" Alum Threshold DBZ",NEEDS_REVIEW,0.80,Attribute coverage below threshold,__attributes__,17% of the 6 template slots populated,
313,1511506,4'x65' Zip Rainscreen,NEEDS_REVIEW,0.64,Brand unresolved,BRAND_NAME,"no brand evidence in feed columns, description or supplier",
313,1511506,4'x65' Zip Rainscreen,NEEDS_REVIEW,0.64,Attribute coverage below threshold,__attributes__,20% of the 5 template slots populated,
314,1513577,1x8-12' Doug Fir STK Smooth 1S2E,NEEDS_REVIEW,0.74,Brand unresolved,BRAND_NAME,"no brand evidence in feed columns, description or supplier",
315,1513578,1x8-16' Doug Fir STK Smooth 1S2E,NEEDS_REVIEW,0.74,Brand unresolved,BRAND_NAME,"no brand evidence in feed columns, description or supplier",
316,1513579,1x12-12 'Doug Fir STK Smooth 1S2E,NEEDS_REVIEW,0.73,Brand unresolved,BRAND_NAME,"no brand evidence in feed columns, description or supplier",
317,1513580,1x12-16' Doug Fir STK Smooth 1S2E,NEEDS_REVIEW,0.74,Brand unresolved,BRAND_NAME,"no brand evidence in feed columns, description or supplier",
318,1501767,"3/4"" 4x8T&G Huber Blue PlusOSB - Sub Floor",NEEDS_REVIEW,0.59,Manufacturer unresolved,MANUFACTURER_NAME,no brand owner and no direct-manufacturer supplier,
318,1501767,"3/4"" 4x8T&G Huber Blue PlusOSB - Sub Floor",NEEDS_REVIEW,0.59,Product confidence below publication threshold,,0.59 < 0.62,
319,PP-8BL,8' Premier Rib XL Black,NEEDS_REVIEW,0.74,Attribute coverage below threshold,__attributes__,14% of the 7 template slots populated,
320,PP-10BL,10' Premier Rib XL Black,NEEDS_REVIEW,0.74,Attribute coverage below threshold,__attributes__,14% of the 7 template slots populated,
321,PP-12BL,12' Premier Rib XL Black,NEEDS_REVIEW,0.74,Attribute coverage below threshold,__attributes__,14% of the 7 template slots populated,
322,PP-8CH,8' Premier Rib XL Charcoal,NEEDS_REVIEW,0.74,Attribute coverage below threshold,__attributes__,14% of the 7 template slots populated,
323,PP-10CH,10' Premier Rib XL Charcoal,NEEDS_REVIEW,0.74,Attribute coverage below threshold,__attributes__,14% of the 7 template slots populated,
324,PP-12CH,12' Premier Rib XL Charcoal,NEEDS_REVIEW,0.74,Attribute coverage below threshold,__attributes__,14% of the 7 template slots populated,
325,PP-8WH,8' Premier Rib XL White,NEEDS_REVIEW,0.74,Attribute coverage below threshold,__attributes__,14% of the 7 template slots populated,
326,PP-10WH,10' Premier Rib XL White,NEEDS_REVIEW,0.74,Attribute coverage below threshold,__attributes__,14% of the 7 template slots populated,
327,1504345,OC Duration TruDef Wburg Gray (BDL),NEEDS_REVIEW,0.56,Manufacturer unresolved,MANUFACTURER_NAME,'Palmer Donavin Mfg Company' is a distributor/co-op (carries 4 brands); the manufacturer of record needs manufacturer evidence,
327,1504345,OC Duration TruDef Wburg Gray (BDL),NEEDS_REVIEW,0.56,Product confidence below publication threshold,,0.56 < 0.62,
328,2733,3'x65' Henry Eaveguard - Ice Guard,NEEDS_REVIEW,0.60,Manufacturer unresolved,MANUFACTURER_NAME,'Palmer Donavin Mfg Company' is a distributor/co-op (carries 4 brands); the manufacturer of record needs manufacturer evidence,
328,2733,3'x65' Henry Eaveguard - Ice Guard,NEEDS_REVIEW,0.60,Product confidence below publication threshold,,0.60 < 0.62,
329,7547,Ice Guard OC Weathr Lk Mat 2sq,NEEDS_REVIEW,0.48,Manufacturer unresolved,MANUFACTURER_NAME,no brand owner and no direct-manufacturer supplier,
329,7547,Ice Guard OC Weathr Lk Mat 2sq,NEEDS_REVIEW,0.48,Brand unresolved,BRAND_NAME,"no brand evidence in feed columns, description or supplier",
329,7547,Ice Guard OC Weathr Lk Mat 2sq,NEEDS_REVIEW,0.48,Product confidence below publication threshold,,0.48 < 0.62,
339,1506969,"1-1/2"" 4x8 Huber Zip R6.6 - Insulated R-Sheathing",NEEDS_REVIEW,0.57,Manufacturer unresolved,MANUFACTURER_NAME,no brand owner and no direct-manufacturer supplier,
339,1506969,"1-1/2"" 4x8 Huber Zip R6.6 - Insulated R-Sheathing",NEEDS_REVIEW,0.57,Product confidence below publication threshold,,0.57 < 0.62,
340,1514681,"1"" 4x8 Huber Zip R3.6 - Insulated R-Sheathing",NEEDS_REVIEW,0.57,Manufacturer unresolved,MANUFACTURER_NAME,no brand owner and no direct-manufacturer supplier,
340,1514681,"1"" 4x8 Huber Zip R3.6 - Insulated R-Sheathing",NEEDS_REVIEW,0.57,Product confidence below publication threshold,,0.57 < 0.62,
341,1514726,"2"" 4x8 Huber Zip R9.6 - Insulated R-Sheathing",NEEDS_REVIEW,0.57,Manufacturer unresolved,MANUFACTURER_NAME,no brand owner and no direct-manufacturer supplier,
341,1514726,"2"" 4x8 Huber Zip R9.6 - Insulated R-Sheathing",NEEDS_REVIEW,0.57,Product confidence below publication threshold,,0.57 < 0.62,
342,1728ABL,2x2 Black Fine Fissured 1728BL,NEEDS_REVIEW,0.43,Manufacturer unresolved,MANUFACTURER_NAME,'Palmer Donavin Mfg Company' is a distributor/co-op (carries 4 brands); the manufacturer of record needs manufacturer evidence,
342,1728ABL,2x2 Black Fine Fissured 1728BL,NEEDS_REVIEW,0.43,Brand unresolved,BRAND_NAME,"no brand evidence in feed columns, description or supplier",
342,1728ABL,2x2 Black Fine Fissured 1728BL,NEEDS_REVIEW,0.43,Attribute coverage below threshold,__attributes__,20% of the 5 template slots populated,
342,1728ABL,2x2 Black Fine Fissured 1728BL,NEEDS_REVIEW,0.43,Product confidence below publication threshold,,0.43 < 0.62,
343,402-R,402R 12V12AH 8D Battery,NEEDS_REVIEW,0.68,Brand unresolved,BRAND_NAME,"no brand evidence in feed columns, description or supplier",
344,SL1672,SL1672 Jumpstart & Pwr Supply,NEEDS_REVIEW,0.21,Classification could not be settled automatically,Classpath,"ambiguous or unmatched; no model available, so the record is flagged for human review rather than guessed",
344,SL1672,SL1672 Jumpstart & Pwr Supply,NEEDS_REVIEW,0.21,Manufacturer unresolved,MANUFACTURER_NAME,no brand owner and no direct-manufacturer supplier,
344,SL1672,SL1672 Jumpstart & Pwr Supply,NEEDS_REVIEW,0.21,Product could not be classified,Classpath,no taxonomy leaf matched; generic template applied,
344,SL1672,SL1672 Jumpstart & Pwr Supply,NEEDS_REVIEW,0.21,Attribute coverage below threshold,__attributes__,0% of the 5 template slots populated,
344,SL1672,SL1672 Jumpstart & Pwr Supply,NEEDS_REVIEW,0.21,Validation error,Classpath,'Classpath' is required for a publishable record,
344,SL1672,SL1672 Jumpstart & Pwr Supply,NEEDS_REVIEW,0.21,Product confidence below publication threshold,,0.21 < 0.62,
346,BHA1-UPC,16-24 Adjust Hanger,NEEDS_REVIEW,0.80,Attribute coverage below threshold,__attributes__,20% of the 5 template slots populated,
347,G1941-UPC,"G1941UPC 4"" Sq Cover Sw/Outlet",NEEDS_REVIEW,0.80,Attribute coverage below threshold,__attributes__,17% of the 6 template slots populated,
354,54151-F-UPC,4x4x1-1/2 Oct Box w/Bracket,NEEDS_REVIEW,0.83,Attribute coverage below threshold,__attributes__,20% of the 5 template slots populated,
355,54151-HUR-UPC,4x4x1-1/2 Oct Box w/Hanger,NEEDS_REVIEW,0.83,Attribute coverage below threshold,__attributes__,20% of the 5 template slots populated,
356,54151-JR-UPC,4x4x1-1/2 Oct Box w/Brakcet,NEEDS_REVIEW,0.83,Attribute coverage below threshold,__attributes__,20% of the 5 template slots populated,
357,54171-R-UPC,4x4x2 Oct Box,NEEDS_REVIEW,0.83,Attribute coverage below threshold,__attributes__,20% of the 5 template slots populated,
358,52151-S-UPC,4x4x1-1/2 Square Box,NEEDS_REVIEW,0.83,Attribute coverage below threshold,__attributes__,20% of the 5 template slots populated,
359,72171-3/4-1W-UPC,4-1/2x4-1/2x2 2G Box,NEEDS_REVIEW,0.80,Attribute coverage below threshold,__attributes__,20% of the 5 template slots populated,
360,5522-5EV,5522-5EV 2 Port Decor Plate,NEEDS_REVIEW,0.67,Brand unresolved,BRAND_NAME,"no brand evidence in feed columns, description or supplier",
360,5522-5EV,5522-5EV 2 Port Decor Plate,NEEDS_REVIEW,0.67,Attribute coverage below threshold,__attributes__,17% of the 6 template slots populated,
364,TNOCD002,TNOCD002 125V Outdooor Timer,NEEDS_REVIEW,0.77,Attribute coverage below threshold,__attributes__,17% of the 6 template slots populated,
365,TNDHD002,TNDHD002 125V 7Day Timer,NEEDS_REVIEW,0.77,Attribute coverage below threshold,__attributes__,17% of the 6 template slots populated,
366,TNIDP12,TNIDP12 125V Dig Indoor Timer,NEEDS_REVIEW,0.77,Attribute coverage below threshold,__attributes__,17% of the 6 template slots populated,
367,TNIW24,TNIW24 125V 24hr Mech Timer,NEEDS_REVIEW,0.77,Attribute coverage below threshold,__attributes__,17% of the 6 template slots populated,
368,65-1222,65-1222 1' Led Lt Multi CCT,NEEDS_REVIEW,0.67,Classification confidence below threshold,Classpath,0.55 < 0.6,Electrical>Lamps & Light Bulbs>Light Bulbs
368,65-1222,65-1222 1' Led Lt Multi CCT,NEEDS_REVIEW,0.67,Attribute coverage below threshold,__attributes__,12% of the 8 template slots populated,
369,65-1224,65-1224 4' Led Strip Light,NEEDS_REVIEW,0.79,Attribute coverage below threshold,__attributes__,12% of the 8 template slots populated,
370,45297BK,45297BK Kichler Wall Lt,NEEDS_REVIEW,0.74,Attribute coverage below threshold,__attributes__,12% of the 8 template slots populated,
371,45573BK,45573BK Kichler Wall Light,NEEDS_REVIEW,0.74,Attribute coverage below threshold,__attributes__,12% of the 8 template slots populated,
372,37418A,37418A Kichler Bath Light,NEEDS_REVIEW,0.74,Attribute coverage below threshold,__attributes__,12% of the 8 template slots populated,
373,37423A,37423A Kichler Bath Light,NEEDS_REVIEW,0.74,Attribute coverage below threshold,__attributes__,12% of the 8 template slots populated,
374,45496BKCLR,45496BKCLR Kichler Bath Light,NEEDS_REVIEW,0.74,Attribute coverage below threshold,__attributes__,12% of the 8 template slots populated,
375,45973BK,45973BK Kichler Wall Light,NEEDS_REVIEW,0.74,Attribute coverage below threshold,__attributes__,12% of the 8 template slots populated,
376,55155BK,55155BK Kichler Wall Lt,NEEDS_REVIEW,0.74,Attribute coverage below threshold,__attributes__,12% of the 8 template slots populated,
377,55157CPZ,55157CPZ Kichler Wall Light,NEEDS_REVIEW,0.74,Attribute coverage below threshold,__attributes__,12% of the 8 template slots populated,
378,55184BK,55184BK Kichler Wall Lt,NEEDS_REVIEW,0.74,Attribute coverage below threshold,__attributes__,12% of the 8 template slots populated,
379,55185BK,55185BK Kichler Wall Lt,NEEDS_REVIEW,0.74,Attribute coverage below threshold,__attributes__,12% of the 8 template slots populated,
380,55186CH,55186CH Kichler Wall Lt,NEEDS_REVIEW,0.74,Attribute coverage below threshold,__attributes__,12% of the 8 template slots populated,
381,55210NI,55210NI Kichler Wall Light,NEEDS_REVIEW,0.74,Attribute coverage below threshold,__attributes__,12% of the 8 template slots populated,
382,55211BK,55211BK Kichler Wall Light,NEEDS_REVIEW,0.74,Attribute coverage below threshold,__attributes__,12% of the 8 template slots populated,
383,55211NI,55211NI Kichler Wall Light,NEEDS_REVIEW,0.74,Attribute coverage below threshold,__attributes__,12% of the 8 template slots populated,
384,55212NI,55212NI Kichler Wall Light,NEEDS_REVIEW,0.74,Attribute coverage below threshold,__attributes__,12% of the 8 template slots populated,
385,55226BKLFU,55226BKFLU Kichler Wall Lt,NEEDS_REVIEW,0.74,Attribute coverage below threshold,__attributes__,12% of the 8 template slots populated,
386,55239CPZLED,55239CPZLED Kichler Wall Lt,NEEDS_REVIEW,0.74,Attribute coverage below threshold,__attributes__,12% of the 8 template slots populated,
387,44072DBK,44072DBK Kichler Chandelier Lt,NEEDS_REVIEW,0.74,Attribute coverage below threshold,__attributes__,12% of the 8 template slots populated,
388,44073NI,44073NI Kichler Chandelier Lt,NEEDS_REVIEW,0.74,Attribute coverage below threshold,__attributes__,12% of the 8 template slots populated,
389,52033BK,52033BK Kichler Chandelier Lt,NEEDS_REVIEW,0.74,Attribute coverage below threshold,__attributes__,12% of the 8 template slots populated,
390,84322WH,84322WH Kichler Chandelier Lt,NEEDS_REVIEW,0.74,Attribute coverage below threshold,__attributes__,12% of the 8 template slots populated,
391,52404BK,52404BK Kichler Chandelier Lt,NEEDS_REVIEW,0.74,Attribute coverage below threshold,__attributes__,12% of the 8 template slots populated,
392,34686A,34686A Kichler Chandelier Lt,NEEDS_REVIEW,0.74,Attribute coverage below threshold,__attributes__,12% of the 8 template slots populated,
393,34687A,34687A Kichler Chandelier Lt,NEEDS_REVIEW,0.74,Attribute coverage below threshold,__attributes__,12% of the 8 template slots populated,
394,34688A,34688A Kichler Chandelier Lt,NEEDS_REVIEW,0.55,Manufacturer unresolved,MANUFACTURER_NAME,no brand owner and no direct-manufacturer supplier,
394,34688A,34688A Kichler Chandelier Lt,NEEDS_REVIEW,0.55,Attribute coverage below threshold,__attributes__,12% of the 8 template slots populated,
394,34688A,34688A Kichler Chandelier Lt,NEEDS_REVIEW,0.55,Product confidence below publication threshold,,0.55 < 0.62,
395,43671BKCLR,43671BKCLR Kichler Chand Lt,NEEDS_REVIEW,0.74,Attribute coverage below threshold,__attributes__,12% of the 8 template slots populated,
396,52616BK,52616BK Kichler Chandelier Lt,NEEDS_REVIEW,0.74,Attribute coverage below threshold,__attributes__,12% of the 8 template slots populated,
397,52616NI,52616NI Kichler Chandelier Lt,NEEDS_REVIEW,0.74,Attribute coverage below threshold,__attributes__,12% of the 8 template slots populated,
398,52678BK,52678BK Kichler Chandelier Lt,NEEDS_REVIEW,0.74,Attribute coverage below threshold,__attributes__,12% of the 8 template slots populated,
399,52680CPZ,52680CPZ Kichler Chandelier Lt,NEEDS_REVIEW,0.74,Attribute coverage below threshold,__attributes__,12% of the 8 template slots populated,
400,52772BK,52772BK Kichler Chandelier Lt,NEEDS_REVIEW,0.74,Attribute coverage below threshold,__attributes__,12% of the 8 template slots populated,
401,82399,82399 Kichler Chandelier Lt,NEEDS_REVIEW,0.74,Attribute coverage below threshold,__attributes__,12% of the 8 template slots populated,
402,65-771R3,65-771R3 Nuvo Highbay Light,NEEDS_REVIEW,0.74,Attribute coverage below threshold,__attributes__,12% of the 8 template slots populated,
403,42955BK,42955BK Kichler Ceiling Lt,NEEDS_REVIEW,0.74,Attribute coverage below threshold,__attributes__,12% of the 8 template slots populated,
404,42275BK,42275BK Kichler Ceiling Lt,NEEDS_REVIEW,0.74,Attribute coverage below threshold,__attributes__,12% of the 8 template slots populated,
409,42296BK,42296BK Kichler Ceiling Lt,NEEDS_REVIEW,0.74,Attribute coverage below threshold,__attributes__,12% of the 8 template slots populated,
410,43913BK,43913BK Kichler Pendant Lt,NEEDS_REVIEW,0.74,Attribute coverage below threshold,__attributes__,12% of the 8 template slots populated,
411,HLSMS9129FS1E,"HLSMS9129FS1E 9"" Motion Lt",NEEDS_REVIEW,0.58,Brand unresolved,BRAND_NAME,"no brand evidence in feed columns, description or supplier",
411,HLSMS9129FS1E,"HLSMS9129FS1E 9"" Motion Lt",NEEDS_REVIEW,0.58,Attribute coverage below threshold,__attributes__,12% of the 8 template slots populated,
411,HLSMS9129FS1E,"HLSMS9129FS1E 9"" Motion Lt",NEEDS_REVIEW,0.58,Product confidence below publication threshold,,0.58 < 0.62,
412,64-110,64-110 Satco Tape Light 16',NEEDS_REVIEW,0.75,Attribute coverage below threshold,__attributes__,12% of the 8 template slots populated,
413,603571,603571 3' Strip Light Ext,NEEDS_REVIEW,0.79,Attribute coverage below threshold,__attributes__,12% of the 8 template slots populated,
414,65-572R1,65572 Satco 2x4 Led Flat Panel,NEEDS_REVIEW,0.72,Attribute coverage below threshold,__attributes__,12% of the 8 template slots populated,
415,52476AVI,52476AVI Kichler Pendant Lt,NEEDS_REVIEW,0.74,Attribute coverage below threshold,__attributes__,12% of the 8 template slots populated,
416,42199BK,42199BK Kichler Pendant Lt,NEEDS_REVIEW,0.74,Attribute coverage below threshold,__attributes__,12% of the 8 template slots populated,
417,42199BKCS,42199BKCS Kichler Pendant Lt,NEEDS_REVIEW,0.74,Attribute coverage below threshold,__attributes__,12% of the 8 template slots populated,
418,42200BK,42200BK Kichler Pendant Lt,NEEDS_REVIEW,0.74,Attribute coverage below threshold,__attributes__,12% of the 8 template slots populated,
419,42200BKCS,42200BKCS Kichler Pendant Lt,NEEDS_REVIEW,0.74,Attribute coverage below threshold,__attributes__,12% of the 8 template slots populated,
420,43851BK,43851BK Kichler Pendant Lt,NEEDS_REVIEW,0.74,Attribute coverage below threshold,__attributes__,12% of the 8 template slots populated,
421,43852BK,43852BK Kichler Pendant Lt,NEEDS_REVIEW,0.74,Attribute coverage below threshold,__attributes__,12% of the 8 template slots populated,
422,43853BK,43853BK Kichler Pendant Lt,NEEDS_REVIEW,0.74,Attribute coverage below threshold,__attributes__,12% of the 8 template slots populated,
423,43905BK,43905BK Kichler Pendant Lt,NEEDS_REVIEW,0.74,Attribute coverage below threshold,__attributes__,12% of the 8 template slots populated,
424,43911BK,43911BK Kichler Pendant Lt,NEEDS_REVIEW,0.74,Attribute coverage below threshold,__attributes__,12% of the 8 template slots populated,
425,52529BK,52529BK Kichler Pendant Light,NEEDS_REVIEW,0.74,Attribute coverage below threshold,__attributes__,12% of the 8 template slots populated,
426,52662BKCLR,52662BKCLR Kichler Pendant Lt,NEEDS_REVIEW,0.74,Attribute coverage below threshold,__attributes__,12% of the 8 template slots populated,
427,52734CPZ,52734CPZ Kichler Pendant Light,NEEDS_REVIEW,0.74,Attribute coverage below threshold,__attributes__,12% of the 8 template slots populated,
428,82400,82400 Kichler Pendant Lt,NEEDS_REVIEW,0.74,Attribute coverage below threshold,__attributes__,12% of the 8 template slots populated,
431,801274,"801274 10w LED 6"" Retro 50k",NEEDS_REVIEW,0.75,Classification confidence below threshold,Classpath,0.55 < 0.6,Electrical>Lamps & Light Bulbs>Light Bulbs
438,HLBSL609FS5,"HLBSL609FS5 6"" Down Light",NEEDS_REVIEW,0.62,Brand unresolved,BRAND_NAME,"no brand evidence in feed columns, description or supplier",
438,HLBSL609FS5,"HLBSL609FS5 6"" Down Light",NEEDS_REVIEW,0.62,Product confidence below publication threshold,,0.62 < 0.62,
439,WF4REGSWW590CRIMW,"WF4REGSWW590CRIMW 4"" Down Light",NEEDS_REVIEW,0.62,Brand unresolved,BRAND_NAME,"no brand evidence in feed columns, description or supplier",
439,WF4REGSWW590CRIMW,"WF4REGSWW590CRIMW 4"" Down Light",NEEDS_REVIEW,0.62,Product confidence below publication threshold,,0.62 < 0.62,
440,43849WH5CCT,43849WH5CCT Kichler Ceiling Lt,NEEDS_REVIEW,0.74,Attribute coverage below threshold,__attributes__,12% of the 8 template slots populated,
443,62-1784,62-1784 24x24 Led Ceiling Lt,NEEDS_REVIEW,0.76,Attribute coverage below threshold,__attributes__,12% of the 8 template slots populated,
447,45495BKCLR,45495BKCLR Kichler Wall Lt,NEEDS_REVIEW,0.74,Attribute coverage below threshold,__attributes__,12% of the 8 template slots populated,
448,55209NI,55209NI Kichler Wall Sconce,NEEDS_REVIEW,0.74,Attribute coverage below threshold,__attributes__,12% of the 8 template slots populated,
449,65-1210,65-1210 2' LED Wrap Lt,NEEDS_REVIEW,0.72,Attribute coverage below threshold,__attributes__,12% of the 8 template slots populated,
450,65-1211,65-1211 4' Led Wrap Light,NEEDS_REVIEW,0.72,Attribute coverage below threshold,__attributes__,12% of the 8 template slots populated,
451,141465,"141465 15W Flor 18"" T12 27k",NEEDS_REVIEW,0.43,Classification could not be settled automatically,Classpath,"ambiguous or unmatched; no model available, so the record is flagged for human review rather than guessed",
451,141465,"141465 15W Flor 18"" T12 27k",NEEDS_REVIEW,0.43,Product could not be classified,Classpath,no taxonomy leaf matched; generic template applied,
451,141465,"141465 15W Flor 18"" T12 27k",NEEDS_REVIEW,0.43,Attribute coverage below threshold,__attributes__,0% of the 5 template slots populated,
451,141465,"141465 15W Flor 18"" T12 27k",NEEDS_REVIEW,0.43,Validation error,Classpath,'Classpath' is required for a publishable record,
451,141465,"141465 15W Flor 18"" T12 27k",NEEDS_REVIEW,0.43,Product confidence below publication threshold,,0.43 < 0.62,
452,391227,"391227 32W Led 12"" T9 30K",NEEDS_REVIEW,0.77,Classification confidence below threshold,Classpath,0.55 < 0.6,Electrical>Lamps & Light Bulbs>Light Bulbs
453,392225,"392225 22W Flor 8"" T9 30k",NEEDS_REVIEW,0.43,Classification could not be settled automatically,Classpath,"ambiguous or unmatched; no model available, so the record is flagged for human review rather than guessed",
453,392225,"392225 22W Flor 8"" T9 30k",NEEDS_REVIEW,0.43,Product could not be classified,Classpath,no taxonomy leaf matched; generic template applied,
453,392225,"392225 22W Flor 8"" T9 30k",NEEDS_REVIEW,0.43,Attribute coverage below threshold,__attributes__,0% of the 5 template slots populated,
453,392225,"392225 22W Flor 8"" T9 30k",NEEDS_REVIEW,0.43,Validation error,Classpath,'Classpath' is required for a publishable record,
453,392225,"392225 22W Flor 8"" T9 30k",NEEDS_REVIEW,0.43,Product confidence below publication threshold,,0.43 < 0.62,
470,S21363,S21363 8W Led Edison ST19 27K,NEEDS_REVIEW,0.70,Classification confidence below threshold,Classpath,0.55 < 0.6,Electrical>Lamps & Light Bulbs>Light Bulbs
473,586875,586875 60W Led Multi CCT 4pk,NEEDS_REVIEW,0.75,Classification confidence below threshold,Classpath,0.55 < 0.6,Electrical>Lamps & Light Bulbs>Light Bulbs
485,586909,586909 Led 60W Med A19 27K,NEEDS_REVIEW,0.79,Classification confidence below threshold,Classpath,0.55 < 0.6,Electrical>Lamps & Light Bulbs>Light Bulbs
504,568337,568337 120W Led Par38 Med 50k,NEEDS_REVIEW,0.79,Classification confidence below threshold,Classpath,0.55 < 0.6,Electrical>Lamps & Light Bulbs>Light Bulbs
510,586883,586883 100W Led Multi CCT 2pk,NEEDS_REVIEW,0.75,Classification confidence below threshold,Classpath,0.55 < 0.6,Electrical>Lamps & Light Bulbs>Light Bulbs
516,570762,570762 50W Led Par16 30k 3pk,NEEDS_REVIEW,0.78,Classification confidence below threshold,Classpath,0.55 < 0.6,Electrical>Lamps & Light Bulbs>Light Bulbs
521,586891,586891 Led 60W Med A19 27k,NEEDS_REVIEW,0.79,Classification confidence below threshold,Classpath,0.55 < 0.6,Electrical>Lamps & Light Bulbs>Light Bulbs
529,576009,576009 100W Led Par30L Med 50k,NEEDS_REVIEW,0.79,Classification confidence below threshold,Classpath,0.55 < 0.6,Electrical>Lamps & Light Bulbs>Light Bulbs
535,576017,576017 100W Led Par30L Med 30k,NEEDS_REVIEW,0.79,Classification confidence below threshold,Classpath,0.55 < 0.6,Electrical>Lamps & Light Bulbs>Light Bulbs
538,583161,583161 Led 65W Med BR30 3pk,NEEDS_REVIEW,0.79,Classification confidence below threshold,Classpath,0.55 < 0.6,Electrical>Lamps & Light Bulbs>Light Bulbs
550,564914,564914 60W Med Led 50k 2pk,NEEDS_REVIEW,0.77,Classification confidence below threshold,Classpath,0.55 < 0.6,Electrical>Lamps & Light Bulbs>Light Bulbs
558,573428,573428 40W Med Led 50k 2pk,NEEDS_REVIEW,0.77,Classification confidence below threshold,Classpath,0.55 < 0.6,Electrical>Lamps & Light Bulbs>Light Bulbs
562,573188,573188 250W Led Par38 Med 50k,NEEDS_REVIEW,0.79,Classification confidence below threshold,Classpath,0.55 < 0.6,Electrical>Lamps & Light Bulbs>Light Bulbs
565,573204,573204 75W Led Par20 Med 50k,NEEDS_REVIEW,0.79,Classification confidence below threshold,Classpath,0.55 < 0.6,Electrical>Lamps & Light Bulbs>Light Bulbs
570,568444,568444 90W Led Par38 50k 2pk,NEEDS_REVIEW,0.78,Classification confidence below threshold,Classpath,0.55 < 0.6,Electrical>Lamps & Light Bulbs>Light Bulbs
576,565812,565812 60W Med Led 50k,NEEDS_REVIEW,0.77,Classification confidence below threshold,Classpath,0.55 < 0.6,Electrical>Lamps & Light Bulbs>Light Bulbs
578,46719,49719 Wall Light Motion Wh,NEEDS_REVIEW,0.65,Brand unresolved,BRAND_NAME,"no brand evidence in feed columns, description or supplier",
579,59061BSL,59061BSL Kichler Ext Wall Lt,NEEDS_REVIEW,0.78,Attribute coverage below threshold,__attributes__,12% of the 8 template slots populated,
580,59062BSL,59062BSL Kichler Ext Wall Lt,NEEDS_REVIEW,0.78,Attribute coverage below threshold,__attributes__,12% of the 8 template slots populated,
581,59124BKT,59124BKT Kichler Ext Wall Lt,NEEDS_REVIEW,0.78,Attribute coverage below threshold,__attributes__,12% of the 8 template slots populated,
582,59025BK,59025BK Kichler Post Lt,NEEDS_REVIEW,0.69,Classification confidence below threshold,Classpath,0.57 < 0.6,Electrical>Lighting Fixtures>Interior Lighting Fixtures
582,59025BK,59025BK Kichler Post Lt,NEEDS_REVIEW,0.69,Attribute coverage below threshold,__attributes__,12% of the 8 template slots populated,
583,DCL183,Dewalt DCL183 Light - Rechargeable,NEEDS_REVIEW,0.43,Classification could not be settled automatically,Classpath,"ambiguous or unmatched; no model available, so the record is flagged for human review rather than guessed",
583,DCL183,Dewalt DCL183 Light - Rechargeable,NEEDS_REVIEW,0.43,Product could not be classified,Classpath,no taxonomy leaf matched; generic template applied,
583,DCL183,Dewalt DCL183 Light - Rechargeable,NEEDS_REVIEW,0.43,Attribute coverage below threshold,__attributes__,0% of the 5 template slots populated,
583,DCL183,Dewalt DCL183 Light - Rechargeable,NEEDS_REVIEW,0.43,Validation error,Classpath,'Classpath' is required for a publishable record,
583,DCL183,Dewalt DCL183 Light - Rechargeable,NEEDS_REVIEW,0.43,Product confidence below publication threshold,,0.43 < 0.62,
584,73020,73020 Nano Clip Light Bk,NEEDS_REVIEW,0.63,Brand unresolved,BRAND_NAME,"no brand evidence in feed columns, description or supplier",
584,73020,73020 Nano Clip Light Bk,NEEDS_REVIEW,0.63,Attribute coverage below threshold,__attributes__,12% of the 8 template slots populated,
585,NEB-FLT-1021,NEBFLT1021 Slyde King FlashLt,NEEDS_REVIEW,0.26,Classification could not be settled automatically,Classpath,"ambiguous or unmatched; no model available, so the record is flagged for human review rather than guessed",
585,NEB-FLT-1021,NEBFLT1021 Slyde King FlashLt,NEEDS_REVIEW,0.26,Brand unresolved,BRAND_NAME,"no brand evidence in feed columns, description or supplier",
585,NEB-FLT-1021,NEBFLT1021 Slyde King FlashLt,NEEDS_REVIEW,0.26,Product could not be classified,Classpath,no taxonomy leaf matched; generic template applied,
585,NEB-FLT-1021,NEBFLT1021 Slyde King FlashLt,NEEDS_REVIEW,0.26,Attribute coverage below threshold,__attributes__,0% of the 5 template slots populated,
585,NEB-FLT-1021,NEBFLT1021 Slyde King FlashLt,NEEDS_REVIEW,0.26,Validation error,Classpath,'Classpath' is required for a publishable record,
585,NEB-FLT-1021,NEBFLT1021 Slyde King FlashLt,NEEDS_REVIEW,0.26,Product confidence below publication threshold,,0.26 < 0.62,
586,NEB-FLT-0053,NEBFLT0053 2600L Flash Light,NEEDS_REVIEW,0.26,Classification could not be settled automatically,Classpath,"ambiguous or unmatched; no model available, so the record is flagged for human review rather than guessed",
586,NEB-FLT-0053,NEBFLT0053 2600L Flash Light,NEEDS_REVIEW,0.26,Brand unresolved,BRAND_NAME,"no brand evidence in feed columns, description or supplier",
586,NEB-FLT-0053,NEBFLT0053 2600L Flash Light,NEEDS_REVIEW,0.26,Product could not be classified,Classpath,no taxonomy leaf matched; generic template applied,
586,NEB-FLT-0053,NEBFLT0053 2600L Flash Light,NEEDS_REVIEW,0.26,Attribute coverage below threshold,__attributes__,0% of the 5 template slots populated,
586,NEB-FLT-0053,NEBFLT0053 2600L Flash Light,NEEDS_REVIEW,0.26,Validation error,Classpath,'Classpath' is required for a publishable record,
586,NEB-FLT-0053,NEBFLT0053 2600L Flash Light,NEEDS_REVIEW,0.26,Product confidence below publication threshold,,0.26 < 0.62,
587,97708,97708 Police 800L Headlight,NEEDS_REVIEW,0.43,Classification could not be settled automatically,Classpath,"ambiguous or unmatched; no model available, so the record is flagged for human review rather than guessed",
587,97708,97708 Police 800L Headlight,NEEDS_REVIEW,0.43,Product could not be classified,Classpath,no taxonomy leaf matched; generic template applied,
587,97708,97708 Police 800L Headlight,NEEDS_REVIEW,0.43,Attribute coverage below threshold,__attributes__,0% of the 5 template slots populated,
587,97708,97708 Police 800L Headlight,NEEDS_REVIEW,0.43,Validation error,Classpath,'Classpath' is required for a publishable record,
587,97708,97708 Police 800L Headlight,NEEDS_REVIEW,0.43,Product confidence below publication threshold,,0.43 < 0.62,
588,WORK6000XLTPPLUG,6000L Twin Head Work Light,NEEDS_REVIEW,0.43,Classification could not be settled automatically,Classpath,"ambiguous or unmatched; no model available, so the record is flagged for human review rather than guessed",
588,WORK6000XLTPPLUG,6000L Twin Head Work Light,NEEDS_REVIEW,0.43,Product could not be classified,Classpath,no taxonomy leaf matched; generic template applied,
588,WORK6000XLTPPLUG,6000L Twin Head Work Light,NEEDS_REVIEW,0.43,Attribute coverage below threshold,__attributes__,0% of the 5 template slots populated,
588,WORK6000XLTPPLUG,6000L Twin Head Work Light,NEEDS_REVIEW,0.43,Validation error,Classpath,'Classpath' is required for a publishable record,
588,WORK6000XLTPPLUG,6000L Twin Head Work Light,NEEDS_REVIEW,0.43,Product confidence below publication threshold,,0.43 < 0.62,
589,HOM2040M200PRB,HOM2040M200PRB 200A Load Cntr,NEEDS_REVIEW,0.61,Brand unresolved,BRAND_NAME,"no brand evidence in feed columns, description or supplier",
589,HOM2040M200PRB,HOM2040M200PRB 200A Load Cntr,NEEDS_REVIEW,0.61,Attribute coverage below threshold,__attributes__,20% of the 5 template slots populated,
589,HOM2040M200PRB,HOM2040M200PRB 200A Load Cntr,NEEDS_REVIEW,0.61,Product confidence below publication threshold,,0.61 < 0.62,
590,HOM3060L225PGC,HOM3060L225PGC 225 Load Center,NEEDS_REVIEW,0.64,Attribute coverage below threshold,__attributes__,0% of the 5 template slots populated,
591,QO612L100RBCP,QO612L100RBCP 100A Load Center,NEEDS_REVIEW,0.81,Attribute coverage below threshold,__attributes__,20% of the 5 template slots populated,
592,13093005,4/0 Aluminum Entrance Cable (Linear Foot),NEEDS_REVIEW,0.69,Brand unresolved,BRAND_NAME,"no brand evidence in feed columns, description or supplier",
593,12-4 SO,12-4 SO Cord (Linear Foot),NEEDS_REVIEW,0.47,Manufacturer unresolved,MANUFACTURER_NAME,no brand owner and no direct-manufacturer supplier,
593,12-4 SO,12-4 SO Cord (Linear Foot),NEEDS_REVIEW,0.47,Brand unresolved,BRAND_NAME,"no brand evidence in feed columns, description or supplier",
593,12-4 SO,12-4 SO Cord (Linear Foot),NEEDS_REVIEW,0.47,Product confidence below publication threshold,,0.47 < 0.62,
594,96263-46-06,96263-46-06 CAT5E Wire (Linear Foot),NEEDS_REVIEW,0.69,Brand unresolved,BRAND_NAME,"no brand evidence in feed columns, description or supplier",
595,R50003-ID,16-2 Stranded Wire CL3 500' (Linear Foot),NEEDS_REVIEW,0.70,Brand unresolved,BRAND_NAME,"no brand evidence in feed columns, description or supplier",
596,10-4 SO,10-4 SO Cord (Linear Foot),NEEDS_REVIEW,0.67,Brand unresolved,BRAND_NAME,"no brand evidence in feed columns, description or supplier",
597,23346-0408,23346-0408 Wire 16/3 SJEWA 250 (Linear Foot),NEEDS_REVIEW,0.50,Manufacturer unresolved,MANUFACTURER_NAME,no brand owner and no direct-manufacturer supplier,
597,23346-0408,23346-0408 Wire 16/3 SJEWA 250 (Linear Foot),NEEDS_REVIEW,0.50,Brand unresolved,BRAND_NAME,"no brand evidence in feed columns, description or supplier",
597,23346-0408,23346-0408 Wire 16/3 SJEWA 250 (Linear Foot),NEEDS_REVIEW,0.50,Product confidence below publication threshold,,0.50 < 0.62,
598,2/2/4 UD ALUM,2/2/4 UD Aluminum Triplex Wire (Linear Foot),NEEDS_REVIEW,0.73,Brand unresolved,BRAND_NAME,"no brand evidence in feed columns, description or supplier",
599,55418901,6/6/6 UD Triplex Aluminum Wire,NEEDS_REVIEW,0.70,Brand unresolved,BRAND_NAME,"no brand evidence in feed columns, description or supplier",
600,CG50K,"CG50K 1/2"" Cord Grip Kit",NEEDS_REVIEW,0.44,Brand unresolved,BRAND_NAME,"no brand evidence in feed columns, description or supplier",
600,CG50K,"CG50K 1/2"" Cord Grip Kit",NEEDS_REVIEW,0.44,Attribute coverage below threshold,__attributes__,0% of the 6 template slots populated,
600,CG50K,"CG50K 1/2"" Cord Grip Kit",NEEDS_REVIEW,0.44,Product confidence below publication threshold,,0.44 < 0.62,
602,PBUC013,PBUC013 15A Wall Tap w/USB,NEEDS_REVIEW,0.77,Attribute coverage below threshold,__attributes__,17% of the 6 template slots populated,
611,R20-05378-P00,R2005378P00 6-50R Welder Outet,NEEDS_REVIEW,0.43,Classification could not be settled automatically,Classpath,"ambiguous or unmatched; no model available, so the record is flagged for human review rather than guessed",
611,R20-05378-P00,R2005378P00 6-50R Welder Outet,NEEDS_REVIEW,0.43,Product could not be classified,Classpath,no taxonomy leaf matched; generic template applied,
611,R20-05378-P00,R2005378P00 6-50R Welder Outet,NEEDS_REVIEW,0.43,Attribute coverage below threshold,__attributes__,0% of the 5 template slots populated,
611,R20-05378-P00,R2005378P00 6-50R Welder Outet,NEEDS_REVIEW,0.43,Validation error,Classpath,'Classpath' is required for a publishable record,
611,R20-05378-P00,R2005378P00 6-50R Welder Outet,NEEDS_REVIEW,0.43,Product confidence below publication threshold,,0.43 < 0.62,
612,WC1V12W-SG-UPC,WC1V12WSGUPC 1G Cover Wh,NEEDS_REVIEW,0.43,Classification could not be settled automatically,Classpath,"ambiguous or unmatched; no model available, so the record is flagged for human review rather than guessed",
612,WC1V12W-SG-UPC,WC1V12WSGUPC 1G Cover Wh,NEEDS_REVIEW,0.43,Product could not be classified,Classpath,no taxonomy leaf matched; generic template applied,
612,WC1V12W-SG-UPC,WC1V12WSGUPC 1G Cover Wh,NEEDS_REVIEW,0.43,Attribute coverage below threshold,__attributes__,0% of the 5 template slots populated,
612,WC1V12W-SG-UPC,WC1V12WSGUPC 1G Cover Wh,NEEDS_REVIEW,0.43,Validation error,Classpath,'Classpath' is required for a publishable record,
612,WC1V12W-SG-UPC,WC1V12WSGUPC 1G Cover Wh,NEEDS_REVIEW,0.43,Product confidence below publication threshold,,0.43 < 0.62,
619,XOU2470BCGS,XOU2470BCGS Tall Beverage Center SS,NEEDS_REVIEW,0.43,Manufacturer unresolved,MANUFACTURER_NAME,'Appliance Dealers Cooperative' is a distributor/co-op (carries 8 brands); the manufacturer of record needs manufacturer evidence,
619,XOU2470BCGS,XOU2470BCGS Tall Beverage Center SS,NEEDS_REVIEW,0.43,Brand unresolved,BRAND_NAME,"no brand evidence in feed columns, description or supplier",
619,XOU2470BCGS,XOU2470BCGS Tall Beverage Center SS,NEEDS_REVIEW,0.43,Attribute coverage below threshold,__attributes__,20% of the 5 template slots populated,
619,XOU2470BCGS,XOU2470BCGS Tall Beverage Center SS,NEEDS_REVIEW,0.43,Product confidence below publication threshold,,0.43 < 0.62,
620,XOU24BCGSR,XOU24BCGSR Beverage Center SS,NEEDS_REVIEW,0.44,Manufacturer unresolved,MANUFACTURER_NAME,'Appliance Dealers Cooperative' is a distributor/co-op (carries 8 brands); the manufacturer of record needs manufacturer evidence,
620,XOU24BCGSR,XOU24BCGSR Beverage Center SS,NEEDS_REVIEW,0.44,Brand unresolved,BRAND_NAME,"no brand evidence in feed columns, description or supplier",
620,XOU24BCGSR,XOU24BCGSR Beverage Center SS,NEEDS_REVIEW,0.44,Attribute coverage below threshold,__attributes__,20% of the 5 template slots populated,
620,XOU24BCGSR,XOU24BCGSR Beverage Center SS,NEEDS_REVIEW,0.44,Product confidence below publication threshold,,0.44 < 0.62,
621,XOU24WDZGBR,XOU24WDZGBR Beverage Center Bk,NEEDS_REVIEW,0.44,Manufacturer unresolved,MANUFACTURER_NAME,'Appliance Dealers Cooperative' is a distributor/co-op (carries 8 brands); the manufacturer of record needs manufacturer evidence,
621,XOU24WDZGBR,XOU24WDZGBR Beverage Center Bk,NEEDS_REVIEW,0.44,Brand unresolved,BRAND_NAME,"no brand evidence in feed columns, description or supplier",
621,XOU24WDZGBR,XOU24WDZGBR Beverage Center Bk,NEEDS_REVIEW,0.44,Attribute coverage below threshold,__attributes__,20% of the 5 template slots populated,
621,XOU24WDZGBR,XOU24WDZGBR Beverage Center Bk,NEEDS_REVIEW,0.44,Product confidence below publication threshold,,0.44 < 0.62,
622,C7CDAAS3PD3,C7CDAAS3PD3 Café Drip Coffee Maker MB,NEEDS_REVIEW,0.56,Manufacturer unresolved,MANUFACTURER_NAME,'Appliance Dealers Cooperative' is a distributor/co-op (carries 8 brands); the manufacturer of record needs manufacturer evidence,
622,C7CDAAS3PD3,C7CDAAS3PD3 Café Drip Coffee Maker MB,NEEDS_REVIEW,0.56,Attribute coverage below threshold,__attributes__,20% of the 5 template slots populated,
622,C7CDAAS3PD3,C7CDAAS3PD3 Café Drip Coffee Maker MB,NEEDS_REVIEW,0.56,Product confidence below publication threshold,,0.56 < 0.62,
623,C7CDAAS4PW3,C7CDAAS4PW3 Café Drip Coffee Maker MW,NEEDS_REVIEW,0.56,Manufacturer unresolved,MANUFACTURER_NAME,'Appliance Dealers Cooperative' is a distributor/co-op (carries 8 brands); the manufacturer of record needs manufacturer evidence,
623,C7CDAAS4PW3,C7CDAAS4PW3 Café Drip Coffee Maker MW,NEEDS_REVIEW,0.56,Attribute coverage below threshold,__attributes__,20% of the 5 template slots populated,
623,C7CDAAS4PW3,C7CDAAS4PW3 Café Drip Coffee Maker MW,NEEDS_REVIEW,0.56,Product confidence below publication threshold,,0.56 < 0.62,
624,C7CDABS2RS3,C7CDABS2RS3 Cafe Coffee Maker,NEEDS_REVIEW,0.55,Manufacturer unresolved,MANUFACTURER_NAME,'Appliance Dealers Cooperative' is a distributor/co-op (carries 8 brands); the manufacturer of record needs manufacturer evidence,
624,C7CDABS2RS3,C7CDABS2RS3 Cafe Coffee Maker,NEEDS_REVIEW,0.55,Attribute coverage below threshold,__attributes__,20% of the 5 template slots populated,
624,C7CDABS2RS3,C7CDABS2RS3 Cafe Coffee Maker,NEEDS_REVIEW,0.55,Product confidence below publication threshold,,0.55 < 0.62,
625,C7CDABS3RD3,C7CDABS3RD3 Café Coffee Maker MB,NEEDS_REVIEW,0.55,Manufacturer unresolved,MANUFACTURER_NAME,'Appliance Dealers Cooperative' is a distributor/co-op (carries 8 brands); the manufacturer of record needs manufacturer evidence,
625,C7CDABS3RD3,C7CDABS3RD3 Café Coffee Maker MB,NEEDS_REVIEW,0.55,Attribute coverage below threshold,__attributes__,20% of the 5 template slots populated,
625,C7CDABS3RD3,C7CDABS3RD3 Café Coffee Maker MB,NEEDS_REVIEW,0.55,Product confidence below publication threshold,,0.55 < 0.62,
626,C7CDABS4RW3,C7CDABS4RW3 Café Coffee Maker MW,NEEDS_REVIEW,0.55,Manufacturer unresolved,MANUFACTURER_NAME,'Appliance Dealers Cooperative' is a distributor/co-op (carries 8 brands); the manufacturer of record needs manufacturer evidence,
626,C7CDABS4RW3,C7CDABS4RW3 Café Coffee Maker MW,NEEDS_REVIEW,0.55,Attribute coverage below threshold,__attributes__,20% of the 5 template slots populated,
626,C7CDABS4RW3,C7CDABS4RW3 Café Coffee Maker MW,NEEDS_REVIEW,0.55,Product confidence below publication threshold,,0.55 < 0.62,
627,C7CEBBS2RS3,C7CEBBS2RS3 Cafe Auto Espresso Machine SS,NEEDS_REVIEW,0.55,Manufacturer unresolved,MANUFACTURER_NAME,'Appliance Dealers Cooperative' is a distributor/co-op (carries 8 brands); the manufacturer of record needs manufacturer evidence,
627,C7CEBBS2RS3,C7CEBBS2RS3 Cafe Auto Espresso Machine SS,NEEDS_REVIEW,0.55,Attribute coverage below threshold,__attributes__,20% of the 5 template slots populated,
627,C7CEBBS2RS3,C7CEBBS2RS3 Cafe Auto Espresso Machine SS,NEEDS_REVIEW,0.55,Product confidence below publication threshold,,0.55 < 0.62,
628,C7CEBBS4RW3,C7CEBBS4RW3 Café Auto Espresso Machine Wh,NEEDS_REVIEW,0.55,Manufacturer unresolved,MANUFACTURER_NAME,'Appliance Dealers Cooperative' is a distributor/co-op (carries 8 brands); the manufacturer of record needs manufacturer evidence,
628,C7CEBBS4RW3,C7CEBBS4RW3 Café Auto Espresso Machine Wh,NEEDS_REVIEW,0.55,Attribute coverage below threshold,__attributes__,20% of the 5 template slots populated,
628,C7CEBBS4RW3,C7CEBBS4RW3 Café Auto Espresso Machine Wh,NEEDS_REVIEW,0.55,Product confidence below publication threshold,,0.55 < 0.62,
629,C7CESAS2RS3,C7CESAS2RS3 Café Espresso SS,NEEDS_REVIEW,0.55,Manufacturer unresolved,MANUFACTURER_NAME,'Appliance Dealers Cooperative' is a distributor/co-op (carries 8 brands); the manufacturer of record needs manufacturer evidence,
629,C7CESAS2RS3,C7CESAS2RS3 Café Espresso SS,NEEDS_REVIEW,0.55,Attribute coverage below threshold,__attributes__,20% of the 5 template slots populated,
629,C7CESAS2RS3,C7CESAS2RS3 Café Espresso SS,NEEDS_REVIEW,0.55,Product confidence below publication threshold,,0.55 < 0.62,
630,C7CESAS3RD3,C7CESAS3RD3 Café Espresso Machine MB,NEEDS_REVIEW,0.56,Manufacturer unresolved,MANUFACTURER_NAME,'Appliance Dealers Cooperative' is a distributor/co-op (carries 8 brands); the manufacturer of record needs manufacturer evidence,
630,C7CESAS3RD3,C7CESAS3RD3 Café Espresso Machine MB,NEEDS_REVIEW,0.56,Attribute coverage below threshold,__attributes__,20% of the 5 template slots populated,
630,C7CESAS3RD3,C7CESAS3RD3 Café Espresso Machine MB,NEEDS_REVIEW,0.56,Product confidence below publication threshold,,0.56 < 0.62,
631,C7CESAS4RW3,C7CESAS4RW3 Cafe Espresso Wh,NEEDS_REVIEW,0.55,Manufacturer unresolved,MANUFACTURER_NAME,'Appliance Dealers Cooperative' is a distributor/co-op (carries 8 brands); the manufacturer of record needs manufacturer evidence,
631,C7CESAS4RW3,C7CESAS4RW3 Cafe Espresso Wh,NEEDS_REVIEW,0.55,Attribute coverage below threshold,__attributes__,20% of the 5 template slots populated,
631,C7CESAS4RW3,C7CESAS4RW3 Cafe Espresso Wh,NEEDS_REVIEW,0.55,Product confidence below publication threshold,,0.55 < 0.62,
632,WOSP30100SS,WOSP30100SS Beko Wall Oven SS,NEEDS_REVIEW,0.56,Manufacturer unresolved,MANUFACTURER_NAME,'Appliance Dealers Cooperative' is a distributor/co-op (carries 8 brands); the manufacturer of record needs manufacturer evidence,
632,WOSP30100SS,WOSP30100SS Beko Wall Oven SS,NEEDS_REVIEW,0.56,Attribute coverage below threshold,__attributes__,20% of the 5 template slots populated,
632,WOSP30100SS,WOSP30100SS Beko Wall Oven SS,NEEDS_REVIEW,0.56,Product confidence below publication threshold,,0.56 < 0.62,
633,MSER2090S,MSER2090S LG Microwave SS,NEEDS_REVIEW,0.39,Manufacturer unresolved,MANUFACTURER_NAME,'Appliance Dealers Cooperative' is a distributor/co-op (carries 8 brands); the manufacturer of record needs manufacturer evidence,
633,MSER2090S,MSER2090S LG Microwave SS,NEEDS_REVIEW,0.39,Attribute coverage below threshold,__attributes__,0% of the 6 template slots populated,
633,MSER2090S,MSER2090S LG Microwave SS,NEEDS_REVIEW,0.39,Product confidence below publication threshold,,0.39 < 0.62,
634,GCST16S1WSS,GCST16S1WSS GE Microwave SS,NEEDS_REVIEW,0.39,Manufacturer unresolved,MANUFACTURER_NAME,'Appliance Dealers Cooperative' is a distributor/co-op (carries 8 brands); the manufacturer of record needs manufacturer evidence,
634,GCST16S1WSS,GCST16S1WSS GE Microwave SS,NEEDS_REVIEW,0.39,Attribute coverage below threshold,__attributes__,0% of the 6 template slots populated,
634,GCST16S1WSS,GCST16S1WSS GE Microwave SS,NEEDS_REVIEW,0.39,Product confidence below publication threshold,,0.39 < 0.62,
635,PCWK15C1WSS,PCWK15C1WSS GE Microwave,NEEDS_REVIEW,0.39,Manufacturer unresolved,MANUFACTURER_NAME,'Appliance Dealers Cooperative' is a distributor/co-op (carries 8 brands); the manufacturer of record needs manufacturer evidence,
635,PCWK15C1WSS,PCWK15C1WSS GE Microwave,NEEDS_REVIEW,0.39,Attribute coverage below threshold,__attributes__,0% of the 6 template slots populated,
635,PCWK15C1WSS,PCWK15C1WSS GE Microwave,NEEDS_REVIEW,0.39,Product confidence below publication threshold,,0.39 < 0.62,
636,SMC2266KS,SMC2266KS Microwave SS Display Only,NEEDS_REVIEW,0.27,Manufacturer unresolved,MANUFACTURER_NAME,'Appliance Dealers Cooperative' is a distributor/co-op (carries 8 brands); the manufacturer of record needs manufacturer evidence,
636,SMC2266KS,SMC2266KS Microwave SS Display Only,NEEDS_REVIEW,0.27,Brand unresolved,BRAND_NAME,"no brand evidence in feed columns, description or supplier",
636,SMC2266KS,SMC2266KS Microwave SS Display Only,NEEDS_REVIEW,0.27,Attribute coverage below threshold,__attributes__,0% of the 6 template slots populated,
636,SMC2266KS,SMC2266KS Microwave SS Display Only,NEEDS_REVIEW,0.27,Product confidence below publication threshold,,0.27 < 0.62,
637,SMD2479JS,SMD2479JS Microwave Drawer SS Display Only,NEEDS_REVIEW,0.47,Manufacturer unresolved,MANUFACTURER_NAME,'Appliance Dealers Cooperative' is a distributor/co-op (carries 8 brands); the manufacturer of record needs manufacturer evidence,
637,SMD2479JS,SMD2479JS Microwave Drawer SS Display Only,NEEDS_REVIEW,0.47,Brand unresolved,BRAND_NAME,"no brand evidence in feed columns, description or supplier",
637,SMD2479JS,SMD2479JS Microwave Drawer SS Display Only,NEEDS_REVIEW,0.47,Attribute coverage below threshold,__attributes__,17% of the 6 template slots populated,
637,SMD2479JS,SMD2479JS Microwave Drawer SS Display Only,NEEDS_REVIEW,0.47,Product confidence below publication threshold,,0.47 < 0.62,
638,PEP9030DTBB,"PEP9030DTBB 30"" GE Cooktop Bk",NEEDS_REVIEW,0.56,Manufacturer unresolved,MANUFACTURER_NAME,'Appliance Dealers Cooperative' is a distributor/co-op (carries 8 brands); the manufacturer of record needs manufacturer evidence,
638,PEP9030DTBB,"PEP9030DTBB 30"" GE Cooktop Bk",NEEDS_REVIEW,0.56,Attribute coverage below threshold,__attributes__,20% of the 5 template slots populated,
638,PEP9030DTBB,"PEP9030DTBB 30"" GE Cooktop Bk",NEEDS_REVIEW,0.56,Product confidence below publication threshold,,0.56 < 0.62,
639,CES700P3MD1,"CES700P3MD1 Cafe 30"" Range Bk - Display",NEEDS_REVIEW,0.57,Manufacturer unresolved,MANUFACTURER_NAME,'Appliance Dealers Cooperative' is a distributor/co-op (carries 8 brands); the manufacturer of record needs manufacturer evidence,
639,CES700P3MD1,"CES700P3MD1 Cafe 30"" Range Bk - Display",NEEDS_REVIEW,0.57,Product confidence below publication threshold,,0.57 < 0.62,
640,PS960YPFS,"PS960YPFS 30"" GE Electric Range SS - Display Only",NEEDS_REVIEW,0.60,Manufacturer unresolved,MANUFACTURER_NAME,'Appliance Dealers Cooperative' is a distributor/co-op (carries 8 brands); the manufacturer of record needs manufacturer evidence,
640,PS960YPFS,"PS960YPFS 30"" GE Electric Range SS - Display Only",NEEDS_REVIEW,0.60,Product confidence below publication threshold,,0.60 < 0.62,
641,PB900YVFS,"PB900YVFS Elect 30"" Range SS",NEEDS_REVIEW,0.48,Manufacturer unresolved,MANUFACTURER_NAME,'Appliance Dealers Cooperative' is a distributor/co-op (carries 8 brands); the manufacturer of record needs manufacturer evidence,
641,PB900YVFS,"PB900YVFS Elect 30"" Range SS",NEEDS_REVIEW,0.48,Brand unresolved,BRAND_NAME,"no brand evidence in feed columns, description or supplier",
641,PB900YVFS,"PB900YVFS Elect 30"" Range SS",NEEDS_REVIEW,0.48,Product confidence below publication threshold,,0.48 < 0.62,
642,PCFE3080AF,"PCFE3080AF 30"" Elect Range SS - Display Only",NEEDS_REVIEW,0.48,Manufacturer unresolved,MANUFACTURER_NAME,'Appliance Dealers Cooperative' is a distributor/co-op (carries 8 brands); the manufacturer of record needs manufacturer evidence,
642,PCFE3080AF,"PCFE3080AF 30"" Elect Range SS - Display Only",NEEDS_REVIEW,0.48,Brand unresolved,BRAND_NAME,"no brand evidence in feed columns, description or supplier",
642,PCFE3080AF,"PCFE3080AF 30"" Elect Range SS - Display Only",NEEDS_REVIEW,0.48,Product confidence below publication threshold,,0.48 < 0.62,
643,SLER30524SS,"SLER30524SS 30"" Elect Range SS",NEEDS_REVIEW,0.48,Manufacturer unresolved,MANUFACTURER_NAME,'Appliance Dealers Cooperative' is a distributor/co-op (carries 8 brands); the manufacturer of record needs manufacturer evidence,
643,SLER30524SS,"SLER30524SS 30"" Elect Range SS",NEEDS_REVIEW,0.48,Brand unresolved,BRAND_NAME,"no brand evidence in feed columns, description or supplier",
643,SLER30524SS,"SLER30524SS 30"" Elect Range SS",NEEDS_REVIEW,0.48,Product confidence below publication threshold,,0.48 < 0.62,
644,LSEL6333ZE,"LSEL6333ZE LG 30"" Elec Range BS-Display Only",NEEDS_REVIEW,0.48,Manufacturer unresolved,MANUFACTURER_NAME,'Appliance Dealers Cooperative' is a distributor/co-op (carries 8 brands); the manufacturer of record needs manufacturer evidence,
644,LSEL6333ZE,"LSEL6333ZE LG 30"" Elec Range BS-Display Only",NEEDS_REVIEW,0.48,Brand unresolved,BRAND_NAME,"no brand evidence in feed columns, description or supplier",
644,LSEL6333ZE,"LSEL6333ZE LG 30"" Elec Range BS-Display Only",NEEDS_REVIEW,0.48,Product confidence below publication threshold,,0.48 < 0.62,
645,KSES530SBE,"KSES530SBE 30"" Elect Range BO Display Only",NEEDS_REVIEW,0.48,Manufacturer unresolved,MANUFACTURER_NAME,'Appliance Dealers Cooperative' is a distributor/co-op (carries 8 brands); the manufacturer of record needs manufacturer evidence,
645,KSES530SBE,"KSES530SBE 30"" Elect Range BO Display Only",NEEDS_REVIEW,0.48,Brand unresolved,BRAND_NAME,"no brand evidence in feed columns, description or supplier",
645,KSES530SBE,"KSES530SBE 30"" Elect Range BO Display Only",NEEDS_REVIEW,0.48,Product confidence below publication threshold,,0.48 < 0.62,
646,GCFG3661AF,"GCFG3661AF 36"" Frigidaire Gas Range SS",NEEDS_REVIEW,0.60,Manufacturer unresolved,MANUFACTURER_NAME,'Appliance Dealers Cooperative' is a distributor/co-op (carries 8 brands); the manufacturer of record needs manufacturer evidence,
646,GCFG3661AF,"GCFG3661AF 36"" Frigidaire Gas Range SS",NEEDS_REVIEW,0.60,Product confidence below publication threshold,,0.60 < 0.62,
647,WSGS7530RZ,"WSGS7530RZ 30"" Gas Range SS - Display Only",NEEDS_REVIEW,0.48,Manufacturer unresolved,MANUFACTURER_NAME,'Appliance Dealers Cooperative' is a distributor/co-op (carries 8 brands); the manufacturer of record needs manufacturer evidence,
647,WSGS7530RZ,"WSGS7530RZ 30"" Gas Range SS - Display Only",NEEDS_REVIEW,0.48,Brand unresolved,BRAND_NAME,"no brand evidence in feed columns, description or supplier",
647,WSGS7530RZ,"WSGS7530RZ 30"" Gas Range SS - Display Only",NEEDS_REVIEW,0.48,Product confidence below publication threshold,,0.48 < 0.62,
648,CHP90301TBB,CHP90301TBB Café Cooktop Bk,NEEDS_REVIEW,0.56,Manufacturer unresolved,MANUFACTURER_NAME,'Appliance Dealers Cooperative' is a distributor/co-op (carries 8 brands); the manufacturer of record needs manufacturer evidence,
648,CHP90301TBB,CHP90301TBB Café Cooktop Bk,NEEDS_REVIEW,0.56,Attribute coverage below threshold,__attributes__,20% of the 5 template slots populated,
648,CHP90301TBB,CHP90301TBB Café Cooktop Bk,NEEDS_REVIEW,0.56,Product confidence below publication threshold,,0.56 < 0.62,
649,CVM517P3RD1,CVM517P3RD1 Cafe Microwave Bk - Display,NEEDS_REVIEW,0.39,Manufacturer unresolved,MANUFACTURER_NAME,'Appliance Dealers Cooperative' is a distributor/co-op (carries 8 brands); the manufacturer of record needs manufacturer evidence,
649,CVM517P3RD1,CVM517P3RD1 Cafe Microwave Bk - Display,NEEDS_REVIEW,0.39,Attribute coverage below threshold,__attributes__,0% of the 6 template slots populated,
649,CVM517P3RD1,CVM517P3RD1 Cafe Microwave Bk - Display,NEEDS_REVIEW,0.39,Product confidence below publication threshold,,0.39 < 0.62,
650,PMOS1980AF,PMOS1980AF OTR Microwave SS - Display Only,NEEDS_REVIEW,0.46,Manufacturer unresolved,MANUFACTURER_NAME,'Appliance Dealers Cooperative' is a distributor/co-op (carries 8 brands); the manufacturer of record needs manufacturer evidence,
650,PMOS1980AF,PMOS1980AF OTR Microwave SS - Display Only,NEEDS_REVIEW,0.46,Brand unresolved,BRAND_NAME,"no brand evidence in feed columns, description or supplier",
650,PMOS1980AF,PMOS1980AF OTR Microwave SS - Display Only,NEEDS_REVIEW,0.46,Attribute coverage below threshold,__attributes__,17% of the 6 template slots populated,
650,PMOS1980AF,PMOS1980AF OTR Microwave SS - Display Only,NEEDS_REVIEW,0.46,Product confidence below publication threshold,,0.46 < 0.62,
651,WMMS3330RZ,WMMS3330RZ OTR Mocrowave SS - Display Only,NEEDS_REVIEW,0.43,Manufacturer unresolved,MANUFACTURER_NAME,'Appliance Dealers Cooperative' is a distributor/co-op (carries 8 brands); the manufacturer of record needs manufacturer evidence,
651,WMMS3330RZ,WMMS3330RZ OTR Mocrowave SS - Display Only,NEEDS_REVIEW,0.43,Brand unresolved,BRAND_NAME,"no brand evidence in feed columns, description or supplier",
651,WMMS3330RZ,WMMS3330RZ OTR Mocrowave SS - Display Only,NEEDS_REVIEW,0.43,Attribute coverage below threshold,__attributes__,17% of the 6 template slots populated,
651,WMMS3330RZ,WMMS3330RZ OTR Mocrowave SS - Display Only,NEEDS_REVIEW,0.43,Product confidence below publication threshold,,0.43 < 0.62,
652,KMMF530PBE,KMMF530PBE OTR Microwave BO Display Only,NEEDS_REVIEW,0.46,Manufacturer unresolved,MANUFACTURER_NAME,'Appliance Dealers Cooperative' is a distributor/co-op (carries 8 brands); the manufacturer of record needs manufacturer evidence,
652,KMMF530PBE,KMMF530PBE OTR Microwave BO Display Only,NEEDS_REVIEW,0.46,Brand unresolved,BRAND_NAME,"no brand evidence in feed columns, description or supplier",
652,KMMF530PBE,KMMF530PBE OTR Microwave BO Display Only,NEEDS_REVIEW,0.46,Attribute coverage below threshold,__attributes__,17% of the 6 template slots populated,
652,KMMF530PBE,KMMF530PBE OTR Microwave BO Display Only,NEEDS_REVIEW,0.46,Product confidence below publication threshold,,0.46 < 0.62,
653,JXGRILL1,JXGRILL1 GE Range Grill,NEEDS_REVIEW,0.17,Classification could not be settled automatically,Classpath,"ambiguous or unmatched; no model available, so the record is flagged for human review rather than guessed",
653,JXGRILL1,JXGRILL1 GE Range Grill,NEEDS_REVIEW,0.17,Manufacturer unresolved,MANUFACTURER_NAME,'Appliance Dealers Cooperative' is a distributor/co-op (carries 8 brands); the manufacturer of record needs manufacturer evidence,
653,JXGRILL1,JXGRILL1 GE Range Grill,NEEDS_REVIEW,0.17,Product could not be classified,Classpath,no taxonomy leaf matched; generic template applied,
653,JXGRILL1,JXGRILL1 GE Range Grill,NEEDS_REVIEW,0.17,Attribute coverage below threshold,__attributes__,0% of the 5 template slots populated,
653,JXGRILL1,JXGRILL1 GE Range Grill,NEEDS_REVIEW,0.17,Validation error,Classpath,'Classpath' is required for a publishable record,
653,JXGRILL1,JXGRILL1 GE Range Grill,NEEDS_REVIEW,0.17,Product confidence below publication threshold,,0.17 < 0.62,
654,C9TMA2S3PD3,C9TMA2S3PD3 Café Toaster MB,NEEDS_REVIEW,0.56,Manufacturer unresolved,MANUFACTURER_NAME,'Appliance Dealers Cooperative' is a distributor/co-op (carries 8 brands); the manufacturer of record needs manufacturer evidence,
654,C9TMA2S3PD3,C9TMA2S3PD3 Café Toaster MB,NEEDS_REVIEW,0.56,Attribute coverage below threshold,__attributes__,20% of the 5 template slots populated,
654,C9TMA2S3PD3,C9TMA2S3PD3 Café Toaster MB,NEEDS_REVIEW,0.56,Product confidence below publication threshold,,0.56 < 0.62,
655,C9TMA2S4PW3,C9TMA2S4PW3 Café Toaster MW,NEEDS_REVIEW,0.56,Manufacturer unresolved,MANUFACTURER_NAME,'Appliance Dealers Cooperative' is a distributor/co-op (carries 8 brands); the manufacturer of record needs manufacturer evidence,
655,C9TMA2S4PW3,C9TMA2S4PW3 Café Toaster MW,NEEDS_REVIEW,0.56,Attribute coverage below threshold,__attributes__,20% of the 5 template slots populated,
655,C9TMA2S4PW3,C9TMA2S4PW3 Café Toaster MW,NEEDS_REVIEW,0.56,Product confidence below publication threshold,,0.56 < 0.62,
656,C90AAAS2RS3,C90AAAS2RS3 Cafe Toast Oven SS,NEEDS_REVIEW,0.55,Manufacturer unresolved,MANUFACTURER_NAME,'Appliance Dealers Cooperative' is a distributor/co-op (carries 8 brands); the manufacturer of record needs manufacturer evidence,
656,C90AAAS2RS3,C90AAAS2RS3 Cafe Toast Oven SS,NEEDS_REVIEW,0.55,Attribute coverage below threshold,__attributes__,20% of the 5 template slots populated,
656,C90AAAS2RS3,C90AAAS2RS3 Cafe Toast Oven SS,NEEDS_REVIEW,0.55,Product confidence below publication threshold,,0.55 < 0.62,
657,C9TMA2SP2PS3,C9TMA2S2PS3 Cafe Toaster SS,NEEDS_REVIEW,0.56,Manufacturer unresolved,MANUFACTURER_NAME,'Appliance Dealers Cooperative' is a distributor/co-op (carries 8 brands); the manufacturer of record needs manufacturer evidence,
657,C9TMA2SP2PS3,C9TMA2S2PS3 Cafe Toaster SS,NEEDS_REVIEW,0.56,Attribute coverage below threshold,__attributes__,20% of the 5 template slots populated,
657,C9TMA2SP2PS3,C9TMA2S2PS3 Cafe Toaster SS,NEEDS_REVIEW,0.56,Product confidence below publication threshold,,0.56 < 0.62,
658,GDE21EMKES,GDE21EMKES GE 21CF Fridge SL Display Only,NEEDS_REVIEW,0.43,Manufacturer unresolved,MANUFACTURER_NAME,'Appliance Dealers Cooperative' is a distributor/co-op (carries 8 brands); the manufacturer of record needs manufacturer evidence,
658,GDE21EMKES,GDE21EMKES GE 21CF Fridge SL Display Only,NEEDS_REVIEW,0.43,Brand unresolved,BRAND_NAME,"no brand evidence in feed columns, description or supplier",
658,GDE21EMKES,GDE21EMKES GE 21CF Fridge SL Display Only,NEEDS_REVIEW,0.43,Product confidence below publication threshold,,0.43 < 0.62,
659,FCM16SLWW,FCM16SLWW 16CF GE Freezer Chest MH,NEEDS_REVIEW,0.60,Manufacturer unresolved,MANUFACTURER_NAME,'Appliance Dealers Cooperative' is a distributor/co-op (carries 8 brands); the manufacturer of record needs manufacturer evidence,
659,FCM16SLWW,FCM16SLWW 16CF GE Freezer Chest MH,NEEDS_REVIEW,0.60,Product confidence below publication threshold,,0.60 < 0.62,
660,GNE27JYMFS,GNE27JYMFS GE Fridge SS,NEEDS_REVIEW,0.54,Manufacturer unresolved,MANUFACTURER_NAME,'Appliance Dealers Cooperative' is a distributor/co-op (carries 8 brands); the manufacturer of record needs manufacturer evidence,
660,GNE27JYMFS,GNE27JYMFS GE Fridge SS,NEEDS_REVIEW,0.54,Attribute coverage below threshold,__attributes__,14% of the 7 template slots populated,
660,GNE27JYMFS,GNE27JYMFS GE Fridge SS,NEEDS_REVIEW,0.54,Product confidence below publication threshold,,0.54 < 0.62,
661,CVE28DP3ND1,CVE28DP3ND1 Cafe Fridge Bk,NEEDS_REVIEW,0.54,Manufacturer unresolved,MANUFACTURER_NAME,'Appliance Dealers Cooperative' is a distributor/co-op (carries 8 brands); the manufacturer of record needs manufacturer evidence,
661,CVE28DP3ND1,CVE28DP3ND1 Cafe Fridge Bk,NEEDS_REVIEW,0.54,Attribute coverage below threshold,__attributes__,14% of the 7 template slots populated,
661,CVE28DP3ND1,CVE28DP3ND1 Cafe Fridge Bk,NEEDS_REVIEW,0.54,Product confidence below publication threshold,,0.54 < 0.62,
662,GNE25JMKES,GNE25JMKES GE Fridge Slate - Display,NEEDS_REVIEW,0.55,Manufacturer unresolved,MANUFACTURER_NAME,'Appliance Dealers Cooperative' is a distributor/co-op (carries 8 brands); the manufacturer of record needs manufacturer evidence,
662,GNE25JMKES,GNE25JMKES GE Fridge Slate - Display,NEEDS_REVIEW,0.55,Attribute coverage below threshold,__attributes__,14% of the 7 template slots populated,
662,GNE25JMKES,GNE25JMKES GE Fridge Slate - Display,NEEDS_REVIEW,0.55,Product confidence below publication threshold,,0.55 < 0.62,
663,PRFS2883AF,"PRFS2883AF 36"" Fridge SS - Display Only",NEEDS_REVIEW,0.43,Manufacturer unresolved,MANUFACTURER_NAME,'Appliance Dealers Cooperative' is a distributor/co-op (carries 8 brands); the manufacturer of record needs manufacturer evidence,
663,PRFS2883AF,"PRFS2883AF 36"" Fridge SS - Display Only",NEEDS_REVIEW,0.43,Brand unresolved,BRAND_NAME,"no brand evidence in feed columns, description or supplier",
663,PRFS2883AF,"PRFS2883AF 36"" Fridge SS - Display Only",NEEDS_REVIEW,0.43,Attribute coverage below threshold,__attributes__,14% of the 7 template slots populated,
663,PRFS2883AF,"PRFS2883AF 36"" Fridge SS - Display Only",NEEDS_REVIEW,0.43,Product confidence below publication threshold,,0.43 < 0.62,
664,PAD28BYTFS,PAD28BYTFS GE Fridge SS,NEEDS_REVIEW,0.54,Manufacturer unresolved,MANUFACTURER_NAME,'Appliance Dealers Cooperative' is a distributor/co-op (carries 8 brands); the manufacturer of record needs manufacturer evidence,
664,PAD28BYTFS,PAD28BYTFS GE Fridge SS,NEEDS_REVIEW,0.54,Attribute coverage below threshold,__attributes__,14% of the 7 template slots populated,
664,PAD28BYTFS,PAD28BYTFS GE Fridge SS,NEEDS_REVIEW,0.54,Product confidence below publication threshold,,0.54 < 0.62,
665,PGE29BYTFS,PGE29BYTFS GE Fridge SS,NEEDS_REVIEW,0.54,Manufacturer unresolved,MANUFACTURER_NAME,'Appliance Dealers Cooperative' is a distributor/co-op (carries 8 brands); the manufacturer of record needs manufacturer evidence,
665,PGE29BYTFS,PGE29BYTFS GE Fridge SS,NEEDS_REVIEW,0.54,Attribute coverage below threshold,__attributes__,14% of the 7 template slots populated,
665,PGE29BYTFS,PGE29BYTFS GE Fridge SS,NEEDS_REVIEW,0.54,Product confidence below publication threshold,,0.54 < 0.62,
666,ERFD19CGCS,ERFD19CGCS Element Fridge SS,NEEDS_REVIEW,0.54,Manufacturer unresolved,MANUFACTURER_NAME,'Appliance Dealers Cooperative' is a distributor/co-op (carries 8 brands); the manufacturer of record needs manufacturer evidence,
666,ERFD19CGCS,ERFD19CGCS Element Fridge SS,NEEDS_REVIEW,0.54,Attribute coverage below threshold,__attributes__,14% of the 7 template slots populated,
666,ERFD19CGCS,ERFD19CGCS Element Fridge SS,NEEDS_REVIEW,0.54,Product confidence below publication threshold,,0.54 < 0.62,
667,LT18S2100W,LT18S2100W LG Fridge Wh,NEEDS_REVIEW,0.54,Manufacturer unresolved,MANUFACTURER_NAME,'Appliance Dealers Cooperative' is a distributor/co-op (carries 8 brands); the manufacturer of record needs manufacturer evidence,
667,LT18S2100W,LT18S2100W LG Fridge Wh,NEEDS_REVIEW,0.54,Attribute coverage below threshold,__attributes__,14% of the 7 template slots populated,
667,LT18S2100W,LT18S2100W LG Fridge Wh,NEEDS_REVIEW,0.54,Product confidence below publication threshold,,0.54 < 0.62,
668,LT18S2100SS,LT18S2100S 18CF LG Fridge SS,NEEDS_REVIEW,0.55,Manufacturer unresolved,MANUFACTURER_NAME,'Appliance Dealers Cooperative' is a distributor/co-op (carries 8 brands); the manufacturer of record needs manufacturer evidence,
668,LT18S2100SS,LT18S2100S 18CF LG Fridge SS,NEEDS_REVIEW,0.55,Product confidence below publication threshold,,0.55 < 0.62,
669,EUF17CDBW,EUF17CDBW Element 17CF Freezer - Upright,NEEDS_REVIEW,0.60,Manufacturer unresolved,MANUFACTURER_NAME,'Appliance Dealers Cooperative' is a distributor/co-op (carries 8 brands); the manufacturer of record needs manufacturer evidence,
669,EUF17CDBW,EUF17CDBW Element 17CF Freezer - Upright,NEEDS_REVIEW,0.60,Product confidence below publication threshold,,0.60 < 0.62,
670,EUF21CDBW,EUF21CDBW Element 21CF Freezer - Upright,NEEDS_REVIEW,0.60,Manufacturer unresolved,MANUFACTURER_NAME,'Appliance Dealers Cooperative' is a distributor/co-op (carries 8 brands); the manufacturer of record needs manufacturer evidence,
670,EUF21CDBW,EUF21CDBW Element 21CF Freezer - Upright,NEEDS_REVIEW,0.60,Product confidence below publication threshold,,0.60 < 0.62,
671,TP-1935,TP-1935 Hole Drilling System,NEEDS_REVIEW,0.03,Classification could not be settled automatically,Classpath,"ambiguous or unmatched; no model available, so the record is flagged for human review rather than guessed",
671,TP-1935,TP-1935 Hole Drilling System,NEEDS_REVIEW,0.03,Manufacturer unresolved,MANUFACTURER_NAME,no brand owner and no direct-manufacturer supplier,
671,TP-1935,TP-1935 Hole Drilling System,NEEDS_REVIEW,0.03,Brand unresolved,BRAND_NAME,"no brand evidence in feed columns, description or supplier",
671,TP-1935,TP-1935 Hole Drilling System,NEEDS_REVIEW,0.03,Product could not be classified,Classpath,no taxonomy leaf matched; generic template applied,
671,TP-1935,TP-1935 Hole Drilling System,NEEDS_REVIEW,0.03,Attribute coverage below threshold,__attributes__,0% of the 5 template slots populated,
671,TP-1935,TP-1935 Hole Drilling System,NEEDS_REVIEW,0.03,Validation error,Classpath,'Classpath' is required for a publishable record,
671,TP-1935,TP-1935 Hole Drilling System,NEEDS_REVIEW,0.03,Product confidence below publication threshold,,0.03 < 0.62,
673,603150,"603150 2-1/2"" Finish Nail 15GA - 4M",NEEDS_REVIEW,0.70,Brand unresolved,BRAND_NAME,"no brand evidence in feed columns, description or supplier",
676,51334,"51334 44"" Wh Gilmour Fan",NEEDS_REVIEW,0.65,Brand unresolved,BRAND_NAME,"no brand evidence in feed columns, description or supplier",
678,52485,"52485 52"" MB Anisten Fan",NEEDS_REVIEW,0.65,Brand unresolved,BRAND_NAME,"no brand evidence in feed columns, description or supplier",
679,52486,"52486 44"" MB Anisten Fan",NEEDS_REVIEW,0.65,Brand unresolved,BRAND_NAME,"no brand evidence in feed columns, description or supplier",
680,52487,"52487 52"" WH Anisten Fan",NEEDS_REVIEW,0.65,Brand unresolved,BRAND_NAME,"no brand evidence in feed columns, description or supplier",
681,52488,"52488 44"" WH Anisten Fan",NEEDS_REVIEW,0.65,Brand unresolved,BRAND_NAME,"no brand evidence in feed columns, description or supplier",
683,59261,"59261 52"" PB Cassius Fan",NEEDS_REVIEW,0.65,Brand unresolved,BRAND_NAME,"no brand evidence in feed columns, description or supplier",
686,HS-DA,HS-DA Motion Driveway Alert,NEEDS_REVIEW,0.26,Classification could not be settled automatically,Classpath,"ambiguous or unmatched; no model available, so the record is flagged for human review rather than guessed",
686,HS-DA,HS-DA Motion Driveway Alert,NEEDS_REVIEW,0.26,Brand unresolved,BRAND_NAME,"no brand evidence in feed columns, description or supplier",
686,HS-DA,HS-DA Motion Driveway Alert,NEEDS_REVIEW,0.26,Product could not be classified,Classpath,no taxonomy leaf matched; generic template applied,
686,HS-DA,HS-DA Motion Driveway Alert,NEEDS_REVIEW,0.26,Attribute coverage below threshold,__attributes__,0% of the 5 template slots populated,
686,HS-DA,HS-DA Motion Driveway Alert,NEEDS_REVIEW,0.26,Validation error,Classpath,'Classpath' is required for a publishable record,
686,HS-DA,HS-DA Motion Driveway Alert,NEEDS_REVIEW,0.26,Product confidence below publication threshold,,0.26 < 0.62,
687,73002252,Black Gate Gravity Latch RDI,NEEDS_REVIEW,0.61,Manufacturer unresolved,MANUFACTURER_NAME,no brand owner and no direct-manufacturer supplier,
687,73002252,Black Gate Gravity Latch RDI,NEEDS_REVIEW,0.61,Product confidence below publication threshold,,0.61 < 0.62,
688,48-22-8396R,48-22-8396R Milw 24oz Bottle - Insulated,NEEDS_REVIEW,0.39,Classification could not be settled automatically,Classpath,"ambiguous or unmatched; no model available, so the record is flagged for human review rather than guessed",
688,48-22-8396R,48-22-8396R Milw 24oz Bottle - Insulated,NEEDS_REVIEW,0.39,Product could not be classified,Classpath,no taxonomy leaf matched; generic template applied,
688,48-22-8396R,48-22-8396R Milw 24oz Bottle - Insulated,NEEDS_REVIEW,0.39,Attribute coverage below threshold,__attributes__,0% of the 5 template slots populated,
688,48-22-8396R,48-22-8396R Milw 24oz Bottle - Insulated,NEEDS_REVIEW,0.39,Validation error,Classpath,'Classpath' is required for a publishable record,
688,48-22-8396R,48-22-8396R Milw 24oz Bottle - Insulated,NEEDS_REVIEW,0.39,Product confidence below publication threshold,,0.39 < 0.62,
689,48-22-8397R,48-22-8397R Milw 36oz Bottle - Insulated,NEEDS_REVIEW,0.39,Classification could not be settled automatically,Classpath,"ambiguous or unmatched; no model available, so the record is flagged for human review rather than guessed",
689,48-22-8397R,48-22-8397R Milw 36oz Bottle - Insulated,NEEDS_REVIEW,0.39,Product could not be classified,Classpath,no taxonomy leaf matched; generic template applied,
689,48-22-8397R,48-22-8397R Milw 36oz Bottle - Insulated,NEEDS_REVIEW,0.39,Attribute coverage below threshold,__attributes__,0% of the 5 template slots populated,
689,48-22-8397R,48-22-8397R Milw 36oz Bottle - Insulated,NEEDS_REVIEW,0.39,Validation error,Classpath,'Classpath' is required for a publishable record,
689,48-22-8397R,48-22-8397R Milw 36oz Bottle - Insulated,NEEDS_REVIEW,0.39,Product confidence below publication threshold,,0.39 < 0.62,
692,DWST41092,"DWST41092 Dewalt Tool Chest 41"" Bottom",NEEDS_REVIEW,0.71,Attribute coverage below threshold,__attributes__,17% of the 6 template slots populated,
694,173950TBK,"4""x8'-6"" DSI SQ Black Alum Post Wrap",NEEDS_REVIEW,0.53,Manufacturer unresolved,MANUFACTURER_NAME,'Palmer Donavin Mfg Company' is a distributor/co-op (carries 4 brands); the manufacturer of record needs manufacturer evidence,
694,173950TBK,"4""x8'-6"" DSI SQ Black Alum Post Wrap",NEEDS_REVIEW,0.53,Brand unresolved,BRAND_NAME,"no brand evidence in feed columns, description or supplier",
694,173950TBK,"4""x8'-6"" DSI SQ Black Alum Post Wrap",NEEDS_REVIEW,0.53,Product confidence below publication threshold,,0.53 < 0.62,
695,173951TBK,"6""x8'-6"" DSI SQ Black Alum Post Wrap",NEEDS_REVIEW,0.53,Manufacturer unresolved,MANUFACTURER_NAME,'Palmer Donavin Mfg Company' is a distributor/co-op (carries 4 brands); the manufacturer of record needs manufacturer evidence,
695,173951TBK,"6""x8'-6"" DSI SQ Black Alum Post Wrap",NEEDS_REVIEW,0.53,Brand unresolved,BRAND_NAME,"no brand evidence in feed columns, description or supplier",
695,173951TBK,"6""x8'-6"" DSI SQ Black Alum Post Wrap",NEEDS_REVIEW,0.53,Product confidence below publication threshold,,0.53 < 0.62,
696,173952TBK,"6""x10' DSI SQ Black Alum Post Wrap",NEEDS_REVIEW,0.52,Manufacturer unresolved,MANUFACTURER_NAME,'Palmer Donavin Mfg Company' is a distributor/co-op (carries 4 brands); the manufacturer of record needs manufacturer evidence,
696,173952TBK,"6""x10' DSI SQ Black Alum Post Wrap",NEEDS_REVIEW,0.52,Brand unresolved,BRAND_NAME,"no brand evidence in feed columns, description or supplier",
696,173952TBK,"6""x10' DSI SQ Black Alum Post Wrap",NEEDS_REVIEW,0.52,Product confidence below publication threshold,,0.52 < 0.62,
697,1624157,TW52 WH INSIDE CAS VIN WRAPPED,NEEDS_REVIEW,0.39,Manufacturer unresolved,MANUFACTURER_NAME,no brand owner and no direct-manufacturer supplier,
697,1624157,TW52 WH INSIDE CAS VIN WRAPPED,NEEDS_REVIEW,0.39,Attribute coverage below threshold,__attributes__,0% of the 6 template slots populated,
697,1624157,TW52 WH INSIDE CAS VIN WRAPPED,NEEDS_REVIEW,0.39,Product confidence below publication threshold,,0.39 < 0.62,
698,40025,40025 TS-54 Wal-Board T-Square 009-008,NEEDS_REVIEW,0.56,Attribute coverage below threshold,__attributes__,0% of the 6 template slots populated,
698,40025,40025 TS-54 Wal-Board T-Square 009-008,NEEDS_REVIEW,0.56,Product confidence below publication threshold,,0.56 < 0.62,
699,48-22-3301,48-22-3301 Milw Mechanical Pencil w/ Lead Pack,NEEDS_REVIEW,0.57,Attribute coverage below threshold,__attributes__,0% of the 6 template slots populated,
699,48-22-3301,48-22-3301 Milw Mechanical Pencil w/ Lead Pack,NEEDS_REVIEW,0.57,Product confidence below publication threshold,,0.57 < 0.62,
700,48-22-3302,48-22-3302 Milw Mechanical Pencil Replacement Lead,NEEDS_REVIEW,0.57,Attribute coverage below threshold,__attributes__,0% of the 6 template slots populated,
700,48-22-3302,48-22-3302 Milw Mechanical Pencil Replacement Lead,NEEDS_REVIEW,0.57,Product confidence below publication threshold,,0.57 < 0.62,
701,48-22-3303,48-22-3303 Milw Mechanical Pencil Replacement Lead-Color,NEEDS_REVIEW,0.57,Attribute coverage below threshold,__attributes__,0% of the 6 template slots populated,
701,48-22-3303,48-22-3303 Milw Mechanical Pencil Replacement Lead-Color,NEEDS_REVIEW,0.57,Product confidence below publication threshold,,0.57 < 0.62,
705,XB11PCVS,XB11PCVS Edge Safety Glasses - Photochromic Lense,NEEDS_REVIEW,0.75,Attribute coverage below threshold,__attributes__,20% of the 5 template slots populated,
712,FE-EFX-6L,FEEFX6L Lith Fire Extinguisher,NEEDS_REVIEW,0.64,Brand unresolved,BRAND_NAME,"no brand evidence in feed columns, description or supplier",
712,FE-EFX-6L,FEEFX6L Lith Fire Extinguisher,NEEDS_REVIEW,0.64,Attribute coverage below threshold,__attributes__,20% of the 5 template slots populated,
713,FE-EFX-9L,FEEFX9L Lith Fire Extinguisher,NEEDS_REVIEW,0.64,Brand unresolved,BRAND_NAME,"no brand evidence in feed columns, description or supplier",
713,FE-EFX-9L,FEEFX9L Lith Fire Extinguisher,NEEDS_REVIEW,0.64,Attribute coverage below threshold,__attributes__,20% of the 5 template slots populated,
714,1046793,1046793 Smoke & CO Alarm,NEEDS_REVIEW,0.80,Attribute coverage below threshold,__attributes__,20% of the 5 template slots populated,
715,1046870,1046870 Smoke & CO Alarm,NEEDS_REVIEW,0.80,Attribute coverage below threshold,__attributes__,20% of the 5 template slots populated,
720,MWUG42010124,UTW Pro Heated Glove Blk XS,NEEDS_REVIEW,0.69,Brand unresolved,BRAND_NAME,"no brand evidence in feed columns, description or supplier",
721,MWUG42010224,UTW Pro Heated Glove Blk SM,NEEDS_REVIEW,0.69,Brand unresolved,BRAND_NAME,"no brand evidence in feed columns, description or supplier",
722,MWUG42010324,UTW Pro Heated Glove Blk MD,NEEDS_REVIEW,0.69,Brand unresolved,BRAND_NAME,"no brand evidence in feed columns, description or supplier",
723,MWUG42010424,UTW Pro Heated Glove Blk LG,NEEDS_REVIEW,0.69,Brand unresolved,BRAND_NAME,"no brand evidence in feed columns, description or supplier",
724,MWUG42010524,UTW Pro Heated Glove Blk XL,NEEDS_REVIEW,0.69,Brand unresolved,BRAND_NAME,"no brand evidence in feed columns, description or supplier",
725,MWUG42010624,UTW Pro Heated Glove Blk 2X,NEEDS_REVIEW,0.69,Brand unresolved,BRAND_NAME,"no brand evidence in feed columns, description or supplier",
726,MWUG36010225,MWUG36010225 BLK SM Aerial Snow Heated Glove,NEEDS_REVIEW,0.69,Brand unresolved,BRAND_NAME,"no brand evidence in feed columns, description or supplier",
727,MWUG36010325,MWUG36010325 BLK MD Aerial Snow Heated Glove,NEEDS_REVIEW,0.69,Brand unresolved,BRAND_NAME,"no brand evidence in feed columns, description or supplier",
728,MWUG36010425,MWUG36010425 BLK LG Aerial Snow Heated Glove,NEEDS_REVIEW,0.69,Brand unresolved,BRAND_NAME,"no brand evidence in feed columns, description or supplier",
729,MWUG36010525,MWUG36010525 BLK XL Aerial Snow Heated Glove,NEEDS_REVIEW,0.69,Brand unresolved,BRAND_NAME,"no brand evidence in feed columns, description or supplier",
730,MWUG36010625,MWUG36010625 BLK 2X Aerial Snow Heated Glove,NEEDS_REVIEW,0.69,Brand unresolved,BRAND_NAME,"no brand evidence in feed columns, description or supplier",
731,DPG15,DPG15 Dewalt AM/FM Hearing Protector,NEEDS_REVIEW,0.76,Attribute coverage below threshold,__attributes__,20% of the 5 template slots populated,
740,48-11-2330,48-11-2330 Milw Heated Gear Power Source,NEEDS_REVIEW,0.39,Classification could not be settled automatically,Classpath,"ambiguous or unmatched; no model available, so the record is flagged for human review rather than guessed",
740,48-11-2330,48-11-2330 Milw Heated Gear Power Source,NEEDS_REVIEW,0.39,Product could not be classified,Classpath,no taxonomy leaf matched; generic template applied,
740,48-11-2330,48-11-2330 Milw Heated Gear Power Source,NEEDS_REVIEW,0.39,Attribute coverage below threshold,__attributes__,0% of the 5 template slots populated,
740,48-11-2330,48-11-2330 Milw Heated Gear Power Source,NEEDS_REVIEW,0.39,Validation error,Classpath,'Classpath' is required for a publishable record,
740,48-11-2330,48-11-2330 Milw Heated Gear Power Source,NEEDS_REVIEW,0.39,Product confidence below publication threshold,,0.39 < 0.62,
741,DCBP250C,DCBP520C Dewalt Starter Kit,NEEDS_REVIEW,0.80,Attribute coverage below threshold,__attributes__,20% of the 5 template slots populated,
742,5328,5328 Lg. Leather Phone Holster - Clip-on,NEEDS_REVIEW,0.24,Manufacturer unresolved,MANUFACTURER_NAME,no brand owner and no direct-manufacturer supplier,
742,5328,5328 Lg. Leather Phone Holster - Clip-on,NEEDS_REVIEW,0.24,Brand unresolved,BRAND_NAME,"no brand evidence in feed columns, description or supplier",
742,5328,5328 Lg. Leather Phone Holster - Clip-on,NEEDS_REVIEW,0.24,Attribute coverage below threshold,__attributes__,0% of the 6 template slots populated,
742,5328,5328 Lg. Leather Phone Holster - Clip-on,NEEDS_REVIEW,0.24,Product confidence below publication threshold,,0.24 < 0.62,
743,3200-20,3200-20 Milw Voltage Detector,NEEDS_REVIEW,0.57,Attribute coverage below threshold,__attributes__,0% of the 6 template slots populated,
743,3200-20,3200-20 Milw Voltage Detector,NEEDS_REVIEW,0.57,Product confidence below publication threshold,,0.57 < 0.62,
744,3202-20,3202-20 Milw Voltage Detector w/ LED,NEEDS_REVIEW,0.55,Attribute coverage below threshold,__attributes__,0% of the 6 template slots populated,
744,3202-20,3202-20 Milw Voltage Detector w/ LED,NEEDS_REVIEW,0.55,Product confidence below publication threshold,,0.55 < 0.62,
745,3203-20,3203-20 Milw Dual Range Voltage Detector w/ LED,NEEDS_REVIEW,0.55,Attribute coverage below threshold,__attributes__,0% of the 6 template slots populated,
745,3203-20,3203-20 Milw Dual Range Voltage Detector w/ LED,NEEDS_REVIEW,0.55,Product confidence below publication threshold,,0.55 < 0.62,
746,BC-12300,"BC-12300 BigCal 12""/300mm",NEEDS_REVIEW,0.70,Attribute coverage below threshold,__attributes__,17% of the 6 template slots populated,
747,BC-24600,"BC-24600 BigCal 24""/600mm",NEEDS_REVIEW,0.70,Attribute coverage below threshold,__attributes__,17% of the 6 template slots populated,
748,DW08302CG,DW08302CG Dewalt Laser - Green 3 Spot,NEEDS_REVIEW,0.61,Attribute coverage below threshold,__attributes__,0% of the 6 template slots populated,
748,DW08302CG,DW08302CG Dewalt Laser - Green 3 Spot,NEEDS_REVIEW,0.61,Product confidence below publication threshold,,0.61 < 0.62,
749,GCL165-42GL,GCL165--42GL Cross Line Laser,NEEDS_REVIEW,0.44,Brand unresolved,BRAND_NAME,"no brand evidence in feed columns, description or supplier",
749,GCL165-42GL,GCL165--42GL Cross Line Laser,NEEDS_REVIEW,0.44,Attribute coverage below threshold,__attributes__,0% of the 6 template slots populated,
749,GCL165-42GL,GCL165--42GL Cross Line Laser,NEEDS_REVIEW,0.44,Product confidence below publication threshold,,0.44 < 0.62,
750,DW08802CG,DW08802CG Dewalt Laser Green - Self-Level Cross Line,NEEDS_REVIEW,0.61,Attribute coverage below threshold,__attributes__,0% of the 6 template slots populated,
750,DW08802CG,DW08802CG Dewalt Laser Green - Self-Level Cross Line,NEEDS_REVIEW,0.61,Product confidence below publication threshold,,0.61 < 0.62,
751,DW088CG,DW088CG Dewalt Laser - Green Cross Line,NEEDS_REVIEW,0.61,Attribute coverage below threshold,__attributes__,0% of the 6 template slots populated,
751,DW088CG,DW088CG Dewalt Laser - Green Cross Line,NEEDS_REVIEW,0.61,Product confidence below publication threshold,,0.61 < 0.62,
752,DW089CG,DW089CG Dewalt Laser Level - 3 Line 30ft Range,NEEDS_REVIEW,0.60,Attribute coverage below threshold,__attributes__,0% of the 7 template slots populated,
752,DW089CG,DW089CG Dewalt Laser Level - 3 Line 30ft Range,NEEDS_REVIEW,0.60,Product confidence below publication threshold,,0.60 < 0.62,
753,DCLE34520GB,DCLE34520GB Dewalt Laser 20V - Cross Line 5 Spot (Bare),NEEDS_REVIEW,0.61,Attribute coverage below threshold,__attributes__,0% of the 6 template slots populated,
753,DCLE34520GB,DCLE34520GB Dewalt Laser 20V - Cross Line 5 Spot (Bare),NEEDS_REVIEW,0.61,Product confidence below publication threshold,,0.61 < 0.62,
754,DCLE34031B,DCLE34031B Dewalt Line Laser - 20V Self-Leveling (Bare),NEEDS_REVIEW,0.61,Attribute coverage below threshold,__attributes__,0% of the 6 template slots populated,
754,DCLE34031B,DCLE34031B Dewalt Line Laser - 20V Self-Leveling (Bare),NEEDS_REVIEW,0.61,Product confidence below publication threshold,,0.61 < 0.62,
755,DW0822CG,DW0822CG Dewalt Cross Line - Plumb Spots Laser-Green,NEEDS_REVIEW,0.61,Attribute coverage below threshold,__attributes__,0% of the 6 template slots populated,
755,DW0822CG,DW0822CG Dewalt Cross Line - Plumb Spots Laser-Green,NEEDS_REVIEW,0.61,Product confidence below publication threshold,,0.61 < 0.62,
756,25459,25459 Mason Line Brd Orange - 500',NEEDS_REVIEW,0.44,Brand unresolved,BRAND_NAME,"no brand evidence in feed columns, description or supplier",
756,25459,25459 Mason Line Brd Orange - 500',NEEDS_REVIEW,0.44,Attribute coverage below threshold,__attributes__,0% of the 6 template slots populated,
756,25459,25459 Mason Line Brd Orange - 500',NEEDS_REVIEW,0.44,Product confidence below publication threshold,,0.44 < 0.62,
757,35459,35459 Mason Line Brd Orange - 500' Replacement,NEEDS_REVIEW,0.44,Brand unresolved,BRAND_NAME,"no brand evidence in feed columns, description or supplier",
757,35459,35459 Mason Line Brd Orange - 500' Replacement,NEEDS_REVIEW,0.44,Attribute coverage below threshold,__attributes__,0% of the 6 template slots populated,
757,35459,35459 Mason Line Brd Orange - 500' Replacement,NEEDS_REVIEW,0.44,Product confidence below publication threshold,,0.44 < 0.62,
758,25759,25759 Mason Line Brd Orange - 1000',NEEDS_REVIEW,0.44,Brand unresolved,BRAND_NAME,"no brand evidence in feed columns, description or supplier",
758,25759,25759 Mason Line Brd Orange - 1000',NEEDS_REVIEW,0.44,Attribute coverage below threshold,__attributes__,0% of the 6 template slots populated,
758,25759,25759 Mason Line Brd Orange - 1000',NEEDS_REVIEW,0.44,Product confidence below publication threshold,,0.44 < 0.62,
759,35112,35112 Mason Line Twist Yellow - 270',NEEDS_REVIEW,0.44,Brand unresolved,BRAND_NAME,"no brand evidence in feed columns, description or supplier",
759,35112,35112 Mason Line Twist Yellow - 270',NEEDS_REVIEW,0.44,Attribute coverage below threshold,__attributes__,0% of the 6 template slots populated,
759,35112,35112 Mason Line Twist Yellow - 270',NEEDS_REVIEW,0.44,Product confidence below publication threshold,,0.44 < 0.62,
760,35115,35115 Mason Line Twist Green - 270',NEEDS_REVIEW,0.44,Brand unresolved,BRAND_NAME,"no brand evidence in feed columns, description or supplier",
760,35115,35115 Mason Line Twist Green - 270',NEEDS_REVIEW,0.44,Attribute coverage below threshold,__attributes__,0% of the 6 template slots populated,
760,35115,35115 Mason Line Twist Green - 270',NEEDS_REVIEW,0.44,Product confidence below publication threshold,,0.44 < 0.62,
761,25168,25168 Mason Line Brd Green - 250',NEEDS_REVIEW,0.61,Attribute coverage below threshold,__attributes__,0% of the 6 template slots populated,
761,25168,25168 Mason Line Brd Green - 250',NEEDS_REVIEW,0.61,Product confidence below publication threshold,,0.61 < 0.62,
762,35468,35468 Mason Line Brd Green - 500' Replacement,NEEDS_REVIEW,0.44,Brand unresolved,BRAND_NAME,"no brand evidence in feed columns, description or supplier",
762,35468,35468 Mason Line Brd Green - 500' Replacement,NEEDS_REVIEW,0.44,Attribute coverage below threshold,__attributes__,0% of the 6 template slots populated,
762,35468,35468 Mason Line Brd Green - 500' Replacement,NEEDS_REVIEW,0.44,Product confidence below publication threshold,,0.44 < 0.62,
763,35494,35494 Mason Line Brd Blk/Yellw - 500' Replacement,NEEDS_REVIEW,0.44,Brand unresolved,BRAND_NAME,"no brand evidence in feed columns, description or supplier",
763,35494,35494 Mason Line Brd Blk/Yellw - 500' Replacement,NEEDS_REVIEW,0.44,Attribute coverage below threshold,__attributes__,0% of the 6 template slots populated,
763,35494,35494 Mason Line Brd Blk/Yellw - 500' Replacement,NEEDS_REVIEW,0.44,Product confidence below publication threshold,,0.44 < 0.62,
764,MLSQ0120,"MLSQ0120 Milw 12"" RafterSquare",NEEDS_REVIEW,0.71,Attribute coverage below threshold,__attributes__,17% of the 6 template slots populated,
765,MLSQ1120,MLSQ1120 Milw 300mm Rafter - Square (Metric),NEEDS_REVIEW,0.57,Attribute coverage below threshold,__attributes__,0% of the 6 template slots populated,
765,MLSQ1120,MLSQ1120 Milw 300mm Rafter - Square (Metric),NEEDS_REVIEW,0.57,Product confidence below publication threshold,,0.57 < 0.62,
767,37300952,"095842 Fisch Plug Cutter 3/8""",NEEDS_REVIEW,0.43,Manufacturer unresolved,MANUFACTURER_NAME,no brand owner and no direct-manufacturer supplier,
767,37300952,"095842 Fisch Plug Cutter 3/8""",NEEDS_REVIEW,0.43,Brand unresolved,BRAND_NAME,"no brand evidence in feed columns, description or supplier",
767,37300952,"095842 Fisch Plug Cutter 3/8""",NEEDS_REVIEW,0.43,Product confidence below publication threshold,,0.43 < 0.62,
768,6008,6008 Whiteside Router Bit,NEEDS_REVIEW,0.78,Attribute coverage below threshold,__attributes__,17% of the 6 template slots populated,
769,6009,6009 Whiteside Router Bit,NEEDS_REVIEW,0.78,Attribute coverage below threshold,__attributes__,17% of the 6 template slots populated,
770,3000A,3000A Whiteside Router Bit,NEEDS_REVIEW,0.78,Attribute coverage below threshold,__attributes__,17% of the 6 template slots populated,
771,MID6630201US,MID6630201US Deos663XCV Sander,NEEDS_REVIEW,0.26,Classification could not be settled automatically,Classpath,"ambiguous or unmatched; no model available, so the record is flagged for human review rather than guessed",
771,MID6630201US,MID6630201US Deos663XCV Sander,NEEDS_REVIEW,0.26,Brand unresolved,BRAND_NAME,"no brand evidence in feed columns, description or supplier",
771,MID6630201US,MID6630201US Deos663XCV Sander,NEEDS_REVIEW,0.26,Product could not be classified,Classpath,no taxonomy leaf matched; generic template applied,
771,MID6630201US,MID6630201US Deos663XCV Sander,NEEDS_REVIEW,0.26,Attribute coverage below threshold,__attributes__,0% of the 5 template slots populated,
771,MID6630201US,MID6630201US Deos663XCV Sander,NEEDS_REVIEW,0.26,Validation error,Classpath,'Classpath' is required for a publishable record,
771,MID6630201US,MID6630201US Deos663XCV Sander,NEEDS_REVIEW,0.26,Product confidence below publication threshold,,0.26 < 0.62,
772,DCF6202,DCF6202 Dewalt Collated Attach,NEEDS_REVIEW,0.61,Attribute coverage below threshold,__attributes__,0% of the 6 template slots populated,
772,DCF6202,DCF6202 Dewalt Collated Attach,NEEDS_REVIEW,0.61,Product confidence below publication threshold,,0.61 < 0.62,
773,25468,25468 Mason Line Brd Green - 500',NEEDS_REVIEW,0.44,Brand unresolved,BRAND_NAME,"no brand evidence in feed columns, description or supplier",
773,25468,25468 Mason Line Brd Green - 500',NEEDS_REVIEW,0.44,Attribute coverage below threshold,__attributes__,0% of the 6 template slots populated,
773,25468,25468 Mason Line Brd Green - 500',NEEDS_REVIEW,0.44,Product confidence below publication threshold,,0.44 < 0.62,
774,25762,25762 Mason Line Brd Pink - 1000',NEEDS_REVIEW,0.44,Brand unresolved,BRAND_NAME,"no brand evidence in feed columns, description or supplier",
774,25762,25762 Mason Line Brd Pink - 1000',NEEDS_REVIEW,0.44,Attribute coverage below threshold,__attributes__,0% of the 6 template slots populated,
774,25762,25762 Mason Line Brd Pink - 1000',NEEDS_REVIEW,0.44,Product confidence below publication threshold,,0.44 < 0.62,
775,21839NN,"21839NN File Bstd Mill 10""",NEEDS_REVIEW,0.54,Manufacturer unresolved,MANUFACTURER_NAME,no brand owner and no direct-manufacturer supplier,
775,21839NN,"21839NN File Bstd Mill 10""",NEEDS_REVIEW,0.54,Attribute coverage below threshold,__attributes__,17% of the 6 template slots populated,
775,21839NN,"21839NN File Bstd Mill 10""",NEEDS_REVIEW,0.54,Product confidence below publication threshold,,0.54 < 0.62,
776,VN56920,"VN56920 10 1/2"" Saw Blade",NEEDS_REVIEW,0.67,Brand unresolved,BRAND_NAME,"no brand evidence in feed columns, description or supplier",
777,133164,133164 950/9 Hex Plus Spks - Multicolor,NEEDS_REVIEW,0.44,Brand unresolved,BRAND_NAME,"no brand evidence in feed columns, description or supplier",
777,133164,133164 950/9 Hex Plus Spks - Multicolor,NEEDS_REVIEW,0.44,Attribute coverage below threshold,__attributes__,0% of the 6 template slots populated,
777,133164,133164 950/9 Hex Plus Spks - Multicolor,NEEDS_REVIEW,0.44,Product confidence below publication threshold,,0.44 < 0.62,
778,DWHT10993,DWHT10993 Folding Knife,NEEDS_REVIEW,0.61,Attribute coverage below threshold,__attributes__,0% of the 6 template slots populated,
778,DWHT10993,DWHT10993 Folding Knife,NEEDS_REVIEW,0.61,Product confidence below publication threshold,,0.61 < 0.62,
779,DWHT10994,DWHT10994 Folding Knife,NEEDS_REVIEW,0.61,Attribute coverage below threshold,__attributes__,0% of the 6 template slots populated,
779,DWHT10994,DWHT10994 Folding Knife,NEEDS_REVIEW,0.61,Product confidence below publication threshold,,0.61 < 0.62,
780,QB22RU,QB22RU Vessel Carrying Bit Holder (Red),NEEDS_REVIEW,0.73,Attribute coverage below threshold,__attributes__,17% of the 6 template slots populated,
781,QB22KU,QB22KU Vessel Carrying Bit Holder (Black),NEEDS_REVIEW,0.73,Attribute coverage below threshold,__attributes__,17% of the 6 template slots populated,
782,AVM6EV,AVM6 EV Mini Snip Red,NEEDS_REVIEW,0.44,Brand unresolved,BRAND_NAME,"no brand evidence in feed columns, description or supplier",
782,AVM6EV,AVM6 EV Mini Snip Red,NEEDS_REVIEW,0.44,Attribute coverage below threshold,__attributes__,0% of the 6 template slots populated,
782,AVM6EV,AVM6 EV Mini Snip Red,NEEDS_REVIEW,0.44,Product confidence below publication threshold,,0.44 < 0.62,
783,AVM6EV,AVM7 EV Mini Snip Green,NEEDS_REVIEW,0.44,Brand unresolved,BRAND_NAME,"no brand evidence in feed columns, description or supplier",
783,AVM6EV,AVM7 EV Mini Snip Green,NEEDS_REVIEW,0.44,Attribute coverage below threshold,__attributes__,0% of the 6 template slots populated,
783,AVM6EV,AVM7 EV Mini Snip Green,NEEDS_REVIEW,0.44,Product confidence below publication threshold,,0.44 < 0.62,
787,42-04-9107,"42-04-9107 Milw 3/8"" Drive Universal Joint",NEEDS_REVIEW,0.71,Attribute coverage below threshold,__attributes__,17% of the 6 template slots populated,
788,48-22-9491,48-22-9491 Milw 242pc Ratchet & Socket Set 4-Drawer Tool Box,NEEDS_REVIEW,0.73,Attribute coverage below threshold,__attributes__,17% of the 6 template slots populated,
791,48-22-9483,48-22-9483 Milw Packout 15pc - Metric Wrench Set,NEEDS_REVIEW,0.73,Attribute coverage below threshold,__attributes__,17% of the 6 template slots populated,
792,48-22-9484,48-22-9484 Milw Packout 15pc - SAE Wrench Set,NEEDS_REVIEW,0.73,Attribute coverage below threshold,__attributes__,17% of the 6 template slots populated,
793,48-22-9485,48-22-9485 Milw Packout 30pc - Metric & SAE Wrench Set,NEEDS_REVIEW,0.73,Attribute coverage below threshold,__attributes__,17% of the 6 template slots populated,
794,48-44-2770,48-44-2770 Milw Pole Pruning - Shears Replacement Blade,NEEDS_REVIEW,0.39,Classification could not be settled automatically,Classpath,"ambiguous or unmatched; no model available, so the record is flagged for human review rather than guessed",
794,48-44-2770,48-44-2770 Milw Pole Pruning - Shears Replacement Blade,NEEDS_REVIEW,0.39,Product could not be classified,Classpath,no taxonomy leaf matched; generic template applied,
794,48-44-2770,48-44-2770 Milw Pole Pruning - Shears Replacement Blade,NEEDS_REVIEW,0.39,Attribute coverage below threshold,__attributes__,0% of the 5 template slots populated,
794,48-44-2770,48-44-2770 Milw Pole Pruning - Shears Replacement Blade,NEEDS_REVIEW,0.39,Validation error,Classpath,'Classpath' is required for a publishable record,
794,48-44-2770,48-44-2770 Milw Pole Pruning - Shears Replacement Blade,NEEDS_REVIEW,0.39,Product confidence below publication threshold,,0.39 < 0.62,
795,IWHT48441RC,IWHT48441RC Irwin 100ft - Red Chalk & Reel Set,NEEDS_REVIEW,0.61,Attribute coverage below threshold,__attributes__,0% of the 6 template slots populated,
795,IWHT48441RC,IWHT48441RC Irwin 100ft - Red Chalk & Reel Set,NEEDS_REVIEW,0.61,Product confidence below publication threshold,,0.61 < 0.62,
797,XRU15PT1,XRU15PT1 Makita String Trimmer,NEEDS_REVIEW,0.75,Attribute coverage below threshold,__attributes__,17% of the 6 template slots populated,
798,XRU23Z,XRU23Z Makita 18V Trimmer Tool - Only,NEEDS_REVIEW,0.38,Classification could not be settled automatically,Classpath,"ambiguous or unmatched; no model available, so the record is flagged for human review rather than guessed",
798,XRU23Z,XRU23Z Makita 18V Trimmer Tool - Only,NEEDS_REVIEW,0.38,Product could not be classified,Classpath,no taxonomy leaf matched; generic template applied,
798,XRU23Z,XRU23Z Makita 18V Trimmer Tool - Only,NEEDS_REVIEW,0.38,Attribute coverage below threshold,__attributes__,0% of the 5 template slots populated,
798,XRU23Z,XRU23Z Makita 18V Trimmer Tool - Only,NEEDS_REVIEW,0.38,Validation error,Classpath,'Classpath' is required for a publishable record,
798,XRU23Z,XRU23Z Makita 18V Trimmer Tool - Only,NEEDS_REVIEW,0.38,Product confidence below publication threshold,,0.38 < 0.62,
803,9A-219-180,9A-219-180 Abranet 4x6x6,NEEDS_REVIEW,0.75,Attribute coverage below threshold,__attributes__,20% of the 5 template slots populated,
804,9A-219-120RP,9A-219-120RP Abranet 4x6x6,NEEDS_REVIEW,0.75,Attribute coverage below threshold,__attributes__,20% of the 5 template slots populated,
808,D25333K,D25333K Dewalt Hammer Drill,NEEDS_REVIEW,0.80,Attribute coverage below threshold,__attributes__,17% of the 6 template slots populated,
809,DCD803B,DCD803B Dewalt Multi-Head Drill Driver,NEEDS_REVIEW,0.79,Attribute coverage below threshold,__attributes__,17% of the 6 template slots populated,
814,DCD799B,DCD799B Dewalt Drill,NEEDS_REVIEW,0.76,Attribute coverage below threshold,__attributes__,17% of the 6 template slots populated,
815,58006,58006 Voyager Drill Press,NEEDS_REVIEW,0.64,Brand unresolved,BRAND_NAME,"no brand evidence in feed columns, description or supplier",
815,58006,58006 Voyager Drill Press,NEEDS_REVIEW,0.64,Attribute coverage below threshold,__attributes__,17% of the 6 template slots populated,
818,918200,918200 Paslode CT200S24 18Ga ST Brad Nailer,NEEDS_REVIEW,0.75,Attribute coverage below threshold,__attributes__,17% of the 6 template slots populated,
825,XNB07Z,XNB07Z Makita 18V LXT BL 30 Nailer (Bare),NEEDS_REVIEW,0.38,Classification could not be settled automatically,Classpath,"ambiguous or unmatched; no model available, so the record is flagged for human review rather than guessed",
825,XNB07Z,XNB07Z Makita 18V LXT BL 30 Nailer (Bare),NEEDS_REVIEW,0.38,Product could not be classified,Classpath,no taxonomy leaf matched; generic template applied,
825,XNB07Z,XNB07Z Makita 18V LXT BL 30 Nailer (Bare),NEEDS_REVIEW,0.38,Attribute coverage below threshold,__attributes__,0% of the 5 template slots populated,
825,XNB07Z,XNB07Z Makita 18V LXT BL 30 Nailer (Bare),NEEDS_REVIEW,0.38,Validation error,Classpath,'Classpath' is required for a publishable record,
825,XNB07Z,XNB07Z Makita 18V LXT BL 30 Nailer (Bare),NEEDS_REVIEW,0.38,Product confidence below publication threshold,,0.38 < 0.62,
826,DZN930,DZN930 Dewalt 30 Degree - Framing Magazine,NEEDS_REVIEW,0.39,Classification could not be settled automatically,Classpath,"ambiguous or unmatched; no model available, so the record is flagged for human review rather than guessed",
826,DZN930,DZN930 Dewalt 30 Degree - Framing Magazine,NEEDS_REVIEW,0.39,Product could not be classified,Classpath,no taxonomy leaf matched; generic template applied,
826,DZN930,DZN930 Dewalt 30 Degree - Framing Magazine,NEEDS_REVIEW,0.39,Attribute coverage below threshold,__attributes__,0% of the 5 template slots populated,
826,DZN930,DZN930 Dewalt 30 Degree - Framing Magazine,NEEDS_REVIEW,0.39,Validation error,Classpath,'Classpath' is required for a publishable record,
826,DZN930,DZN930 Dewalt 30 Degree - Framing Magazine,NEEDS_REVIEW,0.39,Product confidence below publication threshold,,0.39 < 0.62,
827,220USB25U,220USB25U Vessel Screwdriver w/25pc Bit Set,NEEDS_REVIEW,0.70,Attribute coverage below threshold,__attributes__,17% of the 6 template slots populated,
828,XRF03Z,XRF03Z Makita 18V Screwdriver - Autofeed,NEEDS_REVIEW,0.38,Classification could not be settled automatically,Classpath,"ambiguous or unmatched; no model available, so the record is flagged for human review rather than guessed",
828,XRF03Z,XRF03Z Makita 18V Screwdriver - Autofeed,NEEDS_REVIEW,0.38,Product could not be classified,Classpath,no taxonomy leaf matched; generic template applied,
828,XRF03Z,XRF03Z Makita 18V Screwdriver - Autofeed,NEEDS_REVIEW,0.38,Attribute coverage below threshold,__attributes__,0% of the 5 template slots populated,
828,XRF03Z,XRF03Z Makita 18V Screwdriver - Autofeed,NEEDS_REVIEW,0.38,Validation error,Classpath,'Classpath' is required for a publishable record,
828,XRF03Z,XRF03Z Makita 18V Screwdriver - Autofeed,NEEDS_REVIEW,0.38,Product confidence below publication threshold,,0.38 < 0.62,
829,220USBP5U,220USBP5U Vessel Screwdriver Plus w/5pc Bit Set,NEEDS_REVIEW,0.70,Attribute coverage below threshold,__attributes__,17% of the 6 template slots populated,
862,2761-20,"2761-20 Milw M18 1/4"" Hex Hydraulic Driver",NEEDS_REVIEW,0.39,Classification could not be settled automatically,Classpath,"ambiguous or unmatched; no model available, so the record is flagged for human review rather than guessed",
862,2761-20,"2761-20 Milw M18 1/4"" Hex Hydraulic Driver",NEEDS_REVIEW,0.39,Product could not be classified,Classpath,no taxonomy leaf matched; generic template applied,
862,2761-20,"2761-20 Milw M18 1/4"" Hex Hydraulic Driver",NEEDS_REVIEW,0.39,Attribute coverage below threshold,__attributes__,0% of the 5 template slots populated,
862,2761-20,"2761-20 Milw M18 1/4"" Hex Hydraulic Driver",NEEDS_REVIEW,0.39,Validation error,Classpath,'Classpath' is required for a publishable record,
862,2761-20,"2761-20 Milw M18 1/4"" Hex Hydraulic Driver",NEEDS_REVIEW,0.39,Product confidence below publication threshold,,0.39 < 0.62,
863,2761-22,2761-22 Milw M18 Surge Kit,NEEDS_REVIEW,0.39,Classification could not be settled automatically,Classpath,"ambiguous or unmatched; no model available, so the record is flagged for human review rather than guessed",
863,2761-22,2761-22 Milw M18 Surge Kit,NEEDS_REVIEW,0.39,Product could not be classified,Classpath,no taxonomy leaf matched; generic template applied,
863,2761-22,2761-22 Milw M18 Surge Kit,NEEDS_REVIEW,0.39,Attribute coverage below threshold,__attributes__,0% of the 5 template slots populated,
863,2761-22,2761-22 Milw M18 Surge Kit,NEEDS_REVIEW,0.39,Validation error,Classpath,'Classpath' is required for a publishable record,
863,2761-22,2761-22 Milw M18 Surge Kit,NEEDS_REVIEW,0.39,Product confidence below publication threshold,,0.39 < 0.62,
869,DCF961B,"Dewalt DCF961B 20V 1/2"" Impact - Bare Tool",NEEDS_REVIEW,0.43,Classification could not be settled automatically,Classpath,"ambiguous or unmatched; no model available, so the record is flagged for human review rather than guessed",
869,DCF961B,"Dewalt DCF961B 20V 1/2"" Impact - Bare Tool",NEEDS_REVIEW,0.43,Product could not be classified,Classpath,no taxonomy leaf matched; generic template applied,
869,DCF961B,"Dewalt DCF961B 20V 1/2"" Impact - Bare Tool",NEEDS_REVIEW,0.43,Attribute coverage below threshold,__attributes__,0% of the 5 template slots populated,
869,DCF961B,"Dewalt DCF961B 20V 1/2"" Impact - Bare Tool",NEEDS_REVIEW,0.43,Validation error,Classpath,'Classpath' is required for a publishable record,
869,DCF961B,"Dewalt DCF961B 20V 1/2"" Impact - Bare Tool",NEEDS_REVIEW,0.43,Product confidence below publication threshold,,0.43 < 0.62,
872,DCF921P2,DCF921P2 Dewalt 20V 1/2 Impact,NEEDS_REVIEW,0.39,Classification could not be settled automatically,Classpath,"ambiguous or unmatched; no model available, so the record is flagged for human review rather than guessed",
872,DCF921P2,DCF921P2 Dewalt 20V 1/2 Impact,NEEDS_REVIEW,0.39,Product could not be classified,Classpath,no taxonomy leaf matched; generic template applied,
872,DCF921P2,DCF921P2 Dewalt 20V 1/2 Impact,NEEDS_REVIEW,0.39,Attribute coverage below threshold,__attributes__,0% of the 5 template slots populated,
872,DCF921P2,DCF921P2 Dewalt 20V 1/2 Impact,NEEDS_REVIEW,0.39,Validation error,Classpath,'Classpath' is required for a publishable record,
872,DCF921P2,DCF921P2 Dewalt 20V 1/2 Impact,NEEDS_REVIEW,0.39,Product confidence below publication threshold,,0.39 < 0.62,
873,XLT03Z,"XLT03Z Makita 3/8"" 18V Angle Impact",NEEDS_REVIEW,0.38,Classification could not be settled automatically,Classpath,"ambiguous or unmatched; no model available, so the record is flagged for human review rather than guessed",
873,XLT03Z,"XLT03Z Makita 3/8"" 18V Angle Impact",NEEDS_REVIEW,0.38,Product could not be classified,Classpath,no taxonomy leaf matched; generic template applied,
873,XLT03Z,"XLT03Z Makita 3/8"" 18V Angle Impact",NEEDS_REVIEW,0.38,Attribute coverage below threshold,__attributes__,0% of the 5 template slots populated,
873,XLT03Z,"XLT03Z Makita 3/8"" 18V Angle Impact",NEEDS_REVIEW,0.38,Validation error,Classpath,'Classpath' is required for a publishable record,
873,XLT03Z,"XLT03Z Makita 3/8"" 18V Angle Impact",NEEDS_REVIEW,0.38,Product confidence below publication threshold,,0.38 < 0.62,
874,XLT04Z,"XLT04Z Makita 1/4"" 18V Angle Impact",NEEDS_REVIEW,0.38,Classification could not be settled automatically,Classpath,"ambiguous or unmatched; no model available, so the record is flagged for human review rather than guessed",
874,XLT04Z,"XLT04Z Makita 1/4"" 18V Angle Impact",NEEDS_REVIEW,0.38,Product could not be classified,Classpath,no taxonomy leaf matched; generic template applied,
874,XLT04Z,"XLT04Z Makita 1/4"" 18V Angle Impact",NEEDS_REVIEW,0.38,Attribute coverage below threshold,__attributes__,0% of the 5 template slots populated,
874,XLT04Z,"XLT04Z Makita 1/4"" 18V Angle Impact",NEEDS_REVIEW,0.38,Validation error,Classpath,'Classpath' is required for a publishable record,
874,XLT04Z,"XLT04Z Makita 1/4"" 18V Angle Impact",NEEDS_REVIEW,0.38,Product confidence below publication threshold,,0.38 < 0.62,
875,XLT05Z,"XLT05Z Makita 1/2"" 18V Angle Impact",NEEDS_REVIEW,0.38,Classification could not be settled automatically,Classpath,"ambiguous or unmatched; no model available, so the record is flagged for human review rather than guessed",
875,XLT05Z,"XLT05Z Makita 1/2"" 18V Angle Impact",NEEDS_REVIEW,0.38,Product could not be classified,Classpath,no taxonomy leaf matched; generic template applied,
875,XLT05Z,"XLT05Z Makita 1/2"" 18V Angle Impact",NEEDS_REVIEW,0.38,Attribute coverage below threshold,__attributes__,0% of the 5 template slots populated,
875,XLT05Z,"XLT05Z Makita 1/2"" 18V Angle Impact",NEEDS_REVIEW,0.38,Validation error,Classpath,'Classpath' is required for a publishable record,
875,XLT05Z,"XLT05Z Makita 1/2"" 18V Angle Impact",NEEDS_REVIEW,0.38,Product confidence below publication threshold,,0.38 < 0.62,
881,DCM200B,DCM200B Dewalt 1/2in x 18in - Band File,NEEDS_REVIEW,0.75,Attribute coverage below threshold,__attributes__,17% of the 6 template slots populated,
883,DCG460B,"DCG460B Dewalt 60V Grinder - 7-9""",NEEDS_REVIEW,0.43,Classification could not be settled automatically,Classpath,"ambiguous or unmatched; no model available, so the record is flagged for human review rather than guessed",
883,DCG460B,"DCG460B Dewalt 60V Grinder - 7-9""",NEEDS_REVIEW,0.43,Product could not be classified,Classpath,no taxonomy leaf matched; generic template applied,
883,DCG460B,"DCG460B Dewalt 60V Grinder - 7-9""",NEEDS_REVIEW,0.43,Attribute coverage below threshold,__attributes__,0% of the 5 template slots populated,
883,DCG460B,"DCG460B Dewalt 60V Grinder - 7-9""",NEEDS_REVIEW,0.43,Validation error,Classpath,'Classpath' is required for a publishable record,
883,DCG460B,"DCG460B Dewalt 60V Grinder - 7-9""",NEEDS_REVIEW,0.43,Product confidence below publication threshold,,0.43 < 0.62,
888,924422,924422 Mafell Carpentry - Planing Machine ZH 320 Ec 120V,NEEDS_REVIEW,0.17,Classification could not be settled automatically,Classpath,"ambiguous or unmatched; no model available, so the record is flagged for human review rather than guessed",
888,924422,924422 Mafell Carpentry - Planing Machine ZH 320 Ec 120V,NEEDS_REVIEW,0.17,Manufacturer unresolved,MANUFACTURER_NAME,no brand owner and no direct-manufacturer supplier,
888,924422,924422 Mafell Carpentry - Planing Machine ZH 320 Ec 120V,NEEDS_REVIEW,0.17,Product could not be classified,Classpath,no taxonomy leaf matched; generic template applied,
888,924422,924422 Mafell Carpentry - Planing Machine ZH 320 Ec 120V,NEEDS_REVIEW,0.17,Attribute coverage below threshold,__attributes__,0% of the 5 template slots populated,
888,924422,924422 Mafell Carpentry - Planing Machine ZH 320 Ec 120V,NEEDS_REVIEW,0.17,Validation error,Classpath,'Classpath' is required for a publishable record,
888,924422,924422 Mafell Carpentry - Planing Machine ZH 320 Ec 120V,NEEDS_REVIEW,0.17,Product confidence below publication threshold,,0.17 < 0.62,
891,2837-20,"2837-20 Milw M18 5"" Sander - Orbital (Bare)",NEEDS_REVIEW,0.43,Classification could not be settled automatically,Classpath,"ambiguous or unmatched; no model available, so the record is flagged for human review rather than guessed",
891,2837-20,"2837-20 Milw M18 5"" Sander - Orbital (Bare)",NEEDS_REVIEW,0.43,Product could not be classified,Classpath,no taxonomy leaf matched; generic template applied,
891,2837-20,"2837-20 Milw M18 5"" Sander - Orbital (Bare)",NEEDS_REVIEW,0.43,Attribute coverage below threshold,__attributes__,0% of the 5 template slots populated,
891,2837-20,"2837-20 Milw M18 5"" Sander - Orbital (Bare)",NEEDS_REVIEW,0.43,Validation error,Classpath,'Classpath' is required for a publishable record,
891,2837-20,"2837-20 Milw M18 5"" Sander - Orbital (Bare)",NEEDS_REVIEW,0.43,Product confidence below publication threshold,,0.43 < 0.62,
892,577728,577728 Festool Cordless Sander - ETSC 2 150 I-Plus,NEEDS_REVIEW,0.38,Classification could not be settled automatically,Classpath,"ambiguous or unmatched; no model available, so the record is flagged for human review rather than guessed",
892,577728,577728 Festool Cordless Sander - ETSC 2 150 I-Plus,NEEDS_REVIEW,0.38,Product could not be classified,Classpath,no taxonomy leaf matched; generic template applied,
892,577728,577728 Festool Cordless Sander - ETSC 2 150 I-Plus,NEEDS_REVIEW,0.38,Attribute coverage below threshold,__attributes__,0% of the 5 template slots populated,
892,577728,577728 Festool Cordless Sander - ETSC 2 150 I-Plus,NEEDS_REVIEW,0.38,Validation error,Classpath,'Classpath' is required for a publishable record,
892,577728,577728 Festool Cordless Sander - ETSC 2 150 I-Plus,NEEDS_REVIEW,0.38,Product confidence below publication threshold,,0.38 < 0.62,
893,577738,577738 Festool Cordless Sander - ETSC 2 125 I-Plus,NEEDS_REVIEW,0.38,Classification could not be settled automatically,Classpath,"ambiguous or unmatched; no model available, so the record is flagged for human review rather than guessed",
893,577738,577738 Festool Cordless Sander - ETSC 2 125 I-Plus,NEEDS_REVIEW,0.38,Product could not be classified,Classpath,no taxonomy leaf matched; generic template applied,
893,577738,577738 Festool Cordless Sander - ETSC 2 125 I-Plus,NEEDS_REVIEW,0.38,Attribute coverage below threshold,__attributes__,0% of the 5 template slots populated,
893,577738,577738 Festool Cordless Sander - ETSC 2 125 I-Plus,NEEDS_REVIEW,0.38,Validation error,Classpath,'Classpath' is required for a publishable record,
893,577738,577738 Festool Cordless Sander - ETSC 2 125 I-Plus,NEEDS_REVIEW,0.38,Product confidence below publication threshold,,0.38 < 0.62,
895,24-35M-320,"24-35M-320 Iridium Grip - 3.2"" x 5.2"" Grip",NEEDS_REVIEW,0.38,Classification could not be settled automatically,Classpath,"ambiguous or unmatched; no model available, so the record is flagged for human review rather than guessed",
895,24-35M-320,"24-35M-320 Iridium Grip - 3.2"" x 5.2"" Grip",NEEDS_REVIEW,0.38,Product could not be classified,Classpath,no taxonomy leaf matched; generic template applied,
895,24-35M-320,"24-35M-320 Iridium Grip - 3.2"" x 5.2"" Grip",NEEDS_REVIEW,0.38,Attribute coverage below threshold,__attributes__,0% of the 5 template slots populated,
895,24-35M-320,"24-35M-320 Iridium Grip - 3.2"" x 5.2"" Grip",NEEDS_REVIEW,0.38,Validation error,Classpath,'Classpath' is required for a publishable record,
895,24-35M-320,"24-35M-320 Iridium Grip - 3.2"" x 5.2"" Grip",NEEDS_REVIEW,0.38,Product confidence below publication threshold,,0.38 < 0.62,
896,9A-129-120,9A-129-120 Abranet 3x4 - 50 Sheets/Box,NEEDS_REVIEW,0.73,Attribute coverage below threshold,__attributes__,20% of the 5 template slots populated,
897,578800,578800 Festool 80x133 M GR PRO/10,NEEDS_REVIEW,0.56,Attribute coverage below threshold,__attributes__,0% of the 5 template slots populated,
897,578800,578800 Festool 80x133 M GR PRO/10,NEEDS_REVIEW,0.56,Product confidence below publication threshold,,0.56 < 0.62,
898,578801,578801 Festool 80x133 F GR PRO/10,NEEDS_REVIEW,0.56,Attribute coverage below threshold,__attributes__,0% of the 5 template slots populated,
898,578801,578801 Festool 80x133 F GR PRO/10,NEEDS_REVIEW,0.56,Product confidence below publication threshold,,0.56 < 0.62,
899,578802,578802 Festool 80x133 S GR PRO/10,NEEDS_REVIEW,0.56,Attribute coverage below threshold,__attributes__,0% of the 5 template slots populated,
899,578802,578802 Festool 80x133 S GR PRO/10,NEEDS_REVIEW,0.56,Product confidence below publication threshold,,0.56 < 0.62,
900,578808,578808 Festool 3x4 M GR PRO/10,NEEDS_REVIEW,0.56,Attribute coverage below threshold,__attributes__,0% of the 5 template slots populated,
900,578808,578808 Festool 3x4 M GR PRO/10,NEEDS_REVIEW,0.56,Product confidence below publication threshold,,0.56 < 0.62,
901,578809,578809 Festool 3x4 F GR PRO/10,NEEDS_REVIEW,0.56,Attribute coverage below threshold,__attributes__,0% of the 5 template slots populated,
901,578809,578809 Festool 3x4 F GR PRO/10,NEEDS_REVIEW,0.56,Product confidence below publication threshold,,0.56 < 0.62,
902,578810,578810 Festool 3x4 S GR PRO/10,NEEDS_REVIEW,0.56,Attribute coverage below threshold,__attributes__,0% of the 5 template slots populated,
902,578810,578810 Festool 3x4 S GR PRO/10,NEEDS_REVIEW,0.56,Product confidence below publication threshold,,0.56 < 0.62,
903,578811,578811 Festool 3x4 GR PRO/10-Set,NEEDS_REVIEW,0.56,Attribute coverage below threshold,__attributes__,0% of the 5 template slots populated,
903,578811,578811 Festool 3x4 GR PRO/10-Set,NEEDS_REVIEW,0.56,Product confidence below publication threshold,,0.56 < 0.62,
904,578192,578192 Festool D 150 GR SYS - Systainer Abrasive Set,NEEDS_REVIEW,0.59,Attribute coverage below threshold,__attributes__,0% of the 5 template slots populated,
904,578192,578192 Festool D 150 GR SYS - Systainer Abrasive Set,NEEDS_REVIEW,0.59,Product confidence below publication threshold,,0.59 < 0.62,
905,578806,578806 Festool Delta S GR PRO/10,NEEDS_REVIEW,0.56,Attribute coverage below threshold,__attributes__,0% of the 5 template slots populated,
905,578806,578806 Festool Delta S GR PRO/10,NEEDS_REVIEW,0.56,Product confidence below publication threshold,,0.56 < 0.62,
908,48-41-0740,48-41-0740 Milw7-1/4 24TFrming - Blade,NEEDS_REVIEW,0.39,Brand unresolved,BRAND_NAME,"no brand evidence in feed columns, description or supplier",
908,48-41-0740,48-41-0740 Milw7-1/4 24TFrming - Blade,NEEDS_REVIEW,0.39,Classification confidence below threshold,Classpath,0.55 < 0.6,Tools & Hardware>Power Tool Accessories>Saw Blades
908,48-41-0740,48-41-0740 Milw7-1/4 24TFrming - Blade,NEEDS_REVIEW,0.39,Attribute coverage below threshold,__attributes__,0% of the 6 template slots populated,
908,48-41-0740,48-41-0740 Milw7-1/4 24TFrming - Blade,NEEDS_REVIEW,0.39,Product confidence below publication threshold,,0.39 < 0.62,
911,230.312.08,230.312.08 CMT Locked Dado Pro Set,NEEDS_REVIEW,0.75,Attribute coverage below threshold,__attributes__,17% of the 6 template slots populated,
912,D0708LF,"D0708LF Saw Blade 7-1/4""x8 - Laminate & Wood Flooring",NEEDS_REVIEW,0.70,Brand unresolved,BRAND_NAME,"no brand evidence in feed columns, description or supplier",
913,D1012LF,"D1012LF Saw Blade 10""x12Teeth - Laminate & Wood Flooring",NEEDS_REVIEW,0.72,Brand unresolved,BRAND_NAME,"no brand evidence in feed columns, description or supplier",
914,D1216LF,"D1216LF Saw Blade 12""x16Teeth - Laminate & Wood Flooring",NEEDS_REVIEW,0.72,Brand unresolved,BRAND_NAME,"no brand evidence in feed columns, description or supplier",
922,49-22-4702,49-22-4702 Milw 13pc Quik-Lock Hole Dozer Kit,NEEDS_REVIEW,0.76,Attribute coverage below threshold,__attributes__,17% of the 6 template slots populated,
924,790.82,790.820 CMT Planer Blade 2pc,NEEDS_REVIEW,0.78,Attribute coverage below threshold,__attributes__,17% of the 6 template slots populated,
925,794.321,794.321 HS Planer Knives 3pc,NEEDS_REVIEW,0.63,Brand unresolved,BRAND_NAME,"no brand evidence in feed columns, description or supplier",
925,794.321,794.321 HS Planer Knives 3pc,NEEDS_REVIEW,0.63,Attribute coverage below threshold,__attributes__,17% of the 6 template slots populated,
926,49-22-5641,49-22-5641 Milw Packout 15pc - Sawzall Blade Kit,NEEDS_REVIEW,0.78,Attribute coverage below threshold,__attributes__,17% of the 6 template slots populated,
931,JT1-549,"JT1-549 JWBS18SFX 18"" Bandsaw - 1.75HP 1PH 115V",NEEDS_REVIEW,0.67,Brand unresolved,BRAND_NAME,"no brand evidence in feed columns, description or supplier",
932,JT1-1371,"JWBS14-SFX-BLK Jet 14"" Bandsaw - JT1-1371",NEEDS_REVIEW,0.63,Brand unresolved,BRAND_NAME,"no brand evidence in feed columns, description or supplier",
944,DW7029,DW7029 Dewalt Miter Saw - Stand Support/Stop,NEEDS_REVIEW,0.39,Classification could not be settled automatically,Classpath,"ambiguous or unmatched; no model available, so the record is flagged for human review rather than guessed",
944,DW7029,DW7029 Dewalt Miter Saw - Stand Support/Stop,NEEDS_REVIEW,0.39,Product could not be classified,Classpath,no taxonomy leaf matched; generic template applied,
944,DW7029,DW7029 Dewalt Miter Saw - Stand Support/Stop,NEEDS_REVIEW,0.39,Attribute coverage below threshold,__attributes__,0% of the 5 template slots populated,
944,DW7029,DW7029 Dewalt Miter Saw - Stand Support/Stop,NEEDS_REVIEW,0.39,Validation error,Classpath,'Classpath' is required for a publishable record,
944,DW7029,DW7029 Dewalt Miter Saw - Stand Support/Stop,NEEDS_REVIEW,0.39,Product confidence below publication threshold,,0.39 < 0.62,
948,TS1017,TS1017 Table Saw Zero-Clearance Insert,NEEDS_REVIEW,0.64,Brand unresolved,BRAND_NAME,"no brand evidence in feed columns, description or supplier",
948,TS1017,TS1017 Table Saw Zero-Clearance Insert,NEEDS_REVIEW,0.64,Attribute coverage below threshold,__attributes__,17% of the 6 template slots populated,
949,XT524,"XT524 24"" XT XTENDER Fence",NEEDS_REVIEW,0.38,Classification could not be settled automatically,Classpath,"ambiguous or unmatched; no model available, so the record is flagged for human review rather than guessed",
949,XT524,"XT524 24"" XT XTENDER Fence",NEEDS_REVIEW,0.38,Product could not be classified,Classpath,no taxonomy leaf matched; generic template applied,
949,XT524,"XT524 24"" XT XTENDER Fence",NEEDS_REVIEW,0.38,Attribute coverage below threshold,__attributes__,0% of the 5 template slots populated,
949,XT524,"XT524 24"" XT XTENDER Fence",NEEDS_REVIEW,0.38,Validation error,Classpath,'Classpath' is required for a publishable record,
949,XT524,"XT524 24"" XT XTENDER Fence",NEEDS_REVIEW,0.38,Product confidence below publication threshold,,0.38 < 0.62,
950,XT536,"XT536 36"" XT XTENDER Fence",NEEDS_REVIEW,0.38,Classification could not be settled automatically,Classpath,"ambiguous or unmatched; no model available, so the record is flagged for human review rather than guessed",
950,XT536,"XT536 36"" XT XTENDER Fence",NEEDS_REVIEW,0.38,Product could not be classified,Classpath,no taxonomy leaf matched; generic template applied,
950,XT536,"XT536 36"" XT XTENDER Fence",NEEDS_REVIEW,0.38,Attribute coverage below threshold,__attributes__,0% of the 5 template slots populated,
950,XT536,"XT536 36"" XT XTENDER Fence",NEEDS_REVIEW,0.38,Validation error,Classpath,'Classpath' is required for a publishable record,
950,XT536,"XT536 36"" XT XTENDER Fence",NEEDS_REVIEW,0.38,Product confidence below publication threshold,,0.38 < 0.62,
951,XT546,"XT546 46"" XT XTENDER Fence",NEEDS_REVIEW,0.38,Classification could not be settled automatically,Classpath,"ambiguous or unmatched; no model available, so the record is flagged for human review rather than guessed",
951,XT546,"XT546 46"" XT XTENDER Fence",NEEDS_REVIEW,0.38,Product could not be classified,Classpath,no taxonomy leaf matched; generic template applied,
951,XT546,"XT546 46"" XT XTENDER Fence",NEEDS_REVIEW,0.38,Attribute coverage below threshold,__attributes__,0% of the 5 template slots populated,
951,XT546,"XT546 46"" XT XTENDER Fence",NEEDS_REVIEW,0.38,Validation error,Classpath,'Classpath' is required for a publishable record,
951,XT546,"XT546 46"" XT XTENDER Fence",NEEDS_REVIEW,0.38,Product confidence below publication threshold,,0.38 < 0.62,
952,XTP235,"35"" XTP XTENDER PRO Fence - XTP235",NEEDS_REVIEW,0.38,Classification could not be settled automatically,Classpath,"ambiguous or unmatched; no model available, so the record is flagged for human review rather than guessed",
952,XTP235,"35"" XTP XTENDER PRO Fence - XTP235",NEEDS_REVIEW,0.38,Product could not be classified,Classpath,no taxonomy leaf matched; generic template applied,
952,XTP235,"35"" XTP XTENDER PRO Fence - XTP235",NEEDS_REVIEW,0.38,Attribute coverage below threshold,__attributes__,0% of the 5 template slots populated,
952,XTP235,"35"" XTP XTENDER PRO Fence - XTP235",NEEDS_REVIEW,0.38,Validation error,Classpath,'Classpath' is required for a publishable record,
952,XTP235,"35"" XTP XTENDER PRO Fence - XTP235",NEEDS_REVIEW,0.38,Product confidence below publication threshold,,0.38 < 0.62,
953,TGP2-FA,TGP2-FA T-Glide Fence Professional,NEEDS_REVIEW,0.38,Classification could not be settled automatically,Classpath,"ambiguous or unmatched; no model available, so the record is flagged for human review rather than guessed",
953,TGP2-FA,TGP2-FA T-Glide Fence Professional,NEEDS_REVIEW,0.38,Product could not be classified,Classpath,no taxonomy leaf matched; generic template applied,
953,TGP2-FA,TGP2-FA T-Glide Fence Professional,NEEDS_REVIEW,0.38,Attribute coverage below threshold,__attributes__,0% of the 5 template slots populated,
953,TGP2-FA,TGP2-FA T-Glide Fence Professional,NEEDS_REVIEW,0.38,Validation error,Classpath,'Classpath' is required for a publishable record,
953,TGP2-FA,TGP2-FA T-Glide Fence Professional,NEEDS_REVIEW,0.38,Product confidence below publication threshold,,0.38 < 0.62,
954,ATGI-FA,ATGI-FA T-Glide Advanced Fence Industrial,NEEDS_REVIEW,0.38,Classification could not be settled automatically,Classpath,"ambiguous or unmatched; no model available, so the record is flagged for human review rather than guessed",
954,ATGI-FA,ATGI-FA T-Glide Advanced Fence Industrial,NEEDS_REVIEW,0.38,Product could not be classified,Classpath,no taxonomy leaf matched; generic template applied,
954,ATGI-FA,ATGI-FA T-Glide Advanced Fence Industrial,NEEDS_REVIEW,0.38,Attribute coverage below threshold,__attributes__,0% of the 5 template slots populated,
954,ATGI-FA,ATGI-FA T-Glide Advanced Fence Industrial,NEEDS_REVIEW,0.38,Validation error,Classpath,'Classpath' is required for a publishable record,
954,ATGI-FA,ATGI-FA T-Glide Advanced Fence Industrial,NEEDS_REVIEW,0.38,Product confidence below publication threshold,,0.38 < 0.62,
955,ATGP-FA,ATGP-FA T-Glide Advance Fence Professional,NEEDS_REVIEW,0.38,Classification could not be settled automatically,Classpath,"ambiguous or unmatched; no model available, so the record is flagged for human review rather than guessed",
955,ATGP-FA,ATGP-FA T-Glide Advance Fence Professional,NEEDS_REVIEW,0.38,Product could not be classified,Classpath,no taxonomy leaf matched; generic template applied,
955,ATGP-FA,ATGP-FA T-Glide Advance Fence Professional,NEEDS_REVIEW,0.38,Attribute coverage below threshold,__attributes__,0% of the 5 template slots populated,
955,ATGP-FA,ATGP-FA T-Glide Advance Fence Professional,NEEDS_REVIEW,0.38,Validation error,Classpath,'Classpath' is required for a publishable record,
955,ATGP-FA,ATGP-FA T-Glide Advance Fence Professional,NEEDS_REVIEW,0.38,Product confidence below publication threshold,,0.38 < 0.62,
956,TGI2-FA,TGI2-FA T-Glide Fence Indudtrial,NEEDS_REVIEW,0.38,Classification could not be settled automatically,Classpath,"ambiguous or unmatched; no model available, so the record is flagged for human review rather than guessed",
956,TGI2-FA,TGI2-FA T-Glide Fence Indudtrial,NEEDS_REVIEW,0.38,Product could not be classified,Classpath,no taxonomy leaf matched; generic template applied,
956,TGI2-FA,TGI2-FA T-Glide Fence Indudtrial,NEEDS_REVIEW,0.38,Attribute coverage below threshold,__attributes__,0% of the 5 template slots populated,
956,TGI2-FA,TGI2-FA T-Glide Fence Indudtrial,NEEDS_REVIEW,0.38,Validation error,Classpath,'Classpath' is required for a publishable record,
956,TGI2-FA,TGI2-FA T-Glide Fence Indudtrial,NEEDS_REVIEW,0.38,Product confidence below publication threshold,,0.38 < 0.62,
957,TGI2-T36A,"TGI2-T36A 36"" Table Assembly Industrial",NEEDS_REVIEW,0.26,Classification could not be settled automatically,Classpath,"ambiguous or unmatched; no model available, so the record is flagged for human review rather than guessed",
957,TGI2-T36A,"TGI2-T36A 36"" Table Assembly Industrial",NEEDS_REVIEW,0.26,Brand unresolved,BRAND_NAME,"no brand evidence in feed columns, description or supplier",
957,TGI2-T36A,"TGI2-T36A 36"" Table Assembly Industrial",NEEDS_REVIEW,0.26,Product could not be classified,Classpath,no taxonomy leaf matched; generic template applied,
957,TGI2-T36A,"TGI2-T36A 36"" Table Assembly Industrial",NEEDS_REVIEW,0.26,Attribute coverage below threshold,__attributes__,0% of the 5 template slots populated,
957,TGI2-T36A,"TGI2-T36A 36"" Table Assembly Industrial",NEEDS_REVIEW,0.26,Validation error,Classpath,'Classpath' is required for a publishable record,
957,TGI2-T36A,"TGI2-T36A 36"" Table Assembly Industrial",NEEDS_REVIEW,0.26,Product confidence below publication threshold,,0.26 < 0.62,
959,DCB606C,DCB606C Dewalt Flexvolt Starter Kit,NEEDS_REVIEW,0.76,Attribute coverage below threshold,__attributes__,20% of the 5 template slots populated,
960,BL1850BDC1,BL1850BDC1 Makita Starter Kit,NEEDS_REVIEW,0.75,Attribute coverage below threshold,__attributes__,20% of the 5 template slots populated,
968,BL1850BDC2X1,BL1850BDC2X1 Makita Starter Kit,NEEDS_REVIEW,0.75,Attribute coverage below threshold,__attributes__,20% of the 5 template slots populated,
969,48-11-2422,48-11-2422 Milw M12 CP2.0 Battery Two Pack,NEEDS_REVIEW,0.80,Attribute coverage below threshold,__attributes__,20% of the 5 template slots populated,
971,48-59-1804,48-59-1804 Milw M18 and M12 Rapid Charger,NEEDS_REVIEW,0.76,Attribute coverage below threshold,__attributes__,20% of the 5 template slots populated,
973,48-59-1211,48-59-1211 Milw Power Supply - Charger,NEEDS_REVIEW,0.84,Attribute coverage below threshold,__attributes__,20% of the 5 template slots populated,
974,2847-20,2847-20 Milw M18 Charger and Power Supply,NEEDS_REVIEW,0.80,Attribute coverage below threshold,__attributes__,20% of the 5 template slots populated,
975,DWV9401,DWV9401 Dewalt Paper Bag - 5pk,NEEDS_REVIEW,0.39,Classification could not be settled automatically,Classpath,"ambiguous or unmatched; no model available, so the record is flagged for human review rather than guessed",
975,DWV9401,DWV9401 Dewalt Paper Bag - 5pk,NEEDS_REVIEW,0.39,Product could not be classified,Classpath,no taxonomy leaf matched; generic template applied,
975,DWV9401,DWV9401 Dewalt Paper Bag - 5pk,NEEDS_REVIEW,0.39,Attribute coverage below threshold,__attributes__,0% of the 5 template slots populated,
975,DWV9401,DWV9401 Dewalt Paper Bag - 5pk,NEEDS_REVIEW,0.39,Validation error,Classpath,'Classpath' is required for a publishable record,
975,DWV9401,DWV9401 Dewalt Paper Bag - 5pk,NEEDS_REVIEW,0.39,Product confidence below publication threshold,,0.39 < 0.62,
976,578512,578512 Festool Dust Extractor-CT MIDI I HEPA,NEEDS_REVIEW,0.75,Attribute coverage below threshold,__attributes__,17% of the 6 template slots populated,
977,577871,577871 Festool Dust Extractor - CT 26,NEEDS_REVIEW,0.75,Attribute coverage below threshold,__attributes__,17% of the 6 template slots populated,
978,577874,577874 Festool Dust Extractor - CT 36,NEEDS_REVIEW,0.75,Attribute coverage below threshold,__attributes__,17% of the 6 template slots populated,
979,577876,577876 Festool Dust Extractor - CT 48,NEEDS_REVIEW,0.75,Attribute coverage below threshold,__attributes__,17% of the 6 template slots populated,
980,578441,578441 Festool Dust Extractor-CT 15 HEPA,NEEDS_REVIEW,0.75,Attribute coverage below threshold,__attributes__,17% of the 6 template slots populated,
982,DCK2101QQ2,Dewalt DCK2101QQ2 20V 2Pc Kit,NEEDS_REVIEW,0.39,Classification could not be settled automatically,Classpath,"ambiguous or unmatched; no model available, so the record is flagged for human review rather than guessed",
982,DCK2101QQ2,Dewalt DCK2101QQ2 20V 2Pc Kit,NEEDS_REVIEW,0.39,Product could not be classified,Classpath,no taxonomy leaf matched; generic template applied,
982,DCK2101QQ2,Dewalt DCK2101QQ2 20V 2Pc Kit,NEEDS_REVIEW,0.39,Attribute coverage below threshold,__attributes__,0% of the 5 template slots populated,
982,DCK2101QQ2,Dewalt DCK2101QQ2 20V 2Pc Kit,NEEDS_REVIEW,0.39,Validation error,Classpath,'Classpath' is required for a publishable record,
982,DCK2101QQ2,Dewalt DCK2101QQ2 20V 2Pc Kit,NEEDS_REVIEW,0.39,Product confidence below publication threshold,,0.39 < 0.62,
983,4000-2/32,4000-2/32 DREMEL ROTARY TOOL,NEEDS_REVIEW,0.43,Classification could not be settled automatically,Classpath,"ambiguous or unmatched; no model available, so the record is flagged for human review rather than guessed",
983,4000-2/32,4000-2/32 DREMEL ROTARY TOOL,NEEDS_REVIEW,0.43,Product could not be classified,Classpath,no taxonomy leaf matched; generic template applied,
983,4000-2/32,4000-2/32 DREMEL ROTARY TOOL,NEEDS_REVIEW,0.43,Attribute coverage below threshold,__attributes__,0% of the 5 template slots populated,
983,4000-2/32,4000-2/32 DREMEL ROTARY TOOL,NEEDS_REVIEW,0.43,Validation error,Classpath,'Classpath' is required for a publishable record,
983,4000-2/32,4000-2/32 DREMEL ROTARY TOOL,NEEDS_REVIEW,0.43,Product confidence below publication threshold,,0.43 < 0.62,
984,3100-1/15,3100-1/15 Dremel Rotary Tool - Kit 15pc,NEEDS_REVIEW,0.43,Classification could not be settled automatically,Classpath,"ambiguous or unmatched; no model available, so the record is flagged for human review rather than guessed",
984,3100-1/15,3100-1/15 Dremel Rotary Tool - Kit 15pc,NEEDS_REVIEW,0.43,Product could not be classified,Classpath,no taxonomy leaf matched; generic template applied,
984,3100-1/15,3100-1/15 Dremel Rotary Tool - Kit 15pc,NEEDS_REVIEW,0.43,Attribute coverage below threshold,__attributes__,0% of the 5 template slots populated,
984,3100-1/15,3100-1/15 Dremel Rotary Tool - Kit 15pc,NEEDS_REVIEW,0.43,Validation error,Classpath,'Classpath' is required for a publishable record,
984,3100-1/15,3100-1/15 Dremel Rotary Tool - Kit 15pc,NEEDS_REVIEW,0.43,Product confidence below publication threshold,,0.43 < 0.62,
985,T-90043,T-90043 Deep Medium Organizer,NEEDS_REVIEW,0.44,Brand unresolved,BRAND_NAME,"no brand evidence in feed columns, description or supplier",
985,T-90043,T-90043 Deep Medium Organizer,NEEDS_REVIEW,0.44,Attribute coverage below threshold,__attributes__,0% of the 6 template slots populated,
985,T-90043,T-90043 Deep Medium Organizer,NEEDS_REVIEW,0.44,Product confidence below publication threshold,,0.44 < 0.62,
986,T-90059,T-90059 Low Profile Medium - Organizer,NEEDS_REVIEW,0.44,Brand unresolved,BRAND_NAME,"no brand evidence in feed columns, description or supplier",
986,T-90059,T-90059 Low Profile Medium - Organizer,NEEDS_REVIEW,0.44,Attribute coverage below threshold,__attributes__,0% of the 6 template slots populated,
986,T-90059,T-90059 Low Profile Medium - Organizer,NEEDS_REVIEW,0.44,Product confidence below publication threshold,,0.44 < 0.62,
987,T-90065,T-90065 Deep Compact Organizer,NEEDS_REVIEW,0.44,Brand unresolved,BRAND_NAME,"no brand evidence in feed columns, description or supplier",
987,T-90065,T-90065 Deep Compact Organizer,NEEDS_REVIEW,0.44,Attribute coverage below threshold,__attributes__,0% of the 6 template slots populated,
987,T-90065,T-90065 Deep Compact Organizer,NEEDS_REVIEW,0.44,Product confidence below publication threshold,,0.44 < 0.62,
989,MAG:2044-230-1,2044-230-1 Stock Feeder 4-Roll - Steff,NEEDS_REVIEW,0.64,Brand unresolved,BRAND_NAME,"no brand evidence in feed columns, description or supplier",
989,MAG:2044-230-1,2044-230-1 Stock Feeder 4-Roll - Steff,NEEDS_REVIEW,0.64,Attribute coverage below threshold,__attributes__,17% of the 6 template slots populated,
990,XTP242,"42"" XTP XTENDER PRO Fence - XTP242",NEEDS_REVIEW,0.38,Classification could not be settled automatically,Classpath,"ambiguous or unmatched; no model available, so the record is flagged for human review rather than guessed",
990,XTP242,"42"" XTP XTENDER PRO Fence - XTP242",NEEDS_REVIEW,0.38,Product could not be classified,Classpath,no taxonomy leaf matched; generic template applied,
990,XTP242,"42"" XTP XTENDER PRO Fence - XTP242",NEEDS_REVIEW,0.38,Attribute coverage below threshold,__attributes__,0% of the 5 template slots populated,
990,XTP242,"42"" XTP XTENDER PRO Fence - XTP242",NEEDS_REVIEW,0.38,Validation error,Classpath,'Classpath' is required for a publishable record,
990,XTP242,"42"" XTP XTENDER PRO Fence - XTP242",NEEDS_REVIEW,0.38,Product confidence below publication threshold,,0.38 < 0.62,
991,AAS-P,AAS-P Align-A-Saw Plate Only,NEEDS_REVIEW,0.26,Classification could not be settled automatically,Classpath,"ambiguous or unmatched; no model available, so the record is flagged for human review rather than guessed",
991,AAS-P,AAS-P Align-A-Saw Plate Only,NEEDS_REVIEW,0.26,Brand unresolved,BRAND_NAME,"no brand evidence in feed columns, description or supplier",
991,AAS-P,AAS-P Align-A-Saw Plate Only,NEEDS_REVIEW,0.26,Product could not be classified,Classpath,no taxonomy leaf matched; generic template applied,
991,AAS-P,AAS-P Align-A-Saw Plate Only,NEEDS_REVIEW,0.26,Attribute coverage below threshold,__attributes__,0% of the 5 template slots populated,
991,AAS-P,AAS-P Align-A-Saw Plate Only,NEEDS_REVIEW,0.26,Validation error,Classpath,'Classpath' is required for a publishable record,
991,AAS-P,AAS-P Align-A-Saw Plate Only,NEEDS_REVIEW,0.26,Product confidence below publication threshold,,0.26 < 0.62,
992,SSCMS,SSCMS Stealthstop Miter Sled,NEEDS_REVIEW,0.26,Classification could not be settled automatically,Classpath,"ambiguous or unmatched; no model available, so the record is flagged for human review rather than guessed",
992,SSCMS,SSCMS Stealthstop Miter Sled,NEEDS_REVIEW,0.26,Brand unresolved,BRAND_NAME,"no brand evidence in feed columns, description or supplier",
992,SSCMS,SSCMS Stealthstop Miter Sled,NEEDS_REVIEW,0.26,Product could not be classified,Classpath,no taxonomy leaf matched; generic template applied,
992,SSCMS,SSCMS Stealthstop Miter Sled,NEEDS_REVIEW,0.26,Attribute coverage below threshold,__attributes__,0% of the 5 template slots populated,
992,SSCMS,SSCMS Stealthstop Miter Sled,NEEDS_REVIEW,0.26,Validation error,Classpath,'Classpath' is required for a publishable record,
992,SSCMS,SSCMS Stealthstop Miter Sled,NEEDS_REVIEW,0.26,Product confidence below publication threshold,,0.26 < 0.62,
994,KC-426C,"KC-426C 12"" Portable Planer",NEEDS_REVIEW,0.63,Brand unresolved,BRAND_NAME,"no brand evidence in feed columns, description or supplier",
999,T27417,T27417 Grizzly OscillatingEdge - Belt and Spindle Sander,NEEDS_REVIEW,0.78,Attribute coverage below threshold,__attributes__,17% of the 6 template slots populated,
